[{"x": "0", "y": 80}, {"x": "1", "y": 31}, {"x": "2", "y": 54}, {"x": "3", "y": 69}, {"x": "4", "y": 51}, {"x": "5", "y": 55}, {"x": "6", "y": 131}, {"x": "7", "y": 158}, {"x": "8", "y": 127}, {"x": "9", "y": 133}, {"x": "10", "y": 99}, {"x": "11", "y": 82}, {"x": "12", "y": 90}, {"x": "13", "y": 120}, {"x": "14", "y": 134}, {"x": "15", "y": 156}, {"x": "16", "y": 162}, {"x": "17", "y": 183}, {"x": "18", "y": 179}, {"x": "19", "y": 134}, {"x": "20", "y": 95}, {"x": "21", "y": 70}, {"x": "22", "y": 69}, {"x": "23", "y": 52}]