ID,Severity,Start_Time,End_Time,Start_Lat,Start_Lng,Distance(mi),City,County,State,Zipcode,Timezone,Airport_Code,Weather_Timestamp,Temperature(F),Wind_Chill(F),Humidity(%),Pressure(in),Visibility(mi),Wind_Direction,Wind_Speed(mph),Precipitation(in),Weather_Condition,Amenity,Bump,Crossing,Give_Way,Junction,No_Exit,Railway,Roundabout,Station,Stop,Traffic_Calming,Traffic_Signal,Turning_Loop,Sunrise_Sunset,DF_Matching
A-87610,4,2016-07-21 03:42:32,2016-07-21 09:42:32,30.73608,-84.11355999999998,0.789,Thomasville,Grady,GA,31792,US/Eastern,KTVI,2016-07-21 03:35:00,78.8,,100.0,30.1,10.0,Calm,,,,False,False,False,False,False,False,False,False,False,False,False,False,False,Night,30.7_-84.1
A-2546549,4,2019-01-29 10:15:45,2019-01-29 10:45:25,30.730291,-84.118362,2.963,Thomasville,Grady,GA,31792,US/Eastern,KTVI,2019-01-29 10:15:00,50.0,,82.0,30.02,10.0,SW,6.9,,Overcast,False,False,False,False,False,False,False,False,False,False,False,False,False,Day,30.7_-84.1
A-2740507,3,2017-10-12 23:48:22,2017-10-13 05:48:22,30.718694,-84.12999599999998,0.807,Thomasville,Grady,GA,31792,US/Eastern,KTVI,2017-10-12 23:55:00,77.0,,83.0,30.07,10.0,Calm,,,Clear,False,False,False,False,False,False,False,False,False,False,False,False,False,Night,30.7_-84.1
A-2740508,3,2017-10-12 23:48:22,2017-10-13 05:48:22,30.711084000000003,-84.140101,0.804,Thomasville,Grady,GA,31792,US/Eastern,KTVI,2017-10-12 23:55:00,77.0,,83.0,30.07,10.0,Calm,,,Clear,False,False,False,False,False,False,False,False,False,False,False,False,False,Night,30.7_-84.1
A-2837739,4,2019-08-07 13:50:42,2019-08-07 18:21:30,30.71377,-84.135965,0.4639999999999999,Thomasville,Grady,GA,31792-1416,US/Eastern,KTVI,2019-08-07 13:55:00,81.0,81.0,48.0,29.67,10.0,N,8.0,0.0,Partly Cloudy,False,False,False,False,False,False,False,False,False,False,False,False,False,Day,30.7_-84.1
A-2837740,4,2019-08-07 13:50:42,2019-08-07 18:21:30,30.71837,-84.13031,0.472,Thomasville,Grady,GA,31792,US/Eastern,KTVI,2019-08-07 13:55:00,81.0,81.0,48.0,29.67,10.0,N,8.0,0.0,Partly Cloudy,False,False,False,False,False,False,False,False,False,False,False,False,False,Day,30.7_-84.1
