ID,Severity,Start_Time,End_Time,Start_Lat,Start_Lng,Distance(mi),City,County,State,Zipcode,Timezone,Airport_Code,Weather_Timestamp,Temperature(F),Wind_Chill(F),Humidity(%),Pressure(in),Visibility(mi),Wind_Direction,Wind_Speed(mph),Precipitation(in),Weather_Condition,Amenity,Bump,Crossing,Give_Way,Junction,No_Exit,Railway,Roundabout,Station,Stop,Traffic_Calming,Traffic_Signal,Turning_Loop,Sunrise_Sunset,DF_Matching
A-174716,4,2017-04-10 20:28:55,2017-04-11 02:28:55,32.98312,-84.60271999999998,0.0,Woodbury,Meriwether,GA,30293-2606,US/Eastern,KOPN,2017-04-10 20:35:00,68.0,,40.0,30.21,10.0,SSE,4.6,,Clear,False,False,False,False,False,False,False,False,False,False,False,False,False,Night,32.9_-84.6
A-974326,2,2021-12-28 04:12:00.000000000,2021-12-28 07:00:00.000000000,32.992967,-84.626847,0.217,Woodbury,Meriwether,GA,30293,US/Eastern,KOPN,2021-12-28 04:15:00,64.0,64.0,94.0,29.12,10.0,SW,6.0,0.0,Cloudy,False,False,False,False,False,False,False,False,False,False,False,False,False,Night,32.9_-84.6
A-1337714,2,2021-12-28 04:12:00,2021-12-28 07:45:00,32.992967,-84.626847,0.217,Woodbury,Meriwether,GA,30293,US/Eastern,KOPN,2021-12-28 04:15:00,64.0,64.0,94.0,29.12,10.0,SW,6.0,0.0,Cloudy,False,False,False,False,False,False,False,False,False,False,False,False,False,Night,32.9_-84.6
A-1366151,2,2021-12-03 20:34:00,2021-12-04 00:15:00,32.992962,-84.626837,2.62,Woodbury,Meriwether,GA,30293,US/Eastern,KOPN,2021-12-03 20:35:00,55.0,55.0,72.0,29.25,10.0,CALM,0.0,0.0,Fair,False,False,False,False,False,False,False,False,False,False,False,False,False,Night,32.9_-84.6
A-2365705,4,2019-12-25 18:59:03,2019-12-25 19:28:23,32.98312,-84.6027,0.384,Woodbury,Meriwether,GA,30293-3201,US/Eastern,KOPN,2019-12-25 18:55:00,54.0,54.0,62.0,29.26,10.0,E,5.0,0.0,Fair,False,False,False,False,False,False,False,False,False,False,False,False,False,Night,32.9_-84.6
A-2745975,4,2017-10-27 10:17:44,2017-10-27 16:17:44,32.930049,-84.696632,1.017,Greenville,Meriwether,GA,30222-4457,US/Eastern,KCCO,2017-10-27 10:15:00,60.3,,64.0,30.09,10.0,Calm,,,Clear,False,False,False,False,False,False,False,False,False,False,False,False,False,Day,32.9_-84.6
A-2745976,4,2017-10-27 10:17:44,2017-10-27 16:17:44,32.915434999999995,-84.694583,1.017,Warm Springs,Meriwether,GA,31830,US/Eastern,KLGC,2017-10-27 10:15:00,60.3,,69.0,30.08,10.0,SSE,4.6,,Clear,False,False,False,False,False,False,False,False,False,False,False,False,False,Day,32.9_-84.6
A-2809677,4,2019-06-21 22:14:10,2019-06-21 22:44:00,32.99297,-84.62688,2.756,Woodbury,Meriwether,GA,30293,US/Eastern,KOPN,2019-06-21 22:15:00,79.0,79.0,78.0,29.19,10.0,CALM,0.0,0.0,Fair,False,False,False,False,False,False,False,False,False,False,False,False,False,Night,32.9_-84.6
