ID,Severity,Start_Time,End_Time,Start_Lat,Start_Lng,Distance(mi),City,County,State,Zipcode,Timezone,Airport_Code,Weather_Timestamp,Temperature(F),Wind_Chill(F),Humidity(%),Pressure(in),Visibility(mi),Wind_Direction,Wind_Speed(mph),Precipitation(in),Weather_Condition,Amenity,Bump,Crossing,Give_Way,Junction,No_Exit,Railway,Roundabout,Station,Stop,Traffic_Calming,Traffic_Signal,Turning_Loop,Sunrise_Sunset,DF_Matching
A-2203669,3,2020-03-17 09:06:18,2020-03-17 09:35:18,31.54357000000001,-82.49783000000002,0.0,Alma,Bacon,GA,31510-1822,US/Eastern,KAMG,2020-03-17 09:19:00,61.0,61.0,93.0,30.02,6.0,S,3.0,0.0,Cloudy,False,False,False,False,False,False,False,False,False,False,False,False,False,Day,31.5_-82.4
A-2628590,4,2018-06-30 01:57:11,2018-06-30 07:57:11,31.544891,-82.416198,0.209,Alma,Bacon,GA,31510-7011,US/Eastern,KAMG,,,,,,,,,,,False,False,False,False,False,False,False,False,False,False,False,False,False,Night,31.5_-82.4
A-2628591,4,2018-06-30 01:57:11,2018-06-30 07:57:11,31.544849,-82.41264699999998,0.209,Alma,Bacon,GA,31510-7011,US/Eastern,KAMG,,,,,,,,,,,False,False,False,False,False,False,False,False,False,False,False,False,False,Night,31.5_-82.4
A-2700944,4,2018-01-09 16:12:14,2018-01-09 22:12:14,31.565413,-82.466305,0.578,Alma,Bacon,GA,31510,US/Eastern,KAMG,2018-01-09 16:10:00,64.0,,90.0,30.13,8.0,Variable,4.6,,Overcast,False,False,False,False,False,False,False,False,False,False,False,False,False,Day,31.5_-82.4
A-2712878,4,2017-12-02 17:21:22,2017-12-02 23:21:22,31.549949,-82.463399,0.288,Alma,Bacon,GA,31510,US/Eastern,KAMG,2017-12-02 16:53:00,73.9,,50.0,30.09,10.0,WSW,4.6,,Mostly Cloudy,False,False,False,False,False,False,False,False,False,False,False,False,False,Day,31.5_-82.4
A-2712879,4,2017-12-02 17:21:22,2017-12-02 23:21:22,31.546098,-82.461522,0.288,Alma,Bacon,GA,31510-2450,US/Eastern,KAMG,2017-12-02 16:53:00,73.9,,50.0,30.09,10.0,WSW,4.6,,Mostly Cloudy,False,False,False,False,False,False,False,False,False,False,False,False,False,Day,31.5_-82.4
A-2713319,4,2017-12-04 22:26:37,2017-12-05 04:26:37,31.575071,-82.461733,0.155,Alma,Bacon,GA,31510-6603,US/Eastern,KAMG,2017-12-04 22:22:00,61.0,,93.0,30.25,4.0,East,4.6,,Overcast,False,False,False,False,False,False,False,False,False,False,False,False,False,Night,31.5_-82.4
A-2713320,4,2017-12-04 22:26:37,2017-12-05 04:26:37,31.577307,-82.46179000000002,0.155,Alma,Bacon,GA,31510-6602,US/Eastern,KAMG,2017-12-04 22:22:00,61.0,,93.0,30.25,4.0,East,4.6,,Overcast,False,False,False,False,False,False,False,False,False,False,False,False,False,Night,31.5_-82.4
