ID,Severity,Start_Time,End_Time,Start_Lat,Start_Lng,Distance(mi),City,County,State,Zipcode,Timezone,Airport_Code,Weather_Timestamp,Temperature(F),Wind_Chill(F),Humidity(%),Pressure(in),Visibility(mi),Wind_Direction,Wind_Speed(mph),Precipitation(in),Weather_Condition,Amenity,Bump,Crossing,Give_Way,Junction,No_Exit,Railway,Roundabout,Station,Stop,Traffic_Calming,Traffic_Signal,Turning_Loop,Sunrise_Sunset,DF_Matching
A-2518030,4,2019-02-07 10:56:58,2019-02-07 11:26:25,31.589931,-83.092632,0.191,Wray,Irwin,GA,31798-3506,US/Eastern,KFZG,2019-02-07 10:55:00,72.0,,61.0,30.21,10.0,South,6.9,,Clear,False,False,False,False,False,False,False,False,False,False,False,False,False,Day,31.5_-83.0
A-2518031,4,2019-02-07 10:56:58,2019-02-07 11:26:25,31.589049,-83.089551,0.191,Wray,Irwin,GA,31798-3506,US/Eastern,KFZG,2019-02-07 10:55:00,72.0,,61.0,30.21,10.0,South,6.9,,Clear,False,False,False,False,False,False,False,False,False,False,False,False,False,Day,31.5_-83.0
A-2568345,4,2018-10-31 15:18:29,2018-10-31 15:48:21,31.589931,-83.092632,0.191,Wray,Irwin,GA,31798-3506,US/Eastern,KFZG,2018-10-31 15:15:00,81.5,,42.0,30.13,10.0,WSW,3.5,,Clear,False,False,False,False,False,False,False,False,False,False,False,False,False,Day,31.5_-83.0
A-2568346,4,2018-10-31 15:18:29,2018-10-31 15:48:21,31.589049,-83.089551,0.191,Wray,Irwin,GA,31798-3506,US/Eastern,KFZG,2018-10-31 15:15:00,81.5,,42.0,30.13,10.0,WSW,3.5,,Clear,False,False,False,False,False,False,False,False,False,False,False,False,False,Day,31.5_-83.0
