ID,Severity,Start_Time,End_Time,Start_Lat,Start_Lng,Distance(mi),City,County,State,Zipcode,Timezone,Airport_Code,Weather_Timestamp,Temperature(F),Wind_Chill(F),Humidity(%),Pressure(in),Visibility(mi),Wind_Direction,Wind_Speed(mph),Precipitation(in),Weather_Condition,Amenity,Bump,Crossing,Give_Way,Junction,No_Exit,Railway,Roundabout,Station,Stop,Traffic_Calming,Traffic_Signal,Turning_Loop,Sunrise_Sunset,DF_Matching
A-235894,2,2021-08-18 21:47:00.000000000,2021-08-19 00:30:00.000000000,32.573265,-81.711438,0.12,Sylvania,Screven,GA,30467,US/Eastern,KJYL,2021-08-18 21:55:00,82.0,82.0,91.0,29.94,10.0,SSE,3.0,0.0,Partly Cloudy,False,False,False,False,False,False,False,False,False,False,False,False,False,Night,32.5_-81.7
A-280381,4,2021-08-18 21:47:00,2021-08-19 00:30:00,32.572756,-81.71169499999998,0.038,Sylvania,Screven,GA,30467,US/Eastern,KJYL,2021-08-18 21:55:00,82.0,82.0,91.0,29.94,10.0,SSE,3.0,0.0,Partly Cloudy,False,False,False,False,False,False,False,False,False,False,False,False,False,Night,32.5_-81.7
A-492134,2,2021-12-13 18:53:00,2021-12-13 20:08:00,32.590944,-81.70408,0.037,Sylvania,Screven,GA,30467-7745,US/Eastern,KJYL,2021-12-13 18:55:00,51.0,51.0,89.0,30.18,10.0,CALM,0.0,0.0,Fair,False,False,False,False,False,False,False,False,False,False,False,False,False,Night,32.5_-81.7
A-964936,2,2021-12-13 19:09:00,2021-12-13 19:33:30,32.573271000000005,-81.711426,1.295,Sylvania,Screven,GA,30467,US/Eastern,KJYL,2021-12-13 19:15:00,49.0,49.0,90.0,30.18,10.0,CALM,0.0,0.0,Fair,False,False,False,False,False,False,False,False,False,False,False,False,False,Night,32.5_-81.7
A-1169696,4,2021-08-18 21:47:00,2021-08-19 00:30:00,32.573265,-81.711438,0.12,Sylvania,Screven,GA,30467,US/Eastern,KJYL,2021-08-18 21:55:00,82.0,82.0,91.0,29.94,10.0,SSE,3.0,0.0,Partly Cloudy,False,False,False,False,False,False,False,False,False,False,False,False,False,Night,32.5_-81.7
