ID,Severity,Start_Time,End_Time,Start_Lat,Start_Lng,Distance(mi),City,County,State,Zipcode,Timezone,Airport_Code,Weather_Timestamp,Temperature(F),Wind_Chill(F),Humidity(%),Pressure(in),Visibility(mi),Wind_Direction,Wind_Speed(mph),Precipitation(in),Weather_Condition,Amenity,Bump,Crossing,Give_Way,Junction,No_Exit,Railway,Roundabout,Station,Stop,Traffic_Calming,Traffic_Signal,Turning_Loop,Sunrise_Sunset,DF_Matching
A-32248,2,2016-12-02 09:17:46,2016-12-02 15:17:46,32.99361,-84.50786,0.0559999999999999,Molena,Pike,GA,30258,US/Eastern,KOPN,2016-12-02 09:15:00,44.6,41.4,49.0,30.25,10.0,North,5.8,,Clear,False,False,False,False,False,False,False,False,False,False,False,False,False,Day,32.9_-84.5
A-507978,2,2021-12-01 11:09:00,2021-12-01 14:00:00,32.983738,-84.574115,0.037,Woodbury,Meriwether,GA,30293,US/Eastern,KOPN,2021-12-01 11:15:00,63.0,63.0,39.0,29.38,10.0,W,6.0,0.0,Fair,False,False,False,False,False,False,False,False,False,False,False,False,False,Day,32.9_-84.5
A-923686,2,2021-09-20 22:56:00,2021-09-21 00:11:00,32.944833,-84.581969,2.322,Woodbury,Meriwether,GA,30293,US/Eastern,KOPN,2021-09-20 22:55:00,73.0,73.0,94.0,29.22,10.0,ESE,3.0,0.0,Cloudy,False,False,False,False,False,False,False,False,False,False,False,False,False,Night,32.9_-84.5
A-2708478,4,2018-01-25 08:23:29,2018-01-25 14:23:29,32.910662,-84.599582,2.594,Woodbury,Meriwether,GA,30293,US/Eastern,KOPN,2018-01-25 08:15:00,32.0,27.5,69.0,30.49,10.0,North,4.6,,Clear,False,False,False,False,False,False,False,False,False,False,False,False,False,Day,32.9_-84.5
A-2708479,4,2018-01-25 08:23:29,2018-01-25 14:23:29,32.945071,-84.581687,2.594,Woodbury,Meriwether,GA,30293,US/Eastern,KOPN,2018-01-25 08:15:00,32.0,27.5,69.0,30.49,10.0,North,4.6,,Clear,False,False,False,False,False,False,False,False,False,False,False,False,False,Day,32.9_-84.5
A-2737034,4,2017-10-04 06:31:07,2017-10-04 12:31:07,32.990559000000005,-84.5732,0.466,Woodbury,Meriwether,GA,30293-2904,US/Eastern,KOPN,2017-10-04 06:35:00,59.0,,82.0,30.4,10.0,NE,5.8,,Clear,False,False,False,False,False,False,False,False,False,False,False,False,False,Night,32.9_-84.5
