ID,Severity,Start_Time,End_Time,Start_Lat,Start_Lng,Distance(mi),City,County,State,Zipcode,Timezone,Airport_Code,Weather_Timestamp,Temperature(F),Wind_Chill(F),Humidity(%),Pressure(in),Visibility(mi),Wind_Direction,Wind_Speed(mph),Precipitation(in),Weather_Condition,Amenity,Bump,Crossing,Give_Way,Junction,No_Exit,Railway,Roundabout,Station,Stop,Traffic_Calming,Traffic_Signal,Turning_Loop,Sunrise_Sunset,DF_Matching
A-1829436,2,2020-10-30 13:09:00.000000000,2020-10-30 20:45:00.000000000,33.772666,-83.31048100000002,0.175,Watkinsville,Oconee,GA,30677-3704,US/Eastern,KAHN,2020-10-30 12:51:00,66.0,66.0,45.0,29.21,10.0,NW,9.0,0.0,Fair,False,False,False,False,False,False,False,False,False,False,False,False,False,Day,33.7_-83.3
A-1869646,2,2020-10-30 13:09:00,2020-10-30 20:45:00,33.772666,-83.31048100000002,0.175,Watkinsville,Oconee,GA,30677-3704,US/Eastern,KAHN,2020-10-30 12:51:00,66.0,66.0,45.0,29.21,10.0,NW,9.0,0.0,Fair,False,False,False,False,False,False,False,False,False,False,False,False,False,Day,33.7_-83.3
A-1890256,4,2020-10-30 13:09:00,2020-10-30 20:45:00,33.765553000000004,-83.309508,0.807,Watkinsville,Oconee,GA,30677,US/Eastern,KAHN,2020-10-30 12:51:00,66.0,66.0,45.0,29.21,10.0,NW,9.0,0.0,Fair,False,False,False,False,False,False,False,False,False,False,False,False,False,Day,33.7_-83.3
A-1906580,2,2020-10-30 13:09:00,2020-10-30 18:45:00,33.772666,-83.31048100000002,0.175,Watkinsville,Oconee,GA,30677-3704,US/Eastern,KAHN,2020-10-30 12:51:00,66.0,66.0,45.0,29.21,10.0,NW,9.0,0.0,Fair,False,False,False,False,False,False,False,False,False,False,False,False,False,Day,33.7_-83.3
A-2567646,4,2018-12-31 12:52:00,2018-12-31 13:21:25,33.772406,-83.310435,0.852,Watkinsville,Oconee,GA,30677-3704,US/Eastern,KAHN,2018-12-31 12:51:00,57.0,,96.0,30.07,0.2,East,3.5,0.01,Fog,False,False,False,False,False,False,False,False,False,False,False,False,False,Day,33.7_-83.3
A-2567647,4,2018-12-31 12:52:00,2018-12-31 13:21:25,33.760219,-83.308154,0.852,Watkinsville,Oconee,GA,30677-3712,US/Eastern,KAHN,2018-12-31 12:51:00,57.0,,96.0,30.07,0.2,East,3.5,0.01,Fog,False,False,False,False,False,False,False,False,False,False,False,False,False,Day,33.7_-83.3
A-2657487,4,2018-05-22 18:53:26,2018-05-23 00:53:26,33.796105,-83.330386,1.246,Watkinsville,Oconee,GA,30677-6601,US/Eastern,KAHN,2018-05-22 18:51:00,72.0,,93.0,30.02,10.0,Variable,3.5,0.0,Clear,False,False,False,False,False,False,False,False,False,False,False,False,False,Day,33.7_-83.3
