ID,Severity,Start_Time,End_Time,Start_Lat,Start_Lng,Distance(mi),City,County,State,Zipcode,Timezone,Airport_Code,Weather_Timestamp,Temperature(F),Wind_Chill(F),Humidity(%),Pressure(in),Visibility(mi),Wind_Direction,Wind_Speed(mph),Precipitation(in),Weather_Condition,Amenity,Bump,Crossing,Give_Way,Junction,No_Exit,Railway,Roundabout,Station,Stop,Traffic_Calming,Traffic_Signal,Turning_Loop,Sunrise_Sunset,DF_Matching
A-235835,2,2021-09-16 06:23:30.000000000,2021-09-16 06:53:00.000000000,32.54911,-84.045077,1.941,Reynolds,Taylor,GA,31076,US/Eastern,K6A1,2021-09-16 06:15:00,70.0,70.0,99.0,29.53,10.0,NE,6.0,0.01,Mostly Cloudy,False,False,False,False,False,False,False,False,False,False,False,False,False,Night,32.5_-84.0
A-247976,4,2021-09-16 05:36:00.000000000,2021-09-16 08:15:00.000000000,32.543147999999995,-84.03139,0.412,Reynolds,Taylor,GA,31076,US/Eastern,K6A1,2021-09-16 05:35:00,70.0,70.0,99.0,29.52,10.0,ENE,5.0,0.0,Cloudy,False,False,False,False,False,False,False,False,False,False,False,False,False,Night,32.5_-84.0
A-292098,2,2021-12-12 01:41:00.000000,2021-12-12 02:56:00.000000,32.577333,-84.089804,0.186,Reynolds,Taylor,GA,31076-2515,US/Eastern,K6A1,2021-12-12 01:35:00,55.0,55.0,89.0,29.65,10.0,NNW,14.0,0.0,Light Rain,False,False,False,False,False,False,False,False,False,False,False,False,False,Night,32.5_-84.0
A-633466,2,2021-09-16 05:36:00,2021-09-16 08:15:00,32.543147999999995,-84.03139,0.412,Reynolds,Taylor,GA,31076,US/Eastern,K6A1,2021-09-16 05:35:00,70.0,70.0,99.0,29.52,10.0,ENE,5.0,0.0,Cloudy,False,False,False,False,False,False,False,False,False,False,False,False,False,Night,32.5_-84.0
A-808843,2,2021-09-16 06:50:00,2021-09-16 07:11:30,32.543147999999995,-84.03139,0.412,Reynolds,Taylor,GA,31076,US/Eastern,K6A1,2021-09-16 06:55:00,70.0,70.0,99.0,29.54,10.0,NE,6.0,0.01,Cloudy,False,False,False,False,False,False,False,False,False,False,False,False,False,Night,32.5_-84.0
A-2597115,4,2018-10-22 18:14:17,2018-10-22 18:44:07,32.54373,-84.01371999999998,0.8240000000000001,Fort Valley,Crawford,GA,31030,US/Eastern,KMCN,2018-10-22 17:53:00,69.1,,53.0,30.21,10.0,North,,,Clear,False,False,False,False,False,False,False,False,False,False,False,False,False,Day,32.5_-84.0
A-2601839,4,2018-08-31 02:21:42,2018-08-31 02:51:34,32.545919,-84.003288,0.093,Fort Valley,Crawford,GA,31030,US/Eastern,KMCN,2018-08-31 01:53:00,72.0,,91.0,30.09,10.0,SSE,5.8,,Clear,False,False,False,False,False,False,False,False,False,False,False,False,False,Night,32.5_-84.0
