ID,Severity,Start_Time,End_Time,Start_Lat,Start_Lng,Distance(mi),City,County,State,Zipcode,Timezone,Airport_Code,Weather_Timestamp,Temperature(F),Wind_Chill(F),Humidity(%),Pressure(in),Visibility(mi),Wind_Direction,Wind_Speed(mph),Precipitation(in),Weather_Condition,Amenity,Bump,Crossing,Give_Way,Junction,No_Exit,Railway,Roundabout,Station,Stop,Traffic_Calming,Traffic_Signal,Turning_Loop,Sunrise_Sunset,DF_Matching
A-176165,2,2017-04-17 09:59:45,2017-04-17 15:59:45,34.4498,-83.61777,0.0,Alto,Habersham,GA,30510,US/Eastern,KGVL,2017-04-17 09:53:00,70.0,,63.0,30.14,10.0,West,5.8,,Clear,False,False,False,False,False,False,False,False,False,False,False,False,False,Day,34.4_-83.6
A-830645,2,2021-10-29 18:19:00,2021-10-30 02:15:00,34.458039,-83.608437,0.026,Alto,Habersham,GA,30510-3807,US/Eastern,KGVL,2021-10-29 17:53:00,51.0,51.0,86.0,28.23,8.0,W,6.0,0.02,Light Rain,False,False,False,False,False,False,False,False,False,False,False,False,False,Day,34.4_-83.6
A-1332694,2,2021-08-19 06:55:00,2021-08-19 07:30:30,34.402751,-83.679327,0.853,Lula,Hall,GA,30554-2322,US/Eastern,KGVL,2021-08-19 06:53:00,73.0,73.0,87.0,28.8,10.0,NW,3.0,0.0,Fair,False,False,False,False,False,False,False,False,False,False,False,False,False,Night,34.4_-83.6
A-2663295,4,2018-04-08 16:12:12,2018-04-08 22:12:12,34.449359,-83.617944,0.1119999999999999,Alto,Habersham,GA,30510,US/Eastern,KGVL,2018-04-08 15:53:00,46.9,,71.0,29.99,10.0,NE,4.6,,Overcast,False,False,False,False,False,False,False,False,False,False,False,False,False,Day,34.4_-83.6
A-2663296,4,2018-04-08 16:12:12,2018-04-08 22:12:12,34.450638,-83.61654200000002,0.146,Alto,Habersham,GA,30510,US/Eastern,KGVL,2018-04-08 15:53:00,46.9,,71.0,29.99,10.0,NE,4.6,,Overcast,False,False,False,False,False,False,False,False,False,False,False,False,False,Day,34.4_-83.6
A-2699253,2,2018-01-05 14:11:27,2018-01-05 20:11:27,34.449843,-83.617221,0.008,Alto,Habersham,GA,30510,US/Eastern,KGVL,2018-01-05 13:53:00,33.1,23.9,32.0,30.27,10.0,West,12.7,,Clear,False,False,False,False,False,False,False,False,False,False,False,False,False,Day,34.4_-83.6
A-2699254,2,2018-01-05 14:11:27,2018-01-05 20:11:27,34.450292,-83.61703299999998,0.002,Alto,Habersham,GA,30510,US/Eastern,KGVL,2018-01-05 13:53:00,33.1,23.9,32.0,30.27,10.0,West,12.7,,Clear,False,False,False,False,False,False,False,False,False,False,False,False,False,Day,34.4_-83.6
A-2725793,4,2017-11-04 22:28:15,2017-11-05 03:28:15,34.449473,-83.61777099999998,0.071,Alto,Habersham,GA,30510,US/Eastern,KGVL,2017-11-04 22:53:00,66.0,,90.0,30.11,9.0,South,5.8,0.0,Light Rain,False,False,False,False,False,False,False,False,False,False,False,False,False,Night,34.4_-83.6
A-2725794,4,2017-11-04 22:28:15,2017-11-05 03:28:15,34.449844,-83.617703,0.006,Alto,Habersham,GA,30510,US/Eastern,KGVL,2017-11-04 22:53:00,66.0,,90.0,30.11,9.0,South,5.8,0.0,Light Rain,False,False,False,False,False,False,False,False,False,False,False,False,False,Night,34.4_-83.6
