ID,Severity,Start_Time,End_Time,Start_Lat,Start_Lng,Distance(mi),City,County,State,Zipcode,Timezone,Airport_Code,Weather_Timestamp,Temperature(F),Wind_Chill(F),Humidity(%),Pressure(in),Visibility(mi),Wind_Direction,Wind_Speed(mph),Precipitation(in),Weather_Condition,Amenity,Bump,Crossing,Give_Way,Junction,No_Exit,Railway,Roundabout,Station,Stop,Traffic_Calming,Traffic_Signal,Turning_Loop,Sunrise_Sunset,DF_Matching
A-34142,4,2016-12-08 14:34:54,2016-12-08 20:34:54,34.546444,-84.27826,0.034,Ellijay,Gilmer,GA,30536-8413,US/Eastern,KDZJ,2016-12-08 14:25:00,41.0,36.0,38.0,28.42,10.0,NW,8.0,0.0,Mostly Cloudy,False,False,False,False,False,False,False,False,False,False,False,False,False,Day,34.5_-84.2
A-176374,4,2017-04-17 22:28:15,2017-04-18 04:28:15,34.507940000000005,-84.224496,0.939,Dawsonville,Dawson,GA,30534-1702,US/Eastern,KCNI,2017-04-17 22:35:00,62.6,,77.0,30.12,10.0,Calm,,,Scattered Clouds,False,False,False,False,False,False,False,False,False,False,False,False,False,Night,34.5_-84.2
A-176375,4,2017-04-17 22:28:15,2017-04-18 04:28:15,34.51534,-84.238338,0.939,Dawsonville,Dawson,GA,30534-1434,US/Eastern,KCNI,2017-04-17 22:35:00,62.6,,77.0,30.12,10.0,Calm,,,Scattered Clouds,False,False,False,False,False,False,False,False,False,False,False,False,False,Night,34.5_-84.2
A-2292898,4,2020-01-09 10:06:07,2020-01-09 10:35:20,34.52408,-84.25961,1.228,Dawsonville,Dawson,GA,30534,US/Eastern,KCNI,2020-01-09 10:10:00,50.0,50.0,43.0,29.24,10.0,E,9.0,0.0,Fair,False,False,False,False,False,False,False,False,False,False,False,False,False,Day,34.5_-84.2
A-2292899,4,2020-01-09 10:06:07,2020-01-09 10:35:20,34.52833,-84.28056,1.228,Dawsonville,Dawson,GA,30534,US/Eastern,KCNI,2020-01-09 10:10:00,50.0,50.0,43.0,29.24,10.0,E,9.0,0.0,Fair,False,False,False,False,False,False,False,False,False,False,False,False,False,Day,34.5_-84.2
A-2668538,4,2018-04-23 00:43:42,2018-04-23 06:43:42,34.549145,-84.283649,1.883,Dawsonville,Dawson,GA,30534,US/Eastern,KCNI,2018-04-23 00:35:00,59.0,,88.0,30.03,2.5,ENE,10.4,,Heavy Rain,False,False,False,False,False,False,False,False,False,False,False,False,False,Night,34.5_-84.2
