ID,Severity,Start_Time,End_Time,Start_Lat,Start_Lng,Distance(mi),City,County,State,Zipcode,Timezone,Airport_Code,Weather_Timestamp,Temperature(F),Wind_Chill(F),Humidity(%),Pressure(in),Visibility(mi),Wind_Direction,Wind_Speed(mph),Precipitation(in),Weather_Condition,Amenity,Bump,Crossing,Give_Way,Junction,No_Exit,Railway,Roundabout,Station,Stop,Traffic_Calming,Traffic_Signal,Turning_Loop,Sunrise_Sunset,DF_Matching
A-82829,4,2016-06-30 13:22:51,2016-06-30 19:22:51,33.09861,-84.57825,1.4409999999999998,Gay,Meriwether,GA,30218,US/Eastern,KFFC,2016-06-30 12:53:00,89.1,,45.0,29.97,10.0,Variable,4.6,,Clear,False,False,False,False,False,False,False,False,False,False,False,False,False,Day,33.0_-84.5
A-2694075,4,2018-02-21 17:55:19,2018-02-21 23:55:19,33.00217,-84.50229,0.0,Molena,Pike,GA,30258-2214,US/Eastern,KOPN,2018-02-21 17:55:00,77.0,,54.0,30.36,10.0,South,3.5,,Mostly Cloudy,False,False,False,False,False,False,False,False,False,False,False,False,False,Day,33.0_-84.5
A-2721009,4,2017-12-20 15:33:18,2017-12-20 21:33:18,33.01536,-84.56608,0.0,Woodbury,Meriwether,GA,30293,US/Eastern,KOPN,2017-12-20 15:35:00,66.2,,88.0,29.86,10.0,West,6.9,,Overcast,False,False,False,False,False,False,False,False,False,False,False,False,False,Day,33.0_-84.5
A-2800800,4,2019-06-02 11:35:24,2019-06-02 12:02:53,33.09389,-84.57439000000002,0.099,Gay,Meriwether,GA,30218-1908,US/Eastern,KFFC,2019-06-02 11:53:00,83.0,83.0,44.0,29.03,10.0,NW,8.0,0.0,Fair,False,False,False,False,False,False,False,False,False,False,False,True,False,Day,33.0_-84.5
