ID,Severity,Start_Time,End_Time,Start_Lat,Start_Lng,Distance(mi),City,County,State,Zipcode,Timezone,Airport_Code,Weather_Timestamp,Temperature(F),Wind_Chill(F),Humidity(%),Pressure(in),Visibility(mi),Wind_Direction,Wind_Speed(mph),Precipitation(in),Weather_Condition,Amenity,Bump,Crossing,Give_Way,Junction,No_Exit,Railway,Roundabout,Station,Stop,Traffic_Calming,Traffic_Signal,Turning_Loop,Sunrise_Sunset,DF_Matching
A-34349,4,2016-12-09 07:18:22,2016-12-09 13:18:22,33.729496000000005,-84.76215,0.302,Douglasville,Douglas,GA,30134-1545,US/Eastern,KFTY,2016-12-09 06:53:00,28.0,20.8,58.0,30.47,10.0,NW,6.9,,Clear,False,False,False,False,False,False,False,False,False,False,False,False,False,Night,33.7_-84.7
A-34350,4,2016-12-09 07:18:22,2016-12-09 13:18:22,33.725175,-84.762091,0.299,Douglasville,Douglas,GA,30135-1565,US/Eastern,KFTY,2016-12-09 06:53:00,28.0,20.8,58.0,30.47,10.0,NW,6.9,,Clear,False,False,True,False,False,False,False,False,False,False,False,True,False,Night,33.7_-84.7
A-36804,4,2016-12-15 20:41:20,2016-12-16 02:41:20,33.713123,-84.769862,0.073,Douglasville,Douglas,GA,30135-2309,US/Eastern,KFTY,2016-12-15 20:53:00,30.9,27.5,35.0,30.32,10.0,NNW,3.5,,Clear,False,False,False,False,False,False,False,False,False,False,False,False,False,Night,33.7_-84.7
A-36852,2,2016-12-16 06:10:15,2016-12-16 12:10:15,33.75369,-84.70727099999998,0.005,Douglasville,Douglas,GA,30135,US/Eastern,KFTY,2016-12-16 05:53:00,28.9,22.8,47.0,30.33,10.0,ENE,5.8,,Clear,False,False,False,False,False,False,False,False,False,False,False,False,False,Night,33.7_-84.7
A-36894,2,2016-12-16 07:58:46,2016-12-16 13:58:46,33.748870000000004,-84.71779000000002,0.433,Douglasville,Douglas,GA,30135,US/Eastern,KFTY,2016-12-16 07:53:00,30.0,23.2,41.0,30.35,10.0,ENE,6.9,,Clear,False,False,False,False,True,False,False,False,False,False,False,False,False,Day,33.7_-84.7
A-49195,4,2016-10-26 00:24:56,2016-10-26 06:24:56,33.75397,-84.74179000000002,0.0,Douglasville,Douglas,GA,30134-1337,US/Eastern,KFTY,2016-10-26 00:53:00,48.9,,,30.28,10.0,Calm,,,Clear,False,False,False,False,False,False,False,False,False,False,False,False,False,Night,33.7_-84.7
A-50072,3,2016-10-31 06:18:49,2016-10-31 12:18:49,33.748870000000004,-84.71779000000002,0.433,Douglasville,Douglas,GA,30135,US/Eastern,KFTY,2016-10-31 05:53:00,53.1,,89.0,30.08,9.0,Calm,,,Clear,False,False,False,False,True,False,False,False,False,False,False,False,False,Night,33.7_-84.7
A-56069,4,2016-11-20 00:07:26,2016-11-20 06:07:26,33.73604,-84.73156999999998,2.028,Douglasville,Douglas,GA,30135,US/Eastern,KFTY,2016-11-20 00:53:00,41.0,35.8,41.0,30.25,10.0,NW,8.1,,Clear,False,False,False,False,False,False,False,False,False,False,False,False,False,Night,33.7_-84.7
A-56651,3,2016-11-22 08:59:00,2016-11-22 15:04:59,33.752563,-84.747984,0.055,Douglasville,Douglas,GA,30134-1136,US/Eastern,KFTY,2016-11-22 08:53:00,39.9,37.8,43.0,30.3,10.0,ENE,3.5,,Clear,False,False,False,False,False,False,False,False,False,False,False,False,False,Day,33.7_-84.7
A-56671,3,2016-11-22 09:04:59,2016-11-22 15:26:21,33.752571,-84.747989,0.0559999999999999,Douglasville,Douglas,GA,30134,US/Eastern,KFTY,2016-11-22 08:53:00,39.9,37.8,43.0,30.3,10.0,ENE,3.5,,Clear,False,False,False,False,False,False,False,False,False,False,False,False,False,Day,33.7_-84.7
A-66699,2,2016-10-14 18:56:34,2016-10-15 00:56:34,33.73604,-84.73156999999998,0.825,Douglasville,Douglas,GA,30135,US/Eastern,KFTY,2016-10-14 18:53:00,75.9,,48.0,30.19,10.0,East,4.6,,Clear,False,False,False,False,False,False,False,False,False,False,False,False,False,Day,33.7_-84.7
A-68513,3,2016-08-02 13:21:56,2016-08-02 19:21:56,33.75288,-84.71136,0.5720000000000001,Douglasville,Douglas,GA,30135,US/Eastern,KFTY,2016-08-02 12:53:00,87.1,,63.0,30.07,10.0,Variable,6.9,,Mostly Cloudy,False,False,False,False,True,False,False,False,False,False,False,False,False,Day,33.7_-84.7
A-71793,3,2016-08-14 22:34:48,2016-08-15 04:34:48,33.75288,-84.71136,0.5720000000000001,Douglasville,Douglas,GA,30135,US/Eastern,KFTY,2016-08-14 22:53:00,78.1,,74.0,30.12,10.0,Calm,,,Clear,False,False,False,False,True,False,False,False,False,False,False,False,False,Night,33.7_-84.7
A-80507,2,2016-06-23 06:34:46,2016-06-23 12:34:46,33.748870000000004,-84.71779000000002,0.433,Douglasville,Douglas,GA,30135,US/Eastern,KFTY,2016-06-23 06:53:00,71.1,,73.0,30.11,10.0,SSW,3.5,,Clear,False,False,False,False,True,False,False,False,False,False,False,False,False,Day,33.7_-84.7
A-90331,3,2016-07-30 05:07:07,2016-07-30 11:07:07,33.73604,-84.73156999999998,0.825,Douglasville,Douglas,GA,30135,US/Eastern,KFTY,2016-07-30 04:53:00,75.0,,84.0,29.95,10.0,SW,4.6,,Clear,False,False,False,False,False,False,False,False,False,False,False,False,False,Night,33.7_-84.7
A-149534,4,2017-02-15 20:04:43,2017-02-16 02:04:43,33.76868,-84.748138,0.462,Douglasville,Douglas,GA,30134-3764,US/Eastern,KFTY,2017-02-15 19:53:00,50.0,,43.0,29.85,10.0,NW,15.0,,Clear,False,False,False,False,False,False,False,False,False,False,False,False,False,Night,33.7_-84.7
A-149723,3,2017-02-16 12:53:02,2017-02-16 18:53:02,33.75288,-84.71136,0.5720000000000001,Douglasville,Douglas,GA,30135,US/Eastern,KFTY,2017-02-16 12:53:00,52.0,,24.0,30.04,10.0,WNW,9.2,,Clear,False,False,False,False,True,False,False,False,False,False,False,False,False,Day,33.7_-84.7
A-154648,3,2017-03-06 18:11:15,2017-03-07 00:11:15,33.726820000000004,-84.76679,0.525,Douglasville,Douglas,GA,30135,US/Eastern,KFTY,2017-03-06 17:53:00,69.1,,39.0,30.28,10.0,SSE,13.8,,Mostly Cloudy,False,False,False,False,True,False,False,False,False,False,False,False,False,Day,33.7_-84.7
A-189149,4,2017-05-11 12:44:47,2017-05-11 18:44:47,33.772599,-84.747715,0.19,Douglasville,Douglas,GA,30134,US/Eastern,KFTY,2017-05-11 12:53:00,82.9,,47.0,29.95,10.0,West,9.2,,Clear,False,False,False,False,False,False,False,False,False,False,False,False,False,Day,33.7_-84.7
A-190290,3,2017-05-16 14:48:28,2017-05-16 20:48:28,33.73604,-84.73156999999998,0.825,Douglasville,Douglas,GA,30135,US/Eastern,KFTY,2017-05-16 14:53:00,88.0,,37.0,30.03,10.0,Variable,3.5,,Clear,False,False,False,False,False,False,False,False,False,False,False,False,False,Day,33.7_-84.7
A-236161,2,2021-11-11 19:08:00,2021-11-11 20:45:30,33.728112,-84.762303,1.344,Douglasville,Douglas,GA,30135,US/Eastern,KFTY,2021-11-11 18:53:00,68.0,68.0,70.0,29.05,10.0,W,3.0,0.0,Light Rain,False,False,False,False,False,False,False,False,False,False,False,False,False,Night,33.7_-84.7
A-371710,2,2021-11-28 18:19:00.000000000,2021-11-28 20:46:32.000000000,33.724351,-84.77364399999998,3.797,Douglasville,Douglas,GA,30135,US/Eastern,KFTY,2021-11-28 17:53:00,54.0,54.0,47.0,29.09,10.0,NW,6.0,0.0,Fair,False,False,False,False,False,False,False,False,False,False,False,False,False,Night,33.7_-84.7
A-432053,2,2021-12-11 14:28:00,2021-12-11 16:07:00,33.741997,-84.724786,0.794,Douglasville,Douglas,GA,30135,US/Eastern,KFTY,2021-12-11 14:22:00,62.0,62.0,90.0,29.02,3.0,W,9.0,0.22,Light Rain,False,False,False,False,False,False,False,False,False,False,False,False,False,Day,33.7_-84.7
A-502303,2,2021-11-28 18:20:00,2021-11-28 20:45:00,33.754079,-84.705636,0.698,Douglasville,Douglas,GA,30135,US/Eastern,KFTY,2021-11-28 17:53:00,54.0,54.0,47.0,29.09,10.0,NW,6.0,0.0,Fair,False,False,False,False,False,False,False,False,False,False,False,False,False,Night,33.7_-84.7
A-524984,2,2021-12-11 22:40:00,2021-12-11 23:55:00,33.726985,-84.767167,0.473,Douglasville,Douglas,GA,30135,US/Eastern,KFTY,2021-12-11 22:53:00,50.0,50.0,74.0,29.17,10.0,NNW,13.0,0.0,Mostly Cloudy,False,False,False,False,False,False,False,False,False,False,False,False,False,Night,33.7_-84.7
A-535832,2,2021-12-06 07:04:00,2021-12-06 09:45:00,33.753432000000004,-84.708696,1.029,Douglasville,Douglas,GA,30135,US/Eastern,KFTY,2021-12-06 06:53:00,56.0,56.0,90.0,29.16,7.0,CALM,0.0,0.0,Cloudy,False,False,False,False,False,False,False,False,False,False,False,False,False,Night,33.7_-84.7
A-535833,2,2021-11-28 18:20:00,2021-11-28 20:45:00,33.752806,-84.710999,1.168,Douglasville,Douglas,GA,30135,US/Eastern,KFTY,2021-11-28 17:53:00,54.0,54.0,47.0,29.09,10.0,NW,6.0,0.0,Fair,False,False,False,False,True,False,False,False,False,False,False,False,False,Night,33.7_-84.7
A-543329,2,2021-12-17 08:27:00,2021-12-17 09:42:00,33.753432000000004,-84.708696,1.029,Douglasville,Douglas,GA,30135,US/Eastern,KFTY,2021-12-17 08:53:00,58.0,58.0,93.0,29.33,3.0,CALM,0.0,0.0,Cloudy,False,False,False,False,False,False,False,False,False,False,False,False,False,Day,33.7_-84.7
A-544472,2,2021-11-12 16:42:14,2021-11-12 17:44:14,33.736247,-84.730925,0.593,Douglasville,Douglas,GA,30135,US/Eastern,KFTY,2021-11-12 16:53:00,66.0,66.0,33.0,29.12,10.0,W,5.0,0.0,Fair,False,False,False,False,False,False,False,False,False,False,False,False,False,Day,33.7_-84.7
A-576357,2,2021-09-15 06:37:00,2021-09-15 08:33:30,33.737134000000005,-84.729795,5.925,Douglasville,Douglas,GA,30135,US/Eastern,KFTY,2021-09-15 06:53:00,70.0,70.0,93.0,29.1,10.0,CALM,0.0,0.0,Fair,False,False,False,False,False,False,False,False,False,False,False,False,False,Night,33.7_-84.7
A-586621,2,2021-12-11 22:34:30,2021-12-11 23:54:00,33.729013,-84.75715,0.609,Douglasville,Douglas,GA,30135,US/Eastern,KFTY,2021-12-11 22:53:00,50.0,50.0,74.0,29.17,10.0,NNW,13.0,0.0,Mostly Cloudy,False,False,False,False,True,False,False,False,False,False,False,False,False,Night,33.7_-84.7
A-625429,2,2021-11-10 12:05:00,2021-11-10 14:34:30,33.748794000000004,-84.717883,2.8110000000000004,Douglasville,Douglas,GA,30135,US/Eastern,KFTY,2021-11-10 11:53:00,70.0,70.0,39.0,29.26,10.0,VAR,5.0,0.0,Fair,False,False,False,False,True,False,False,False,False,False,False,False,False,Day,33.7_-84.7
A-625430,2,2021-09-21 06:53:30,2021-09-21 09:34:00,33.728999,-84.755775,4.825,Douglasville,Douglas,GA,30135,US/Eastern,KFTY,2021-09-21 06:53:00,71.0,71.0,96.0,29.17,10.0,NE,3.0,0.0,Cloudy,False,False,False,False,False,False,False,False,False,False,False,False,False,Night,33.7_-84.7
A-630109,2,2021-08-31 01:35:00.000000000,2021-08-31 05:15:00.000000000,33.752628,-84.711488,4.084,Douglasville,Douglas,GA,30135,US/Eastern,KFTY,2021-08-31 01:53:00,73.0,73.0,93.0,29.0,10.0,E,5.0,0.0,Fair,False,False,False,False,False,False,False,False,False,False,False,False,False,Night,33.7_-84.7
A-636029,2,2021-11-12 15:32:00,2021-11-12 17:45:00,33.742684000000004,-84.724097,0.732,Douglasville,Douglas,GA,30135,US/Eastern,KFTY,2021-11-12 15:53:00,68.0,68.0,31.0,29.12,10.0,VAR,6.0,0.0,Fair,False,False,False,False,False,False,False,False,False,False,False,False,False,Day,33.7_-84.7
A-672547,2,2021-09-13 13:15:00,2021-09-13 15:00:00,33.728999,-84.755775,0.524,Douglasville,Douglas,GA,30135,US/Eastern,KFTY,2021-09-13 12:53:00,83.0,83.0,60.0,29.32,10.0,WNW,8.0,0.0,Mostly Cloudy,False,False,False,False,False,False,False,False,False,False,False,False,False,Day,33.7_-84.7
A-688678,2,2021-12-11 14:26:19,2021-12-11 15:19:12,33.743277,-84.723486,0.944,Douglasville,Douglas,GA,30135,US/Eastern,KFTY,2021-12-11 14:22:00,62.0,62.0,90.0,29.02,3.0,W,9.0,0.22,Light Rain,False,False,False,False,False,False,False,False,False,False,False,False,False,Day,33.7_-84.7
A-714107,2,2021-11-03 07:49:00,2021-11-03 09:45:00,33.748787,-84.71788199999997,0.452,Douglasville,Douglas,GA,30135,US/Eastern,KFTY,2021-11-03 07:53:00,43.0,43.0,89.0,29.34,10.0,CALM,0.0,0.0,Fair,False,False,False,False,True,False,False,False,False,False,False,False,False,Night,33.7_-84.7
A-737873,2,2021-11-28 18:20:00.000000000,2021-11-28 21:45:00.000000000,33.753432000000004,-84.708696,1.029,Douglasville,Douglas,GA,30135,US/Eastern,KFTY,2021-11-28 17:53:00,54.0,54.0,47.0,29.09,10.0,NW,6.0,0.0,Fair,False,False,False,False,False,False,False,False,False,False,False,False,False,Night,33.7_-84.7
A-772565,2,2021-11-11 19:32:00,2021-11-11 20:55:00,33.724283,-84.774728,1.072,Douglasville,Douglas,GA,30135,US/Eastern,KFTY,2021-11-11 19:30:00,62.0,62.0,90.0,29.06,3.0,NW,20.0,0.17,Rain,False,False,False,False,False,False,False,False,False,False,False,False,False,Night,33.7_-84.7
A-779494,2,2021-10-28 16:00:00.000000000,2021-10-28 17:45:00.000000000,33.721947,-84.785303,1.082,Winston,Douglas,GA,30187,US/Eastern,KPUJ,2021-10-28 15:55:00,55.0,55.0,100.0,28.19,10.0,ESE,10.0,0.0,Cloudy,False,False,False,False,False,False,False,False,False,False,False,False,False,Day,33.7_-84.7
A-782332,2,2021-11-28 18:20:00,2021-11-28 19:43:00,33.75054,-84.715544,0.62,Douglasville,Douglas,GA,30135,US/Eastern,KFTY,2021-11-28 17:53:00,54.0,54.0,47.0,29.09,10.0,NW,6.0,0.0,Fair,False,False,False,False,False,False,False,False,False,False,False,False,False,Night,33.7_-84.7
A-792005,2,2021-11-12 15:32:00,2021-11-12 16:53:00,33.743277,-84.723486,0.944,Douglasville,Douglas,GA,30135,US/Eastern,KFTY,2021-11-12 15:53:00,68.0,68.0,31.0,29.12,10.0,VAR,6.0,0.0,Fair,False,False,False,False,False,False,False,False,False,False,False,False,False,Day,33.7_-84.7
A-832508,2,2021-10-19 06:43:00,2021-10-19 08:27:30,33.752806,-84.710999,2.0340000000000003,Douglasville,Douglas,GA,30135,US/Eastern,KFTY,2021-10-19 06:53:00,43.0,43.0,93.0,29.31,10.0,CALM,0.0,0.0,Fair,False,False,False,False,True,False,False,False,False,False,False,False,False,Night,33.7_-84.7
A-877458,2,2021-08-30 10:07:30,2021-08-30 12:01:00,33.750584,-84.715942,1.179,Douglasville,Douglas,GA,30135,US/Eastern,KFTY,2021-08-30 09:53:00,78.0,78.0,84.0,29.15,10.0,SE,5.0,0.0,Fair,False,False,False,False,False,False,False,False,False,False,False,False,False,Day,33.7_-84.7
A-945206,2,2021-10-19 07:14:00,2021-10-19 09:30:00,33.743277,-84.723486,0.944,Douglasville,Douglas,GA,30135,US/Eastern,KFTY,2021-10-19 06:53:00,43.0,43.0,93.0,29.31,10.0,CALM,0.0,0.0,Fair,False,False,False,False,False,False,False,False,False,False,False,False,False,Night,33.7_-84.7
A-947910,2,2021-11-28 18:20:00,2021-11-28 19:43:00,33.753432000000004,-84.708696,0.185,Douglasville,Douglas,GA,30135,US/Eastern,KFTY,2021-11-28 17:53:00,54.0,54.0,47.0,29.09,10.0,NW,6.0,0.0,Fair,False,False,False,False,False,False,False,False,False,False,False,False,False,Night,33.7_-84.7
A-990816,2,2021-08-30 10:07:00.000000000,2021-08-30 11:22:00.000000000,33.747586,-84.71938399999998,1.963,Douglasville,Douglas,GA,30135,US/Eastern,KFTY,2021-08-30 09:53:00,78.0,78.0,84.0,29.15,10.0,SE,5.0,0.0,Fair,False,False,False,False,False,False,False,False,False,False,False,False,False,Day,33.7_-84.7
A-1035416,2,2021-12-01 18:43:00,2021-12-01 19:58:00,33.72900300000001,-84.75715,0.565,Douglasville,Douglas,GA,30135,US/Eastern,KFTY,2021-12-01 18:53:00,61.0,61.0,46.0,29.21,10.0,SSW,3.0,0.0,Fair,False,False,False,False,True,False,False,False,False,False,False,False,False,Night,33.7_-84.7
A-1038426,2,2021-12-12 13:21:00,2021-12-12 14:36:00,33.748706,-84.71826899999998,0.994,Douglasville,Douglas,GA,30135,US/Eastern,KFTY,2021-12-12 12:53:00,53.0,53.0,45.0,29.38,10.0,VAR,3.0,0.0,Fair,False,False,False,False,True,False,False,False,False,False,False,False,False,Day,33.7_-84.7
A-1039837,2,2021-10-19 07:29:00,2021-10-19 08:01:00,33.736247,-84.730925,1.146,Douglasville,Douglas,GA,30135,US/Eastern,KFTY,2021-10-19 07:53:00,43.0,43.0,93.0,29.32,10.0,CALM,0.0,0.0,Light Rain,False,False,False,False,False,False,False,False,False,False,False,False,False,Night,33.7_-84.7
A-1081707,2,2021-12-12 13:18:07,2021-12-12 14:17:00,33.754079,-84.705636,1.268,Douglasville,Douglas,GA,30135,US/Eastern,KFTY,2021-12-12 12:53:00,53.0,53.0,45.0,29.38,10.0,VAR,3.0,0.0,Fair,False,False,False,False,False,False,False,False,False,False,False,False,False,Day,33.7_-84.7
A-1084427,2,2021-06-08 12:26:00.000000000,2021-06-08 14:46:07.000000000,33.752901,-84.711221,1.668,Douglasville,Douglas,GA,30135,US/Eastern,KFTY,2021-06-08 12:53:00,81.0,81.0,69.0,29.28,10.0,CALM,0.0,0.0,Cloudy,False,False,False,False,True,False,False,False,False,False,False,False,False,Day,33.7_-84.7
A-1156161,2,2021-09-16 15:38:00,2021-09-16 18:45:00,33.734808,-84.733424,0.7440000000000001,Douglasville,Douglas,GA,30135,US/Eastern,KFTY,2021-09-16 15:41:00,77.0,77.0,76.0,29.12,10.0,E,6.0,0.0,Cloudy,False,False,False,False,False,False,False,False,False,False,False,False,False,Day,33.7_-84.7
A-1199164,2,2021-11-03 07:49:00,2021-11-03 09:04:00,33.748787,-84.71788199999997,0.452,Douglasville,Douglas,GA,30135,US/Eastern,KFTY,2021-11-03 07:53:00,43.0,43.0,89.0,29.34,10.0,CALM,0.0,0.0,Fair,False,False,False,False,True,False,False,False,False,False,False,False,False,Night,33.7_-84.7
A-1238489,2,2021-08-31 02:32:30,2021-08-31 05:36:30,33.753432000000004,-84.708696,3.003,Douglasville,Douglas,GA,30135,US/Eastern,KFTY,2021-08-31 02:53:00,73.0,73.0,93.0,28.97,10.0,E,3.0,0.0,Partly Cloudy,False,False,False,False,False,False,False,False,False,False,False,False,False,Night,33.7_-84.7
A-1302714,2,2021-12-11 14:28:00,2021-12-11 15:43:00,33.747422,-84.71923100000002,0.906,Douglasville,Douglas,GA,30135,US/Eastern,KFTY,2021-12-11 14:22:00,62.0,62.0,90.0,29.02,3.0,W,9.0,0.22,Light Rain,False,False,False,False,False,False,False,False,False,False,False,False,False,Day,33.7_-84.7
A-1333138,2,2021-11-29 06:01:00,2021-11-29 08:45:30,33.752626,-84.711504,5.674,Douglasville,Douglas,GA,30135,US/Eastern,KFTY,2021-11-29 05:53:00,39.0,32.0,57.0,29.18,10.0,NNW,10.0,0.0,Fair,False,False,False,False,False,False,False,False,False,False,False,False,False,Night,33.7_-84.7
A-1349599,2,2021-12-10 08:38:00,2021-12-10 09:53:00,33.748787,-84.71788199999997,0.452,Douglasville,Douglas,GA,30135,US/Eastern,KFTY,2021-12-10 08:26:00,49.0,49.0,97.0,29.23,4.0,NE,3.0,0.01,Cloudy,False,False,False,False,True,False,False,False,False,False,False,False,False,Day,33.7_-84.7
A-1364570,2,2021-12-09 00:10:00,2021-12-09 01:25:00,33.747586,-84.71938399999998,1.08,Douglasville,Douglas,GA,30135,US/Eastern,KFTY,2021-12-09 00:49:00,36.0,36.0,93.0,29.18,1.0,NNE,3.0,0.0,Fog,False,False,False,False,False,False,False,False,False,False,False,False,False,Night,33.7_-84.7
A-1384722,2,2021-10-19 06:43:00,2021-10-19 07:11:30,33.753910999999995,-84.705533,2.024,Douglasville,Douglas,GA,30135-1012,US/Eastern,KFTY,2021-10-19 06:53:00,43.0,43.0,93.0,29.31,10.0,CALM,0.0,0.0,Fair,False,False,False,False,False,False,False,False,False,False,False,False,False,Night,33.7_-84.7
A-1434539,2,2021-11-12 15:28:17,2021-11-12 17:35:20,33.727922,-84.76216099999998,2.924,Douglasville,Douglas,GA,30135,US/Eastern,KFTY,2021-11-12 15:53:00,68.0,68.0,31.0,29.12,10.0,VAR,6.0,0.0,Fair,False,False,False,False,False,False,False,False,False,False,False,False,False,Day,33.7_-84.7
A-1452350,2,2021-12-06 07:04:00,2021-12-06 09:45:00,33.753432000000004,-84.708696,1.029,Douglasville,Douglas,GA,30135,US/Eastern,KFTY,2021-12-06 06:53:00,56.0,56.0,90.0,29.16,7.0,CALM,0.0,0.0,Cloudy,False,False,False,False,False,False,False,False,False,False,False,False,False,Night,33.7_-84.7
A-1457215,2,2021-12-11 14:49:00,2021-12-11 16:07:00,33.742684000000004,-84.724097,0.3989999999999999,Douglasville,Douglas,GA,30135,US/Eastern,KFTY,2021-12-11 14:53:00,62.0,62.0,90.0,29.02,10.0,WSW,5.0,0.23,Light Rain,False,False,False,False,False,False,False,False,False,False,False,False,False,Day,33.7_-84.7
A-1467501,2,2021-11-09 15:21:00,2021-11-09 16:36:00,33.730929,-84.744396,0.685,Douglasville,Douglas,GA,30135,US/Eastern,KFTY,2021-11-09 14:53:00,76.0,76.0,27.0,29.31,10.0,SSW,5.0,0.0,Fair,False,False,False,False,False,False,False,False,False,False,False,False,False,Day,33.7_-84.7
A-1505309,2,2021-12-06 07:05:00,2021-12-06 09:51:00,33.721947,-84.785303,5.924,Winston,Douglas,GA,30187,US/Eastern,KPUJ,2021-12-06 07:15:00,55.0,55.0,100.0,28.68,7.0,S,3.0,0.0,Cloudy,False,False,False,False,False,False,False,False,False,False,False,False,False,Night,33.7_-84.7
A-1512058,2,2021-09-07 21:43:00,2021-09-07 22:58:00,33.735656,-84.73174,0.151,Douglasville,Douglas,GA,30135,US/Eastern,KFTY,2021-09-07 21:53:00,76.0,76.0,91.0,29.06,9.0,CALM,0.0,0.01,Fair,False,False,False,False,True,False,False,False,False,False,False,False,False,Night,33.7_-84.7
A-1651708,2,2021-01-02 22:59:00.000000000,2021-01-03 00:14:00.000000000,33.730929,-84.744396,0.685,Douglasville,Douglas,GA,30135,US/Eastern,KFTY,2021-01-02 22:53:00,56.0,56.0,90.0,29.06,10.0,SSW,5.0,0.0,Mostly Cloudy,False,False,False,False,False,False,False,False,False,False,False,False,False,Night,33.7_-84.7
A-1757490,4,2020-11-14 13:34:00,2020-11-14 15:30:00,33.752907,-84.711209,0.595,Douglasville,Douglas,GA,30135,US/Eastern,KFTY,2020-11-14 13:53:00,71.0,71.0,34.0,29.21,10.0,VAR,5.0,0.0,Fair,False,False,False,False,True,False,False,False,False,False,False,False,False,Day,33.7_-84.7
A-1758761,2,2020-09-24 23:57:00,2020-09-25 01:45:00,33.728999,-84.755775,0.524,Douglasville,Douglas,GA,30135,US/Eastern,KFTY,2020-09-24 23:53:00,69.0,69.0,87.0,29.01,10.0,SE,9.0,0.0,Cloudy,False,False,False,False,False,False,False,False,False,False,False,False,False,Night,33.7_-84.7
A-1777226,2,2020-11-12 12:14:30,2020-11-12 19:03:00,33.753910999999995,-84.705533,4.874,Douglasville,Douglas,GA,30135-1012,US/Eastern,KFTY,2020-11-12 12:26:00,65.0,65.0,81.0,29.02,10.0,WNW,9.0,0.0,Cloudy,False,False,False,False,False,False,False,False,False,False,False,False,False,Day,33.7_-84.7
A-1792044,2,2020-10-19 20:58:00,2020-10-19 23:45:00,33.752907,-84.711209,0.595,Douglasville,Douglas,GA,30135,US/Eastern,KFTY,2020-10-19 20:53:00,62.0,62.0,90.0,29.29,10.0,CALM,0.0,0.0,Fair,False,False,False,False,True,False,False,False,False,False,False,False,False,Night,33.7_-84.7
A-1809932,2,2020-12-12 09:19:00,2020-12-12 11:30:00,33.752628,-84.711488,3.2460000000000004,Douglasville,Douglas,GA,30135,US/Eastern,KFTY,2020-12-12 08:53:00,50.0,50.0,93.0,29.19,10.0,CALM,0.0,0.0,Cloudy,False,False,False,False,False,False,False,False,False,False,False,False,False,Day,33.7_-84.7
A-1816761,2,2020-11-14 13:30:30,2020-11-14 14:27:30,33.752907,-84.711209,0.595,Douglasville,Douglas,GA,30135,US/Eastern,KFTY,2020-11-14 13:53:00,71.0,71.0,34.0,29.21,10.0,VAR,5.0,0.0,Fair,False,False,False,False,True,False,False,False,False,False,False,False,False,Day,33.7_-84.7
A-1834507,2,2020-10-19 20:58:00,2020-10-19 22:13:00,33.752907,-84.711209,0.595,Douglasville,Douglas,GA,30135,US/Eastern,KFTY,2020-10-19 20:53:00,62.0,62.0,90.0,29.29,10.0,CALM,0.0,0.0,Fair,False,False,False,False,True,False,False,False,False,False,False,False,False,Night,33.7_-84.7
A-1837732,2,2020-11-09 19:57:00,2020-11-09 21:33:05,33.752628,-84.711488,3.2460000000000004,Douglasville,Douglas,GA,30135,US/Eastern,KFTY,2020-11-09 19:53:00,71.0,71.0,70.0,29.24,10.0,ENE,8.0,0.0,Fair,False,False,False,False,False,False,False,False,False,False,False,False,False,Night,33.7_-84.7
A-1852292,2,2020-12-12 09:19:00,2020-12-12 11:30:00,33.752628,-84.711488,3.2460000000000004,Douglasville,Douglas,GA,30135,US/Eastern,KFTY,2020-12-12 08:53:00,50.0,50.0,93.0,29.19,10.0,CALM,0.0,0.0,Cloudy,False,False,False,False,False,False,False,False,False,False,False,False,False,Day,33.7_-84.7
A-1887542,2,2020-11-18 15:04:30,2020-11-18 18:01:33,33.752806,-84.710999,5.197,Douglasville,Douglas,GA,30135,US/Eastern,KFTY,2020-11-18 14:53:00,63.0,63.0,17.0,29.55,10.0,ENE,5.0,0.0,Fair,False,False,False,False,True,False,False,False,False,False,False,False,False,Day,33.7_-84.7
A-1899175,2,2020-11-09 20:48:00,2020-11-09 23:45:00,33.752628,-84.711488,3.2460000000000004,Douglasville,Douglas,GA,30135,US/Eastern,KFTY,2020-11-09 20:53:00,70.0,70.0,76.0,29.25,10.0,ENE,10.0,0.0,Fair,False,False,False,False,False,False,False,False,False,False,False,False,False,Night,33.7_-84.7
A-1920428,2,2020-11-25 08:45:00,2020-11-25 11:45:00,33.724283,-84.774728,0.133,Douglasville,Douglas,GA,30135,US/Eastern,KFTY,2020-11-25 08:53:00,54.0,54.0,83.0,29.31,10.0,SE,10.0,0.0,Cloudy,False,False,False,False,False,False,False,False,False,False,False,False,False,Day,33.7_-84.7
A-1980929,2,2020-09-16 04:44:00,2020-09-16 07:15:00,33.756742,-84.73655600000002,0.013,Douglasville,Douglas,GA,30134,US/Eastern,KFTY,2020-09-16 04:53:00,68.0,68.0,70.0,29.17,10.0,E,13.0,0.0,Cloudy,False,False,False,False,False,False,False,False,False,True,False,False,False,Night,33.7_-84.7
A-2088868,2,2020-06-03 17:30:31,2020-06-03 18:20:29,33.75288,-84.71136,0.0,Douglasville,Douglas,GA,30135,US/Eastern,KFTY,2020-06-03 17:53:00,86.0,86.0,49.0,29.05,10.0,SSW,7.0,0.0,Partly Cloudy,False,False,False,False,True,False,False,False,False,False,False,False,False,Day,33.7_-84.7
A-2093908,2,2020-04-30 12:46:32,2020-04-30 13:01:32,33.75288,-84.71136,0.0,Douglasville,Douglas,GA,30135,US/Eastern,KFTY,2020-04-30 12:53:00,56.0,56.0,69.0,28.98,10.0,WNW,12.0,0.0,Cloudy,False,False,False,False,True,False,False,False,False,False,False,False,False,Day,33.7_-84.7
A-2093964,2,2020-04-30 16:51:20,2020-04-30 17:21:20,33.75288,-84.71136,0.0,Douglasville,Douglas,GA,30135,US/Eastern,KFTY,2020-04-30 16:53:00,62.0,62.0,53.0,28.96,10.0,W,9.0,0.0,Mostly Cloudy,False,False,False,False,True,False,False,False,False,False,False,False,False,Day,33.7_-84.7
A-2116697,2,2020-05-14 09:46:29,2020-05-14 10:16:29,33.72882,-84.75684,0.0,Douglasville,Douglas,GA,30135,US/Eastern,KFTY,2020-05-14 09:53:00,66.0,66.0,78.0,29.4,10.0,E,3.0,0.0,Cloudy,False,False,False,False,True,False,False,False,False,False,False,False,False,Day,33.7_-84.7
A-2119005,2,2020-05-15 14:11:48,2020-05-15 14:41:48,33.75269,-84.71127,0.0,Douglasville,Douglas,GA,30135,US/Eastern,KFTY,2020-05-15 13:53:00,77.0,77.0,48.0,29.23,10.0,SSE,12.0,0.0,Fair,False,False,False,False,True,False,False,False,False,False,False,False,False,Day,33.7_-84.7
A-2144667,4,2020-06-25 22:41:46,2020-06-25 23:41:46,33.75269,-84.71127,0.0,Douglasville,Douglas,GA,30135,US/Eastern,KFTY,2020-06-25 22:53:00,75.0,75.0,84.0,29.24,10.0,WSW,3.0,0.0,Fair,False,False,False,False,True,False,False,False,False,False,False,False,False,Night,33.7_-84.7
A-2153227,4,2020-06-05 07:47:49,2020-06-05 08:32:49,33.75269,-84.71127,0.0,Douglasville,Douglas,GA,30135,US/Eastern,KFTY,2020-06-05 07:53:00,72.0,72.0,81.0,29.09,10.0,SW,7.0,0.0,Fair,False,False,False,False,True,False,False,False,False,False,False,False,False,Day,33.7_-84.7
A-2153666,2,2020-06-05 11:44:41,2020-06-05 12:44:41,33.75288,-84.71136,0.0,Douglasville,Douglas,GA,30135,US/Eastern,KFTY,2020-06-05 11:46:00,73.0,73.0,84.0,29.13,10.0,CALM,0.0,0.01,Mostly Cloudy,False,False,False,False,True,False,False,False,False,False,False,False,False,Day,33.7_-84.7
A-2166352,2,2020-06-11 15:57:28,2020-06-11 16:12:28,33.72905,-84.75690999999998,0.0,Douglasville,Douglas,GA,30135,US/Eastern,KFTY,2020-06-11 15:53:00,82.0,82.0,52.0,29.21,10.0,NW,15.0,0.0,Fair,False,False,False,False,True,False,False,False,False,False,False,False,False,Day,33.7_-84.7
A-2176993,2,2020-06-16 13:09:11,2020-06-16 14:09:11,33.79974,-84.75769,0.0,Douglasville,Paulding,GA,30134,US/Eastern,KFTY,2020-06-16 12:53:00,69.0,69.0,58.0,29.31,10.0,E,9.0,0.0,Cloudy,False,False,False,False,False,False,False,False,False,False,False,False,False,Day,33.7_-84.7
A-2176994,2,2020-06-16 13:09:11,2020-06-16 14:09:11,33.79974,-84.75769,0.0,Douglasville,Paulding,GA,30134,US/Eastern,KFTY,2020-06-16 12:53:00,69.0,69.0,58.0,29.31,10.0,E,9.0,0.0,Cloudy,False,False,False,False,False,False,False,False,False,False,False,False,False,Day,33.7_-84.7
A-2245485,3,2020-04-08 16:36:59,2020-04-08 17:06:59,33.73603,-84.73158000000002,0.0,Douglasville,Douglas,GA,30135,US/Eastern,KFTY,2020-04-08 16:53:00,79.0,79.0,56.0,28.91,10.0,W,9.0,0.0,Fair,False,False,False,False,False,False,False,False,False,False,False,False,False,Day,33.7_-84.7
A-2245496,2,2020-04-08 17:32:39,2020-04-08 18:02:39,33.73588,-84.7314,0.0,Douglasville,Douglas,GA,30135,US/Eastern,KFTY,2020-04-08 17:53:00,79.0,79.0,58.0,28.91,10.0,SW,8.0,0.0,Fair,False,False,False,False,False,False,False,False,False,False,False,False,False,Day,33.7_-84.7
A-2322158,3,2020-01-31 10:25:49,2020-01-31 10:55:04,33.730909999999994,-84.74463,0.7,Douglasville,Douglas,GA,30135,US/Eastern,KFTY,2020-01-31 10:53:00,41.0,36.0,82.0,29.29,10.0,E,8.0,0.0,Cloudy,False,False,False,False,True,False,False,False,False,False,False,False,False,Day,33.7_-84.7
A-2411941,2,2019-10-10 15:37:03,2019-10-10 16:05:17,33.73836,-84.72879,1.132,Douglasville,Douglas,GA,30135,US/Eastern,KFTY,2019-10-10 15:53:00,76.0,76.0,54.0,29.22,10.0,N,8.0,0.0,Fair,False,False,False,False,False,False,False,False,False,False,False,False,False,Day,33.7_-84.7
A-2444731,2,2019-11-04 20:33:04,2019-11-04 21:02:19,33.74884,-84.71781999999997,0.436,Douglasville,Douglas,GA,30135,US/Eastern,KFTY,2019-11-04 20:53:00,57.0,57.0,53.0,29.29,10.0,ENE,5.0,0.0,Cloudy,False,False,False,False,True,False,False,False,False,False,False,False,False,Night,33.7_-84.7
A-2467964,4,2019-09-20 06:47:38,2019-09-20 07:15:29,33.775837,-84.70700500000002,0.341,Douglasville,Douglas,GA,30134,US/Eastern,KFTY,2019-09-20 06:53:00,62.0,62.0,78.0,29.36,10.0,CALM,0.0,0.0,Fair,False,False,False,False,False,False,False,False,False,False,False,False,False,Night,33.7_-84.7
A-2467965,4,2019-09-20 06:47:38,2019-09-20 07:15:29,33.780039,-84.7039,0.341,Douglasville,Douglas,GA,30134,US/Eastern,KFTY,2019-09-20 06:53:00,62.0,62.0,78.0,29.36,10.0,CALM,0.0,0.0,Fair,False,False,False,False,False,False,False,False,False,False,False,False,False,Night,33.7_-84.7
A-2470226,4,2019-09-22 12:50:58,2019-09-22 14:49:20,33.75288,-84.71136,2.519,Douglasville,Douglas,GA,30135,US/Eastern,KFTY,2019-09-22 12:53:00,81.0,,47.0,29.31,10.0,,,0.0,Fair,False,False,False,False,True,False,False,False,False,False,False,False,False,Day,33.7_-84.7
A-2472435,3,2019-09-24 08:10:59,2019-09-24 08:39:19,33.74884,-84.71781999999997,0.436,Douglasville,Douglas,GA,30135,US/Eastern,KFTY,2019-09-24 07:53:00,70.0,70.0,84.0,29.07,10.0,CALM,0.0,0.0,Fair,False,False,False,False,True,False,False,False,False,False,False,False,False,Day,33.7_-84.7
A-2475120,2,2019-09-26 18:30:42,2019-09-26 18:58:28,33.73601,-84.73161,0.916,Douglasville,Douglas,GA,30135,US/Eastern,KFTY,2019-09-26 18:53:00,86.0,86.0,59.0,28.99,10.0,CALM,0.0,0.0,Fair,False,False,False,False,False,False,False,False,False,False,False,False,False,Day,33.7_-84.7
A-2488689,3,2019-09-09 20:43:09,2019-09-09 21:12:19,33.74884,-84.71781999999997,0.436,Douglasville,Douglas,GA,30135,US/Eastern,KFTY,2019-09-09 20:53:00,83.0,83.0,51.0,29.19,10.0,CALM,0.0,0.0,Fair,False,False,False,False,True,False,False,False,False,False,False,False,False,Night,33.7_-84.7
A-2496906,2,2019-09-16 07:21:43,2019-09-16 07:51:16,33.72895,-84.75749,0.5529999999999999,Douglasville,Douglas,GA,30135,US/Eastern,KFTY,2019-09-16 06:53:00,69.0,69.0,93.0,29.2,10.0,CALM,0.0,0.0,Fair,False,False,False,False,False,False,False,False,False,False,False,False,False,Night,33.7_-84.7
A-2500722,4,2019-03-08 07:25:12,2019-03-08 07:54:30,33.72902,-84.76219,0.13,Douglasville,Douglas,GA,30134-1546,US/Eastern,KFTY,2019-03-08 07:53:00,52.0,,49.0,30.17,10.0,Calm,,,Overcast,False,False,True,True,False,False,False,False,False,False,False,True,False,Day,33.7_-84.7
A-2502105,3,2019-03-11 20:21:50,2019-03-11 20:51:48,33.75083,-84.71795999999998,0.247,Douglasville,Douglas,GA,30134,US/Eastern,KFTY,2019-03-11 19:53:00,55.9,,80.0,30.22,10.0,NW,3.5,,Clear,False,False,False,False,False,False,False,False,False,False,False,False,False,Night,33.7_-84.7
A-2508144,3,2019-03-25 00:40:41,2019-03-25 01:06:10,33.752821999999995,-84.710875,0.583,Douglasville,Douglas,GA,30135,US/Eastern,KFTY,2019-03-25 00:53:00,55.9,,62.0,30.09,10.0,WSW,3.5,,Mostly Cloudy,False,False,False,False,False,False,False,False,False,False,False,False,False,Night,33.7_-84.7
A-2508147,3,2019-03-25 00:21:11,2019-03-25 00:49:47,33.74884,-84.71781999999997,1.048,Douglasville,Douglas,GA,30135,US/Eastern,KFTY,2019-03-25 00:53:00,55.9,,62.0,30.09,10.0,WSW,3.5,,Mostly Cloudy,False,False,False,False,True,False,False,False,False,False,False,False,False,Night,33.7_-84.7
A-2526619,4,2019-02-21 20:45:41,2019-02-21 21:15:00,33.742459999999994,-84.778079,0.862,Douglasville,Douglas,GA,30134,US/Eastern,KFTY,2019-02-21 20:53:00,57.9,,100.0,30.07,4.0,Calm,,0.0,Overcast,False,False,False,False,False,False,False,False,False,False,False,False,False,Night,33.7_-84.7
A-2533464,2,2019-01-06 14:50:30,2019-01-06 15:20:14,33.74884,-84.71781999999997,0.436,Douglasville,Douglas,GA,30135,US/Eastern,KFTY,2019-01-06 14:53:00,68.0,,36.0,30.14,10.0,WNW,8.1,,Clear,False,False,False,False,True,False,False,False,False,False,False,False,False,Day,33.7_-84.7
A-2537196,2,2019-01-12 16:26:32,2019-01-12 16:56:32,33.74982,-84.71663000000002,0.773,Douglasville,Douglas,GA,30135,US/Eastern,KFTY,2019-01-12 16:53:00,42.1,36.1,73.0,30.19,10.0,East,10.4,0.0,Light Rain,False,False,False,False,False,False,False,False,False,False,False,False,False,Day,33.7_-84.7
A-2543830,3,2019-01-24 04:37:54,2019-01-24 05:07:13,33.72878,-84.75703,0.728,Douglasville,Douglas,GA,30135,US/Eastern,KFTY,2019-01-24 04:34:00,48.9,,97.0,29.71,5.0,WNW,21.9,0.01,Rain,False,False,False,False,True,False,False,False,False,False,False,False,False,Night,33.7_-84.7
A-2563976,2,2018-12-23 02:10:01,2018-12-23 02:39:22,33.73298,-84.73671999999998,0.527,Douglasville,Douglas,GA,30135,US/Eastern,KFTY,2018-12-23 01:53:00,33.1,,100.0,30.19,10.0,Calm,,,Clear,False,False,False,False,False,False,False,False,False,False,False,False,False,Night,33.7_-84.7
A-2598163,2,2018-10-24 14:55:30,2018-10-24 15:24:48,33.75228,-84.71289200000002,0.192,Douglasville,Douglas,GA,30135,US/Eastern,KFTY,2018-10-24 14:53:00,71.1,,36.0,30.13,10.0,ENE,4.6,,Clear,False,False,False,False,False,False,False,False,False,False,False,False,False,Day,33.7_-84.7
A-2610047,3,2018-09-16 06:56:37,2018-09-16 07:26:05,33.73086,-84.746299,1.209,Douglasville,Douglas,GA,30134,US/Eastern,KFTY,2018-09-16 06:53:00,73.0,,93.0,29.83,10.0,North,4.6,,Overcast,False,False,False,False,False,False,False,False,False,False,False,False,False,Night,33.7_-84.7
A-2614679,3,2018-09-26 10:57:43,2018-09-26 11:27:05,33.75288,-84.71136,0.5720000000000001,Douglasville,Douglas,GA,30135,US/Eastern,KFTY,2018-09-26 10:53:00,77.0,,88.0,30.09,10.0,WSW,8.1,,Overcast,False,False,False,False,True,False,False,False,False,False,False,False,False,Day,33.7_-84.7
A-2614682,2,2018-09-26 11:34:29,2018-09-26 12:03:57,33.75288,-84.71136,0.5720000000000001,Douglasville,Douglas,GA,30135,US/Eastern,KFTY,2018-09-26 11:53:00,80.1,,79.0,30.08,10.0,WSW,5.8,,Mostly Cloudy,False,False,False,False,True,False,False,False,False,False,False,False,False,Day,33.7_-84.7
A-2621608,2,2018-08-15 10:00:24,2018-08-15 10:30:11,33.748878999999995,-84.717774,0.248,Douglasville,Douglas,GA,30135,US/Eastern,KFTY,2018-08-15 09:53:00,77.0,,79.0,30.09,10.0,Calm,,,Clear,False,False,False,False,False,False,False,False,False,False,False,False,False,Day,33.7_-84.7
A-2628131,2,2018-08-30 07:05:57,2018-08-30 07:35:56,33.72902,-84.76219,0.13,Douglasville,Douglas,GA,30134-1546,US/Eastern,KFTY,2018-08-30 06:53:00,68.0,,100.0,30.14,10.0,Calm,,,Clear,False,False,True,True,False,False,False,False,False,False,False,True,False,Night,33.7_-84.7
A-2630770,4,2018-07-08 20:24:49,2018-07-09 02:24:49,33.73601,-84.73161,0.913,Douglasville,Douglas,GA,30135,US/Eastern,KFTY,2018-07-08 20:53:00,81.0,,62.0,30.19,10.0,ESE,3.5,,Clear,False,False,False,False,False,False,False,False,False,False,False,False,False,Day,33.7_-84.7
A-2632372,3,2018-07-12 07:38:37,2018-07-12 13:38:37,33.730909999999994,-84.74463,0.7,Douglasville,Douglas,GA,30135,US/Eastern,KFTY,2018-07-12 07:53:00,75.9,,97.0,30.03,9.0,Calm,,,Clear,False,False,False,False,True,False,False,False,False,False,False,False,False,Day,33.7_-84.7
A-2638650,3,2018-07-30 14:00:50,2018-07-30 20:00:50,33.727872,-84.763785,0.184,Douglasville,Douglas,GA,30135,US/Eastern,KFTY,2018-07-30 14:07:00,84.0,,69.0,30.03,10.0,Variable,4.6,,Mostly Cloudy,False,False,False,False,False,False,False,False,False,False,False,False,False,Day,33.7_-84.7
A-2641909,4,2018-06-08 02:13:42,2018-06-08 08:13:42,33.73086,-84.746299,1.209,Douglasville,Douglas,GA,30134,US/Eastern,KFTY,2018-06-08 02:53:00,68.0,,96.0,30.06,10.0,Calm,,,Clear,False,False,False,False,False,False,False,False,False,False,False,False,False,Night,33.7_-84.7
A-2642407,3,2018-06-10 03:16:23,2018-06-10 09:16:23,33.726820000000004,-84.76679,0.485,Douglasville,Douglas,GA,30135,US/Eastern,KFTY,2018-06-10 02:53:00,70.0,,97.0,30.0,10.0,Calm,,,Clear,False,False,False,False,True,False,False,False,False,False,False,False,False,Night,33.7_-84.7
A-2656813,4,2018-05-19 18:14:25,2018-05-20 00:14:25,33.70616,-84.77087,0.0,Douglasville,Douglas,GA,30135-2364,US/Eastern,KFTY,2018-05-19 17:53:00,86.0,,53.0,29.96,10.0,West,6.9,,Partly Cloudy,False,False,False,False,False,False,False,False,False,False,False,False,False,Day,33.7_-84.7
A-2659405,3,2018-05-28 14:41:24,2018-05-28 20:41:24,33.727103,-84.766839,4.146,Douglasville,Douglas,GA,30135,US/Eastern,KFTY,2018-05-28 14:53:00,80.1,,79.0,29.81,10.0,ENE,11.5,0.0,Mostly Cloudy,False,False,False,False,False,False,False,False,False,False,False,False,False,Day,33.7_-84.7
A-2662446,4,2018-04-05 17:53:16,2018-04-05 23:53:16,33.727103,-84.766839,4.146,Douglasville,Douglas,GA,30135,US/Eastern,KFTY,2018-04-05 17:53:00,66.9,,23.0,30.1,10.0,WNW,4.6,,Clear,False,False,False,False,False,False,False,False,False,False,False,False,False,Day,33.7_-84.7
A-2664855,3,2018-04-12 06:42:57,2018-04-12 12:42:57,33.749262,-84.717323,0.396,Douglasville,Douglas,GA,30135,US/Eastern,KFTY,2018-04-12 06:53:00,43.0,,97.0,30.18,10.0,Calm,,,Clear,False,False,False,False,False,False,False,False,False,False,False,False,False,Night,33.7_-84.7
A-2667931,3,2018-04-20 07:50:28,2018-04-20 13:50:28,33.73601,-84.73161,0.913,Douglasville,Douglas,GA,30135,US/Eastern,KFTY,2018-04-20 07:53:00,39.0,,93.0,30.33,10.0,Calm,,,Clear,False,False,False,False,False,False,False,False,False,False,False,False,False,Day,33.7_-84.7
A-2670635,3,2018-04-27 20:19:27,2018-04-28 02:19:27,33.729611,-84.753671,0.7759999999999999,Douglasville,Douglas,GA,30135,US/Eastern,KFTY,2018-04-27 19:53:00,68.0,,45.0,29.86,10.0,West,6.9,,Clear,False,False,False,False,False,False,False,False,False,False,False,False,False,Night,33.7_-84.7
A-2684819,4,2018-02-02 00:01:48,2018-02-02 06:01:48,33.75288,-84.71136,2.516,Douglasville,Douglas,GA,30135,US/Eastern,KFTY,2018-02-02 00:20:00,44.1,38.6,93.0,30.12,10.0,NW,10.4,0.01,Light Rain,False,False,False,False,True,False,False,False,False,False,False,False,False,Night,33.7_-84.7
A-2704115,3,2018-01-16 07:11:36,2018-01-16 13:11:36,33.749262,-84.717323,0.396,Douglasville,Douglas,GA,30135,US/Eastern,KFTY,2018-01-16 06:53:00,26.1,,96.0,30.4,10.0,Calm,,,Clear,False,False,False,False,False,False,False,False,False,False,False,False,False,Night,33.7_-84.7
A-2711991,2,2017-11-30 18:29:40,2017-12-01 00:29:40,33.726820000000004,-84.76679,0.485,Douglasville,Douglas,GA,30135,US/Eastern,KFTY,2017-11-30 18:27:00,63.0,,93.0,30.1,10.0,Calm,,,Mostly Cloudy,False,False,False,False,True,False,False,False,False,False,False,False,False,Night,33.7_-84.7
A-2739460,3,2017-10-10 16:02:39,2017-10-10 22:02:39,33.730909999999994,-84.74463,0.7,Douglasville,Douglas,GA,30135,US/Eastern,KFTY,2017-10-10 15:53:00,87.1,,61.0,30.03,10.0,WSW,8.1,,Scattered Clouds,False,False,False,False,True,False,False,False,False,False,False,False,False,Day,33.7_-84.7
A-2752944,3,2017-09-16 17:42:12,2017-09-16 23:42:12,33.748870000000004,-84.71779000000002,0.433,Douglasville,Douglas,GA,30135,US/Eastern,KFTY,2017-09-16 17:53:00,84.9,,55.0,30.05,10.0,North,4.6,,Scattered Clouds,False,False,False,False,True,False,False,False,False,False,False,False,False,Day,33.7_-84.7
A-2755682,4,2017-09-23 01:53:27,2017-09-23 07:53:27,33.73604,-84.73156999999998,2.028,Douglasville,Douglas,GA,30135,US/Eastern,KFTY,2017-09-23 01:53:00,69.1,,100.0,30.0,8.0,Calm,,,Clear,False,False,False,False,False,False,False,False,False,False,False,False,False,Night,33.7_-84.7
A-2781676,3,2019-04-22 10:23:48,2019-04-22 10:53:24,33.74884,-84.71781999999997,0.436,Douglasville,Douglas,GA,30135,US/Eastern,KFTY,2019-04-22 09:53:00,59.0,59.0,72.0,29.31,10.0,CALM,0.0,0.0,Fair,False,False,False,False,True,False,False,False,False,False,False,False,False,Day,33.7_-84.7
A-2795433,2,2019-05-23 16:20:16,2019-05-23 16:47:29,33.72895,-84.75749,0.5529999999999999,Douglasville,Douglas,GA,30135,US/Eastern,KFTY,2019-05-23 15:53:00,87.0,87.0,46.0,29.29,10.0,E,3.0,0.0,Partly Cloudy,False,False,False,False,False,False,False,False,False,False,False,False,False,Day,33.7_-84.7
A-2813558,4,2019-05-31 09:51:49,2019-05-31 10:21:20,33.704096,-84.780165,0.204,Douglasville,Douglas,GA,30135-3309,US/Eastern,KFTY,2019-05-31 09:53:00,79.0,79.0,64.0,29.06,10.0,VAR,5.0,0.0,Fair,False,False,False,False,False,False,False,False,False,False,False,False,False,Day,33.7_-84.7
A-2813559,4,2019-05-31 09:51:49,2019-05-31 10:21:20,33.70585,-84.77730799999998,0.204,Douglasville,Douglas,GA,30135-2302,US/Eastern,KFTY,2019-05-31 09:53:00,79.0,79.0,64.0,29.06,10.0,VAR,5.0,0.0,Fair,False,False,False,False,False,False,False,False,False,False,False,False,False,Day,33.7_-84.7
A-2814323,3,2019-08-25 14:41:30,2019-08-25 15:10:22,33.73601,-84.73161,0.916,Douglasville,Douglas,GA,30135,US/Eastern,KFTY,2019-08-25 14:53:00,75.0,75.0,66.0,29.18,10.0,E,8.0,0.0,Cloudy,False,False,False,False,False,False,False,False,False,False,False,False,False,Day,33.7_-84.7
A-2828436,3,2019-07-19 00:55:43,2019-07-19 01:25:30,33.73464,-84.7333,1.753,Douglasville,Douglas,GA,30135,US/Eastern,KFTY,2019-07-19 00:53:00,78.0,78.0,90.0,29.16,10.0,SW,3.0,0.0,Fair,False,False,False,False,False,False,False,False,False,False,False,False,False,Night,33.7_-84.7
A-2832653,3,2019-07-27 08:43:05,2019-07-27 09:11:59,33.72912,-84.75518100000002,1.314,Douglasville,Douglas,GA,30135,US/Eastern,KFTY,2019-07-27 08:53:00,73.0,73.0,73.0,29.41,10.0,CALM,0.0,0.0,Fair,False,False,False,False,False,False,False,False,False,False,False,False,False,Day,33.7_-84.7
A-2838349,2,2019-08-08 20:12:55,2019-08-08 20:41:59,33.73601,-84.73161,0.916,Douglasville,Douglas,GA,30135,US/Eastern,KFTY,2019-08-08 19:53:00,87.0,87.0,55.0,29.02,10.0,W,7.0,0.0,Fair,False,False,False,False,False,False,False,False,False,False,False,False,False,Day,33.7_-84.7
A-2843490,2,2019-08-20 15:37:18,2019-08-20 16:05:47,33.74884,-84.71781999999997,0.436,Douglasville,Douglas,GA,30135,US/Eastern,KFTY,2019-08-20 15:53:00,93.0,93.0,42.0,29.16,10.0,CALM,0.0,0.0,Fair,False,False,False,False,True,False,False,False,False,False,False,False,False,Day,33.7_-84.7
A-2844005,2,2019-08-21 19:01:15,2019-08-21 19:29:41,33.74884,-84.71781999999997,0.436,Douglasville,Douglas,GA,30135,US/Eastern,KFTY,2019-08-21 18:53:00,91.0,91.0,43.0,29.13,10.0,S,6.0,0.0,Fair,False,False,False,False,True,False,False,False,False,False,False,False,False,Day,33.7_-84.7
