ID,Severity,Start_Time,End_Time,Start_Lat,Start_Lng,Distance(mi),City,County,State,Zipcode,Timezone,Airport_Code,Weather_Timestamp,Temperature(F),Wind_Chill(F),Humidity(%),Pressure(in),Visibility(mi),Wind_Direction,Wind_Speed(mph),Precipitation(in),Weather_Condition,Amenity,Bump,Crossing,Give_Way,Junction,No_Exit,Railway,Roundabout,Station,Stop,Traffic_Calming,Traffic_Signal,Turning_Loop,Sunrise_Sunset,DF_Matching
A-51892,4,2016-11-04 21:53:44,2016-11-05 05:53:44,33.14908,-82.45729,0.753,Stapleton,Jefferson,GA,30823,US/Eastern,KHQU,2016-11-04 21:55:00,56.7,,85.0,30.26,10.0,Calm,,,Clear,False,False,False,False,False,False,False,False,False,False,False,False,False,Night,33.1_-82.4
A-51893,4,2016-11-04 21:53:44,2016-11-05 05:53:44,33.15997,-82.4567,0.753,Stapleton,Jefferson,GA,30823-6970,US/Eastern,KHQU,2016-11-04 21:55:00,56.7,,85.0,30.26,10.0,Calm,,,Clear,False,False,False,False,False,False,False,False,False,False,False,False,False,Night,33.1_-82.4
A-2513167,4,2019-03-03 16:05:14,2019-03-03 16:34:29,33.155885999999995,-82.459088,0.195,Stapleton,Jefferson,GA,30823-6939,US/Eastern,KHQU,2019-03-03 16:10:00,64.6,,98.0,29.75,1.2,SE,3.5,0.09,Overcast,False,False,False,False,False,False,False,False,False,False,False,False,False,Day,33.1_-82.4
A-2606264,4,2018-09-08 03:01:52,2018-09-08 03:31:37,33.151616,-82.47353000000003,1.5930000000000002,Stapleton,Jefferson,GA,30823-6963,US/Eastern,KHQU,2018-09-08 02:55:00,70.7,,95.0,30.07,10.0,Calm,,,Clear,False,False,False,False,False,False,False,False,False,False,False,False,False,Night,33.1_-82.4
A-2791860,4,2019-05-16 00:29:56,2019-05-16 00:58:39,33.147966,-82.497861,1.793,Avera,Jefferson,GA,30803,US/Eastern,KHQU,2019-05-16 00:35:00,64.0,64.0,87.0,29.5,10.0,CALM,0.0,0.0,Mostly Cloudy,False,False,False,False,False,False,False,False,False,False,False,False,False,Night,33.1_-82.4
A-2832208,4,2019-07-26 15:08:43,2019-07-26 15:38:13,33.103108,-82.408123,0.584,Louisville,Jefferson,GA,30434-3263,US/Eastern,KOKZ,2019-07-26 15:15:00,85.0,85.0,33.0,29.72,10.0,E,7.0,,Partly Cloudy,False,False,False,False,False,False,False,False,False,False,False,False,False,Day,33.1_-82.4
