ID,Severity,Start_Time,End_Time,Start_Lat,Start_Lng,Distance(mi),City,County,State,Zipcode,Timezone,Airport_Code,Weather_Timestamp,Temperature(F),Wind_Chill(F),Humidity(%),Pressure(in),Visibility(mi),Wind_Direction,Wind_Speed(mph),Precipitation(in),Weather_Condition,Amenity,Bump,Crossing,Give_Way,Junction,No_Exit,Railway,Roundabout,Station,Stop,Traffic_Calming,Traffic_Signal,Turning_Loop,Sunrise_Sunset,DF_Matching
A-84136,3,2016-07-06 15:16:44,2016-07-06 21:16:44,32.63203,-84.80138000000002,0.024,Ellerslie,Harris,GA,31807-5755,US/Eastern,KCSG,2016-07-06 14:51:00,82.9,,74.0,30.07,10.0,West,11.5,0.01,Light Thunderstorms and Rain,False,False,False,False,False,False,False,False,False,False,False,False,False,Day,32.6_-84.8
A-2708498,4,2018-01-25 11:34:43,2018-01-25 17:34:43,32.632936,-84.800063,0.154,Ellerslie,Harris,GA,31807-5752,US/Eastern,KCSG,2018-01-25 11:51:00,55.0,,28.0,30.52,10.0,NNE,9.2,,Clear,False,False,False,False,False,False,False,False,False,False,False,False,False,Day,32.6_-84.8
A-2708499,4,2018-01-25 11:34:43,2018-01-25 17:34:43,32.631397,-84.801986,0.154,Ellerslie,Harris,GA,31807-5746,US/Eastern,KCSG,2018-01-25 11:51:00,55.0,,28.0,30.52,10.0,NNE,9.2,,Clear,False,False,False,False,False,False,False,False,False,False,False,False,False,Day,32.6_-84.8
A-2817961,4,2019-08-29 11:58:15,2019-08-29 12:27:16,32.675315999999995,-84.859163,0.145,Cataula,Harris,GA,31804,US/Eastern,KCSG,2019-08-29 11:51:00,86.0,86.0,38.0,29.65,10.0,NE,6.0,0.0,Fair,False,False,False,False,False,False,False,False,False,False,False,False,False,Day,32.6_-84.8
A-2817962,4,2019-08-29 11:58:15,2019-08-29 12:27:16,32.673213,-84.85904000000002,0.145,Cataula,Harris,GA,31804-3732,US/Eastern,KCSG,2019-08-29 11:51:00,86.0,86.0,38.0,29.65,10.0,NE,6.0,0.0,Fair,False,False,False,False,False,False,False,False,False,False,False,False,False,Day,32.6_-84.8
