ID,Severity,Start_Time,End_Time,Start_Lat,Start_Lng,Distance(mi),City,County,State,Zipcode,Timezone,Airport_Code,Weather_Timestamp,Temperature(F),Wind_Chill(F),Humidity(%),Pressure(in),Visibility(mi),Wind_Direction,Wind_Speed(mph),Precipitation(in),Weather_Condition,Amenity,Bump,Crossing,Give_Way,Junction,No_Exit,Railway,Roundabout,Station,Stop,Traffic_Calming,Traffic_Signal,Turning_Loop,Sunrise_Sunset,DF_Matching
A-68944,2,2016-08-04 10:31:41,2016-08-04 16:31:41,31.45032,-84.118094,0.212,Albany,Dougherty,GA,31705-9700,US/Eastern,KABY,2016-08-04 10:53:00,87.1,,65.0,30.02,10.0,Calm,,,Clear,False,False,False,False,False,False,False,False,False,False,False,False,False,Day,31.4_-84.1
A-149258,2,2017-02-14 20:41:06,2017-02-15 02:41:06,31.499868,-84.1156,0.217,Albany,Dougherty,GA,31705-5905,US/Eastern,KABY,2017-02-14 20:53:00,60.1,,67.0,29.87,10.0,Calm,,,Clear,False,False,False,False,False,False,False,False,False,False,False,False,False,Night,31.4_-84.1
A-153752,4,2017-03-02 18:40:50,2017-03-03 00:40:50,31.46477,-84.11786,0.075,Albany,Dougherty,GA,31705-6161,US/Eastern,KABY,2017-03-02 18:53:00,57.0,,33.0,30.28,10.0,NW,4.6,,Clear,False,False,False,False,False,False,False,False,False,False,False,False,False,Night,31.4_-84.1
A-302174,2,2021-11-12 18:49:00,2021-11-12 20:04:00,31.464772,-84.117855,0.221,Albany,Dougherty,GA,31705-6161,US/Eastern,KABY,2021-11-12 18:53:00,60.0,60.0,69.0,29.85,10.0,CALM,0.0,0.0,Fair,False,False,False,False,False,False,False,False,False,False,False,False,False,Night,31.4_-84.1
A-487556,2,2021-11-12 19:06:24.000000000,2021-11-12 19:47:15.000000000,31.459364,-84.11779,0.594,Albany,Dougherty,GA,31705,US/Eastern,KABY,2021-11-12 18:53:00,60.0,60.0,69.0,29.85,10.0,CALM,0.0,0.0,Fair,False,False,False,False,False,False,False,False,False,False,False,False,False,Night,31.4_-84.1
A-1227456,2,2021-11-12 18:49:00.000000000,2021-11-12 20:04:00.000000000,31.464772,-84.117855,0.221,Albany,Dougherty,GA,31705-6161,US/Eastern,KABY,2021-11-12 18:53:00,60.0,60.0,69.0,29.85,10.0,CALM,0.0,0.0,Fair,False,False,False,False,False,False,False,False,False,False,False,False,False,Night,31.4_-84.1
A-2566453,4,2018-12-28 08:03:15,2018-12-28 08:33:07,31.458371000000003,-84.11778199999998,0.878,Albany,Dougherty,GA,31705-6150,US/Eastern,KABY,2018-12-28 07:53:00,70.0,,90.0,30.05,10.0,South,10.4,0.0,Overcast,False,False,False,False,False,False,False,False,False,False,False,False,False,Day,31.4_-84.1
A-2640146,4,2018-06-04 20:26:46,2018-06-05 02:26:46,31.47598,-84.11743,0.0,Albany,Dougherty,GA,31705,US/Eastern,KABY,2018-06-04 20:53:00,77.0,,62.0,29.91,10.0,Calm,,,Clear,False,False,False,False,False,False,False,False,False,False,False,False,False,Day,31.4_-84.1
