ID,Severity,Start_Time,End_Time,Start_Lat,Start_Lng,Distance(mi),City,County,State,Zipcode,Timezone,Airport_Code,Weather_Timestamp,Temperature(F),Wind_Chill(F),Humidity(%),Pressure(in),Visibility(mi),Wind_Direction,Wind_Speed(mph),Precipitation(in),Weather_Condition,Amenity,Bump,Crossing,Give_Way,Junction,No_Exit,Railway,Roundabout,Station,Stop,Traffic_Calming,Traffic_Signal,Turning_Loop,Sunrise_Sunset,DF_Matching
A-175458,4,2017-04-13 08:39:29,2017-04-13 14:39:29,32.293932,-82.134088,0.5870000000000001,Cobbtown,Tattnall,GA,30420,US/Eastern,KVDI,2017-04-13 08:35:00,60.8,,94.0,30.28,10.0,Calm,,,Mostly Cloudy,False,False,False,False,False,False,False,False,False,False,False,False,False,Day,32.2_-82.1
A-175460,4,2017-04-13 08:39:29,2017-04-13 14:39:29,32.286535,-82.139014,0.5870000000000001,Cobbtown,Tattnall,GA,30420-3606,US/Eastern,KVDI,2017-04-13 08:35:00,60.8,,94.0,30.28,10.0,Calm,,,Mostly Cloudy,False,False,False,False,False,False,False,False,False,False,False,False,False,Day,32.2_-82.1
A-2527227,4,2019-02-22 17:32:20,2019-02-22 18:02:16,32.253669,-82.131208,0.8,Cobbtown,Tattnall,GA,30420-5844,US/Eastern,KVDI,2019-02-22 17:35:00,80.6,,45.0,30.14,10.0,West,3.5,,Clear,False,False,False,False,False,False,False,False,False,False,False,False,False,Day,32.2_-82.1
A-2527228,4,2019-02-22 17:32:20,2019-02-22 18:02:16,32.242408000000005,-82.128002,0.8,Collins,Tattnall,GA,30421-4137,US/Eastern,KCWV,2019-02-22 17:35:00,82.8,,48.0,30.13,7.0,Calm,,,Clear,False,False,False,False,False,False,False,False,False,False,False,False,False,Day,32.2_-82.1
A-2664875,4,2018-04-12 11:53:28,2018-04-12 17:53:28,32.296565,-82.143477,2.3040000000000003,Cobbtown,Tattnall,GA,30420-2341,US/Eastern,KVDI,2018-04-12 11:55:00,71.6,,46.0,30.26,10.0,SE,5.8,,Clear,False,False,False,False,False,False,False,False,False,False,False,False,False,Day,32.2_-82.1
