ID,Severity,Start_Time,End_Time,Start_Lat,Start_Lng,Distance(mi),City,County,State,Zipcode,Timezone,Airport_Code,Weather_Timestamp,Temperature(F),Wind_Chill(F),Humidity(%),Pressure(in),Visibility(mi),Wind_Direction,Wind_Speed(mph),Precipitation(in),Weather_Condition,Amenity,Bump,Crossing,Give_Way,Junction,No_Exit,Railway,Roundabout,Station,Stop,Traffic_Calming,Traffic_Signal,Turning_Loop,Sunrise_Sunset,DF_Matching
A-160423,4,2017-03-25 06:33:48,2017-03-25 12:33:48,33.107694,-83.25664300000003,0.12,Milledgeville,Baldwin,GA,31061-4901,US/Eastern,KMLJ,2017-03-25 06:35:00,53.6,,100.0,30.29,10.0,Calm,,,Clear,False,False,False,False,False,False,False,False,False,False,False,False,False,Night,33.1_-83.2
A-281447,2,2021-08-24 14:47:00,2021-08-24 17:45:00,33.10239,-83.24896700000002,0.0559999999999999,Milledgeville,Baldwin,GA,31061-2317,US/Eastern,KMLJ,,,,,,,,,,,False,False,False,False,False,False,False,False,False,False,False,False,False,Day,33.1_-83.2
A-396426,2,2021-10-19 07:49:09,2021-10-19 09:18:41,33.186357,-83.29138,1.213,Milledgeville,Baldwin,GA,31061-2491,US/Eastern,KMLJ,,,,,,,,,,,False,False,False,False,False,False,False,False,False,False,False,False,False,Day,33.1_-83.2
A-749723,2,2021-08-24 14:47:00,2021-08-24 17:45:00,33.101737,-83.24839399999998,0.0559999999999999,Milledgeville,Baldwin,GA,31061-2314,US/Eastern,KMLJ,,,,,,,,,,,False,False,False,False,False,False,False,False,False,False,False,True,False,Day,33.1_-83.2
A-1297659,2,2021-08-24 14:47:00,2021-08-24 17:45:00,33.101737,-83.24839399999998,0.0559999999999999,Milledgeville,Baldwin,GA,31061-2314,US/Eastern,KMLJ,,,,,,,,,,,False,False,False,False,False,False,False,False,False,False,False,True,False,Day,33.1_-83.2
A-1746180,4,2020-11-11 01:05:00,2020-11-11 03:15:00,33.173516,-83.283018,0.0579999999999999,Milledgeville,Baldwin,GA,31061-8797,US/Eastern,KMLJ,2020-11-11 00:20:00,73.0,,100.0,29.55,10.0,,,0.0,Cloudy,False,False,False,False,False,False,False,False,False,False,False,False,False,Night,33.1_-83.2
A-1832920,2,2020-11-11 01:05:00,2020-11-11 03:15:00,33.172804,-83.28247900000002,0.0579999999999999,Milledgeville,Baldwin,GA,31061-8797,US/Eastern,KMLJ,2020-11-11 00:20:00,73.0,,100.0,29.55,10.0,,,0.0,Cloudy,False,False,False,False,False,False,False,False,False,False,False,False,False,Night,33.1_-83.2
