ID,Severity,Start_Time,End_Time,Start_Lat,Start_Lng,Distance(mi),City,County,State,Zipcode,Timezone,Airport_Code,Weather_Timestamp,Temperature(F),Wind_Chill(F),Humidity(%),Pressure(in),Visibility(mi),Wind_Direction,Wind_Speed(mph),Precipitation(in),Weather_Condition,Amenity,Bump,Crossing,Give_Way,Junction,No_Exit,Railway,Roundabout,Station,Stop,Traffic_Calming,Traffic_Signal,Turning_Loop,Sunrise_Sunset,DF_Matching
A-32245,2,2016-12-02 09:16:26,2016-12-02 15:16:26,33.13206,-84.014444,0.177,Forsyth,Monroe,GA,31029,US/Eastern,KOPN,2016-12-02 09:15:00,44.6,41.4,49.0,30.25,10.0,North,5.8,,Clear,False,False,False,False,False,False,False,False,False,False,False,False,False,Day,33.1_-84.0
A-160769,3,2017-03-27 14:03:06,2017-03-27 20:03:06,33.11602,-84.00362,0.6559999999999999,Forsyth,Monroe,GA,31029,US/Eastern,KOPN,2017-03-27 13:55:00,80.6,,37.0,30.07,10.0,SW,12.7,,Mostly Cloudy,False,False,False,False,False,False,False,False,False,False,False,False,False,Day,33.1_-84.0
A-209658,4,2017-07-06 00:40:45,2017-07-06 06:40:45,33.10934,-84.00222,0.584,Forsyth,Monroe,GA,31029,US/Eastern,KOPN,2017-07-06 00:35:00,73.4,,88.0,30.16,10.0,Calm,,,Overcast,False,False,False,False,True,False,False,False,False,False,False,False,False,Night,33.1_-84.0
A-272658,2,2021-11-28 10:17:00,2021-11-28 11:32:00,33.104587,-84.001285,1.4069999999999998,Forsyth,Monroe,GA,31029,US/Eastern,KOPN,2021-11-28 10:15:00,52.0,52.0,47.0,29.22,10.0,NW,8.0,0.0,Fair,False,False,False,False,False,False,False,False,False,False,False,False,False,Day,33.1_-84.0
A-335207,2,2021-11-26 14:01:31.000000000,2021-11-26 15:21:28.000000000,33.117909999999995,-84.003685,3.675,Forsyth,Monroe,GA,31029,US/Eastern,KOPN,2021-11-26 13:55:00,55.0,55.0,29.0,29.24,10.0,N,10.0,0.0,Fair,False,False,False,False,False,False,False,False,False,False,False,False,False,Day,33.1_-84.0
A-355978,2,2021-10-30 10:20:00,2021-10-30 12:45:00,33.161083000000005,-84.03778100000002,3.668,Barnesville,Monroe,GA,30204,US/Eastern,KOPN,2021-10-30 10:15:00,54.0,54.0,94.0,28.89,10.0,W,7.0,0.0,Cloudy,False,False,False,False,False,False,False,False,False,False,False,False,False,Day,33.1_-84.0
A-401405,2,2021-08-26 13:15:00,2021-08-26 15:00:00,33.117909999999995,-84.003685,3.675,Forsyth,Monroe,GA,31029,US/Eastern,KOPN,2021-08-26 13:15:00,86.0,86.0,62.0,29.33,10.0,SE,7.0,0.0,Partly Cloudy,False,False,False,False,False,False,False,False,False,False,False,False,False,Day,33.1_-84.0
A-418235,2,2021-08-30 11:31:00,2021-08-30 13:45:00,33.161083000000005,-84.03778100000002,3.668,Barnesville,Monroe,GA,30204,US/Eastern,KOPN,2021-08-30 11:35:00,82.0,82.0,74.0,29.2,10.0,S,9.0,0.0,Mostly Cloudy,False,False,False,False,False,False,False,False,False,False,False,False,False,Day,33.1_-84.0
A-422168,2,2021-08-30 11:30:30,2021-08-30 13:01:20,33.161083000000005,-84.03778100000002,3.668,Barnesville,Monroe,GA,30204,US/Eastern,KOPN,2021-08-30 11:35:00,82.0,82.0,74.0,29.2,10.0,S,9.0,0.0,Mostly Cloudy,False,False,False,False,False,False,False,False,False,False,False,False,False,Day,33.1_-84.0
A-448258,2,2021-11-13 09:05:00,2021-11-13 10:20:00,33.116344,-84.003664,0.664,Forsyth,Monroe,GA,31029,US/Eastern,KOPN,2021-11-13 09:15:00,52.0,52.0,71.0,29.18,10.0,N,7.0,0.0,Fair,False,False,False,False,True,False,False,False,False,False,False,False,False,Day,33.1_-84.0
A-455963,2,2021-12-27 19:56:00,2021-12-27 22:15:00,33.106838,-84.001926,2.7310000000000003,Forsyth,Monroe,GA,31029,US/Eastern,KOPN,2021-12-27 19:55:00,63.0,63.0,94.0,29.14,10.0,CALM,0.0,0.0,Mostly Cloudy,False,False,False,False,False,False,False,False,False,False,False,False,False,Night,33.1_-84.0
A-480028,2,2021-10-17 15:20:00,2021-10-17 16:56:00,33.161083000000005,-84.03778100000002,3.668,Barnesville,Monroe,GA,30204,US/Eastern,KOPN,2021-10-17 15:15:00,68.0,68.0,37.0,29.28,10.0,NNW,10.0,0.0,Fair,False,False,False,False,False,False,False,False,False,False,False,False,False,Day,33.1_-84.0
A-559747,2,2021-08-26 13:15:00,2021-08-26 14:30:00,33.117909999999995,-84.003685,3.675,Forsyth,Monroe,GA,31029,US/Eastern,KOPN,2021-08-26 13:15:00,86.0,86.0,62.0,29.33,10.0,SE,7.0,0.0,Partly Cloudy,False,False,False,False,False,False,False,False,False,False,False,False,False,Day,33.1_-84.0
A-564071,2,2021-10-17 15:41:00,2021-10-17 17:45:00,33.161083000000005,-84.03778100000002,3.668,Barnesville,Monroe,GA,30204,US/Eastern,KOPN,2021-10-17 15:35:00,70.0,70.0,35.0,29.28,10.0,NNW,7.0,0.0,Fair,False,False,False,False,False,False,False,False,False,False,False,False,False,Day,33.1_-84.0
A-595294,2,2021-11-26 14:01:31,2021-11-26 14:35:08,33.117909999999995,-84.003685,3.675,Forsyth,Monroe,GA,31029,US/Eastern,KOPN,2021-11-26 13:55:00,55.0,55.0,29.0,29.24,10.0,N,10.0,0.0,Fair,False,False,False,False,False,False,False,False,False,False,False,False,False,Day,33.1_-84.0
A-621133,2,2021-09-17 02:12:00,2021-09-17 06:45:00,33.161083000000005,-84.03778100000002,3.668,Barnesville,Monroe,GA,30204,US/Eastern,KOPN,2021-09-17 02:15:00,72.0,72.0,94.0,29.24,10.0,SE,7.0,0.0,Cloudy,False,False,False,False,False,False,False,False,False,False,False,False,False,Night,33.1_-84.0
A-638280,4,2021-08-30 11:31:00,2021-08-30 13:45:00,33.161083000000005,-84.03778100000002,3.668,Barnesville,Monroe,GA,30204,US/Eastern,KOPN,2021-08-30 11:35:00,82.0,82.0,74.0,29.2,10.0,S,9.0,0.0,Mostly Cloudy,False,False,False,False,False,False,False,False,False,False,False,False,False,Day,33.1_-84.0
A-646007,2,2021-08-24 15:22:00,2021-08-24 17:45:00,33.171254,-84.042609,2.499,Barnesville,Lamar,GA,30204,US/Eastern,KOPN,2021-08-24 15:15:00,91.0,91.0,52.0,29.19,10.0,ENE,6.0,0.0,Partly Cloudy,False,False,False,False,False,False,False,False,False,False,False,False,False,Day,33.1_-84.0
A-703476,2,2021-11-21 10:44:00,2021-11-21 12:02:00,33.106838,-84.001926,3.355,Forsyth,Monroe,GA,31029,US/Eastern,KOPN,2021-11-21 10:35:00,55.0,55.0,72.0,29.47,10.0,SSE,6.0,0.0,Cloudy,False,False,False,False,False,False,False,False,False,False,False,False,False,Day,33.1_-84.0
A-708500,2,2021-10-30 10:20:00.000000000,2021-10-30 12:45:00.000000000,33.161083000000005,-84.03778100000002,3.668,Barnesville,Monroe,GA,30204,US/Eastern,KOPN,2021-10-30 10:15:00,54.0,54.0,94.0,28.89,10.0,W,7.0,0.0,Cloudy,False,False,False,False,False,False,False,False,False,False,False,False,False,Day,33.1_-84.0
A-780802,2,2021-10-31 10:58:00.000000000,2021-10-31 13:42:30.000000000,33.159287,-84.036888,5.687,Barnesville,Monroe,GA,30204,US/Eastern,KOPN,2021-10-31 10:55:00,57.0,57.0,67.0,29.15,10.0,NNW,10.0,0.0,Cloudy,False,False,False,False,False,False,False,False,False,False,False,False,False,Day,33.1_-84.0
A-804060,2,2021-11-28 09:58:30.000000000,2021-11-28 11:23:00.000000000,33.147372999999995,-84.030877,4.794,Barnesville,Monroe,GA,30204,US/Eastern,KOPN,2021-11-28 09:55:00,52.0,52.0,47.0,29.21,10.0,NW,8.0,0.0,Fair,False,False,False,False,False,False,False,False,False,False,False,False,False,Day,33.1_-84.0
A-858308,2,2021-11-21 10:42:48,2021-11-21 13:28:30,33.134765,-84.01755899999998,5.468999999999999,Forsyth,Monroe,GA,31029,US/Eastern,KOPN,2021-11-21 10:35:00,55.0,55.0,72.0,29.47,10.0,SSE,6.0,0.0,Cloudy,False,False,False,False,False,False,False,False,False,False,False,False,False,Day,33.1_-84.0
A-880088,2,2021-07-07 11:59:31,2021-07-07 16:46:49,33.171267,-84.042611,10.442,Barnesville,Lamar,GA,30204,US/Eastern,KOPN,2021-07-07 11:55:00,81.0,81.0,74.0,29.23,10.0,ESE,7.0,0.0,Mostly Cloudy,False,False,False,False,False,False,False,False,False,False,False,False,False,Day,33.1_-84.0
A-908506,2,2021-11-26 13:58:00,2021-11-26 15:15:00,33.117909999999995,-84.003685,3.675,Forsyth,Monroe,GA,31029,US/Eastern,KOPN,2021-11-26 13:55:00,55.0,55.0,29.0,29.24,10.0,N,10.0,0.0,Fair,False,False,False,False,False,False,False,False,False,False,False,False,False,Day,33.1_-84.0
A-936124,2,2021-08-30 11:31:00,2021-08-30 12:46:00,33.161083000000005,-84.03778100000002,3.668,Barnesville,Monroe,GA,30204,US/Eastern,KOPN,2021-08-30 11:35:00,82.0,82.0,74.0,29.2,10.0,S,9.0,0.0,Mostly Cloudy,False,False,False,False,False,False,False,False,False,False,False,False,False,Day,33.1_-84.0
A-948540,2,2021-12-18 09:55:00,2021-12-18 11:19:00,33.106838,-84.001926,2.7310000000000003,Forsyth,Monroe,GA,31029,US/Eastern,KOPN,2021-12-18 09:55:00,64.0,64.0,94.0,29.27,10.0,S,8.0,0.0,Cloudy,False,False,False,False,False,False,False,False,False,False,False,False,False,Day,33.1_-84.0
A-948541,2,2021-11-23 21:22:00,2021-11-23 22:50:00,33.104587,-84.001285,1.5319999999999998,Forsyth,Monroe,GA,31029,US/Eastern,KOPN,2021-11-23 21:15:00,37.0,37.0,56.0,29.42,10.0,N,3.0,0.0,Fair,False,False,False,False,False,False,False,False,False,False,False,False,False,Night,33.1_-84.0
A-970401,2,2021-11-27 21:30:00,2021-11-27 22:52:00,33.109241,-84.00222600000002,0.606,Forsyth,Monroe,GA,31029,US/Eastern,KOPN,2021-11-27 21:35:00,46.0,46.0,57.0,29.23,10.0,CALM,0.0,0.0,Fair,False,False,False,False,True,False,False,False,False,False,False,False,False,Night,33.1_-84.0
A-990058,2,2021-09-17 02:12:00.000000000,2021-09-17 05:45:00.000000000,33.161083000000005,-84.03778100000002,3.668,Barnesville,Monroe,GA,30204,US/Eastern,KOPN,2021-09-17 02:15:00,72.0,72.0,94.0,29.24,10.0,SE,7.0,0.0,Cloudy,False,False,False,False,False,False,False,False,False,False,False,False,False,Night,33.1_-84.0
A-1022387,2,2021-10-17 15:20:00,2021-10-17 16:56:00,33.161083000000005,-84.03778100000002,3.668,Barnesville,Monroe,GA,30204,US/Eastern,KOPN,2021-10-17 15:15:00,68.0,68.0,37.0,29.28,10.0,NNW,10.0,0.0,Fair,False,False,False,False,False,False,False,False,False,False,False,False,False,Day,33.1_-84.0
A-1168736,2,2021-12-18 09:55:00.000000000,2021-12-18 12:00:00.000000000,33.106838,-84.001926,2.7310000000000003,Forsyth,Monroe,GA,31029,US/Eastern,KOPN,2021-12-18 09:55:00,64.0,64.0,94.0,29.27,10.0,S,8.0,0.0,Cloudy,False,False,False,False,False,False,False,False,False,False,False,False,False,Day,33.1_-84.0
A-1254326,2,2021-10-31 11:27:00,2021-10-31 12:42:00,33.104587,-84.001285,1.4069999999999998,Forsyth,Monroe,GA,31029,US/Eastern,KOPN,2021-10-31 11:35:00,59.0,59.0,63.0,29.16,10.0,NNW,8.0,0.0,Cloudy,False,False,False,False,False,False,False,False,False,False,False,False,False,Day,33.1_-84.0
A-1264091,2,2021-12-15 05:49:00,2021-12-15 07:45:00,33.162546,-84.038262,0.289,Barnesville,Monroe,GA,30204,US/Eastern,KOPN,2021-12-15 05:55:00,52.0,52.0,71.0,29.57,10.0,E,9.0,0.0,Cloudy,False,False,False,False,True,False,False,False,False,False,False,False,False,Night,33.1_-84.0
A-1368992,2,2021-11-28 19:56:00,2021-11-28 21:11:00,33.109241,-84.00222600000002,0.606,Forsyth,Monroe,GA,31029,US/Eastern,KOPN,2021-11-28 19:55:00,46.0,44.0,66.0,29.17,10.0,NW,5.0,0.0,Fair,False,False,False,False,True,False,False,False,False,False,False,False,False,Night,33.1_-84.0
A-1423931,2,2021-09-17 04:48:30.000000000,2021-09-17 05:02:30.000000000,33.161083000000005,-84.03778100000002,3.668,Barnesville,Monroe,GA,30204,US/Eastern,KOPN,2021-09-17 06:55:00,72.0,72.0,94.0,29.26,7.0,SE,3.0,0.0,Cloudy,False,False,False,False,False,False,False,False,False,False,False,False,False,Night,33.1_-84.0
A-1452431,2,2021-08-30 12:31:00,2021-08-30 13:05:00,33.161083000000005,-84.03778100000002,3.668,Barnesville,Monroe,GA,30204,US/Eastern,KOPN,2021-08-30 12:35:00,84.0,84.0,70.0,29.19,10.0,S,8.0,0.0,Mostly Cloudy,False,False,False,False,False,False,False,False,False,False,False,False,False,Day,33.1_-84.0
A-1473797,2,2021-08-15 12:28:02,2021-08-15 15:29:51,33.175417,-84.044962,4.725,Barnesville,Lamar,GA,30204,US/Eastern,KOPN,2021-08-15 12:35:00,82.0,82.0,70.0,29.3,10.0,SE,6.0,0.0,Partly Cloudy,False,False,False,False,False,False,False,False,False,False,False,False,False,Day,33.1_-84.0
A-1508706,2,2021-08-24 15:26:06,2021-08-24 18:21:54,33.117909999999995,-84.003685,6.803999999999999,Forsyth,Monroe,GA,31029,US/Eastern,KOPN,2021-08-24 15:35:00,90.0,90.0,55.0,29.18,10.0,ESE,5.0,0.0,Partly Cloudy,False,False,False,False,False,False,False,False,False,False,False,False,False,Day,33.1_-84.0
A-1718251,2,2021-01-05 04:17:00,2021-01-05 05:32:00,33.109241,-84.00222600000002,0.606,Forsyth,Monroe,GA,31029,US/Eastern,KOPN,2021-01-05 04:15:00,43.0,40.0,70.0,29.14,10.0,W,5.0,0.0,Mostly Cloudy,False,False,False,False,True,False,False,False,False,False,False,False,False,Night,33.1_-84.0
A-1743105,2,2020-12-16 13:19:00.000000000,2020-12-16 15:45:00.000000000,33.117909999999995,-84.003685,3.675,Forsyth,Monroe,GA,31029,US/Eastern,KOPN,2020-12-16 13:15:00,45.0,45.0,93.0,29.01,5.0,E,3.0,0.0,Drizzle,False,False,False,False,False,False,False,False,False,False,False,False,False,Day,33.1_-84.0
A-1743106,2,2020-10-21 07:16:00.000000000,2020-10-21 09:45:00.000000000,33.162546,-84.038262,0.6709999999999999,Barnesville,Monroe,GA,30204,US/Eastern,KOPN,2020-10-21 21:15:00,70.0,70.0,94.0,29.33,10.0,ENE,5.0,0.0,Fair,False,False,False,False,True,False,False,False,False,False,False,False,False,Night,33.1_-84.0
A-1745716,2,2020-11-11 09:13:30,2020-11-11 10:17:00,33.193672,-84.058491,0.95,Jackson,Lamar,GA,30233,US/Eastern,K6A2,2020-11-11 09:15:00,72.0,72.0,94.0,28.96,7.0,SSE,3.0,0.0,Cloudy,False,False,False,False,False,False,False,False,False,False,False,False,False,Day,33.1_-84.0
A-1772386,2,2020-10-18 16:57:00,2020-10-18 21:28:30,33.135969,-84.01895400000002,1.519,Forsyth,Monroe,GA,31029,US/Eastern,KOPN,2020-10-18 16:55:00,73.0,73.0,57.0,29.35,10.0,SE,7.0,0.0,Fair,False,False,False,False,False,False,False,False,False,False,False,False,False,Day,33.1_-84.0
A-1794305,2,2020-09-17 14:10:00,2020-09-17 15:25:00,33.106838,-84.001926,2.7310000000000003,Forsyth,Monroe,GA,31029,US/Eastern,KOPN,2020-09-17 14:15:00,72.0,72.0,94.0,28.9,10.0,NNW,3.0,0.0,Cloudy,False,False,False,False,False,False,False,False,False,False,False,False,False,Day,33.1_-84.0
A-1816796,2,2020-10-18 17:39:00,2020-10-18 20:45:00,33.130696,-84.012853,1.021,Forsyth,Monroe,GA,31029,US/Eastern,KOPN,2020-10-18 17:35:00,73.0,73.0,57.0,29.35,10.0,ESE,6.0,0.0,Partly Cloudy,False,False,False,False,False,False,False,False,False,False,False,False,False,Day,33.1_-84.0
A-1856219,2,2020-10-21 07:00:30,2020-10-21 08:47:00,33.161859,-84.037913,0.052,Barnesville,Monroe,GA,30204,US/Eastern,KOPN,2020-10-21 21:15:00,70.0,70.0,94.0,29.33,10.0,ENE,5.0,0.0,Fair,False,False,False,False,False,False,False,False,False,False,False,False,False,Night,33.1_-84.0
A-1857280,2,2020-11-11 17:43:30,2020-11-11 20:16:06,33.171501,-84.04272900000002,3.486,Barnesville,Lamar,GA,30204,US/Eastern,KOPN,2020-11-11 17:35:00,73.0,73.0,94.0,29.04,10.0,CALM,0.0,0.0,Fair,False,False,False,False,False,False,False,False,False,False,False,False,False,Night,33.1_-84.0
A-1899313,2,2020-09-25 17:54:00,2020-09-25 20:30:00,33.171510999999995,-84.04271700000002,2.481,Barnesville,Lamar,GA,30204,US/Eastern,KOPN,2020-09-25 17:55:00,77.0,77.0,69.0,29.14,10.0,W,8.0,0.0,Cloudy,False,False,False,False,False,False,False,False,False,False,False,False,False,Day,33.1_-84.0
A-1966447,4,2020-12-16 13:19:00,2020-12-16 15:45:00,33.117909999999995,-84.003685,3.675,Forsyth,Monroe,GA,31029,US/Eastern,KOPN,2020-12-16 13:15:00,45.0,45.0,93.0,29.01,5.0,E,3.0,0.0,Drizzle,False,False,False,False,False,False,False,False,False,False,False,False,False,Day,33.1_-84.0
A-1966448,2,2020-10-21 07:16:00,2020-10-21 08:31:00,33.161859,-84.037913,0.052,Barnesville,Monroe,GA,30204,US/Eastern,KOPN,2020-10-21 21:15:00,70.0,70.0,94.0,29.33,10.0,ENE,5.0,0.0,Fair,False,False,False,False,False,False,False,False,False,False,False,False,False,Night,33.1_-84.0
A-1982107,2,2020-12-31 18:59:00,2020-12-31 20:45:00,33.183422,-84.05188299999998,1.278,Jackson,Lamar,GA,30233,US/Eastern,K6A2,2020-12-31 18:55:00,52.0,52.0,94.0,29.07,0.5,ENE,3.0,0.0,Cloudy,False,False,False,False,False,False,False,False,False,False,False,False,False,Night,33.1_-84.0
A-2039610,2,2020-09-21 04:58:00,2020-09-21 07:45:00,33.109241,-84.00222600000002,0.606,Forsyth,Monroe,GA,31029,US/Eastern,KOPN,2020-09-21 04:55:00,55.0,55.0,82.0,29.47,10.0,E,7.0,0.0,Fair,False,False,False,False,True,False,False,False,False,False,False,False,False,Night,33.1_-84.0
A-2072644,4,2020-05-26 15:33:34,2020-05-26 16:23:32,33.10934,-84.00222,4.242,Forsyth,Monroe,GA,31029,US/Eastern,KOPN,2020-05-26 15:35:00,73.0,73.0,83.0,29.17,10.0,E,6.0,0.0,Cloudy,False,False,False,False,True,False,False,False,False,False,False,False,False,Day,33.1_-84.0
A-2072654,4,2020-05-26 15:29:46,2020-05-26 20:09:23,33.10934,-84.00222,0.584,Forsyth,Monroe,GA,31029,US/Eastern,KOPN,2020-05-26 15:35:00,73.0,73.0,83.0,29.17,10.0,E,6.0,0.0,Cloudy,False,False,False,False,True,False,False,False,False,False,False,False,False,Day,33.1_-84.0
A-2072733,2,2020-05-26 18:19:16,2020-05-26 18:49:16,33.16278,-84.03834,0.0,Forsyth,Monroe,GA,31029,US/Eastern,KOPN,2020-05-26 18:15:00,70.0,70.0,94.0,29.15,7.0,E,9.0,0.0,Rain,False,False,False,False,True,False,False,False,False,False,False,False,False,Day,33.1_-84.0
A-2080001,2,2020-05-29 17:23:37,2020-05-29 18:43:35,33.16278,-84.03834,0.0,Forsyth,Monroe,GA,31029,US/Eastern,KOPN,2020-05-29 17:15:00,86.0,86.0,55.0,29.15,10.0,S,9.0,0.0,Partly Cloudy,False,False,False,False,True,False,False,False,False,False,False,False,False,Day,33.1_-84.0
A-2097917,2,2020-05-02 10:16:45,2020-05-02 11:16:45,33.1093,-84.00238,0.0,Forsyth,Monroe,GA,31029,US/Eastern,KOPN,2020-05-02 14:35:00,79.0,79.0,28.0,29.32,10.0,CALM,0.0,0.0,Fair,False,False,False,False,True,False,False,False,False,False,False,False,False,Day,33.1_-84.0
A-2097918,2,2020-05-02 11:11:52,2020-05-02 12:31:50,33.1093,-84.00238,0.0,Forsyth,Monroe,GA,31029,US/Eastern,KOPN,2020-05-02 14:35:00,79.0,79.0,28.0,29.32,10.0,CALM,0.0,0.0,Fair,False,False,False,False,True,False,False,False,False,False,False,False,False,Day,33.1_-84.0
A-2141973,2,2020-06-24 06:32:57,2020-06-24 06:47:57,33.10934,-84.00222,0.0,Forsyth,Monroe,GA,31029,US/Eastern,KOPN,2020-06-24 06:35:00,72.0,72.0,88.0,29.13,10.0,W,6.0,0.0,Fair,False,False,False,False,True,False,False,False,False,False,False,False,False,Day,33.1_-84.0
A-2154203,2,2020-06-05 15:30:51,2020-06-05 16:15:51,33.109320000000004,-84.00238,4.771,Forsyth,Monroe,GA,31029,US/Eastern,KOPN,2020-06-05 15:35:00,73.0,73.0,88.0,29.15,10.0,NNW,6.0,0.0,T-Storm,False,False,False,False,True,False,False,False,False,False,False,False,False,Day,33.1_-84.0
A-2229479,4,2020-03-31 08:05:27,2020-03-31 08:50:27,33.10927,-84.00220999999998,0.005,Forsyth,Monroe,GA,31029,US/Eastern,KOPN,2020-03-31 08:15:00,55.0,55.0,82.0,29.02,10.0,CALM,0.0,0.0,Mostly Cloudy,False,False,False,False,True,False,False,False,False,False,False,False,False,Day,33.1_-84.0
A-2229526,3,2020-03-31 08:40:27,2020-03-31 09:25:27,33.10934,-84.00222,4.242,Forsyth,Monroe,GA,31029,US/Eastern,KOPN,2020-03-31 08:35:00,59.0,59.0,67.0,29.01,10.0,SE,5.0,0.0,Cloudy,False,False,False,False,True,False,False,False,False,False,False,False,False,Day,33.1_-84.0
A-2229541,4,2020-03-31 09:07:23,2020-03-31 09:52:23,33.10934,-84.00222,0.0,Forsyth,Monroe,GA,31029,US/Eastern,KOPN,2020-03-31 09:15:00,61.0,61.0,59.0,28.98,10.0,SE,8.0,0.0,Partly Cloudy,False,False,False,False,True,False,False,False,False,False,False,False,False,Day,33.1_-84.0
A-2229544,4,2020-03-31 09:07:23,2020-03-31 09:52:23,33.10927,-84.00220999999998,0.005,Forsyth,Monroe,GA,31029,US/Eastern,KOPN,2020-03-31 09:15:00,61.0,61.0,59.0,28.98,10.0,SE,8.0,0.0,Partly Cloudy,False,False,False,False,True,False,False,False,False,False,False,False,False,Day,33.1_-84.0
A-2229549,4,2020-03-31 10:55:02,2020-03-31 11:40:02,33.10934,-84.00222,0.0,Forsyth,Monroe,GA,31029,US/Eastern,KOPN,2020-03-31 10:55:00,61.0,61.0,55.0,28.9,7.0,SSE,9.0,0.0,Heavy Rain,False,False,False,False,True,False,False,False,False,False,False,False,False,Day,33.1_-84.0
A-2229550,4,2020-03-31 10:02:28,2020-03-31 10:47:28,33.10927,-84.00220999999998,0.005,Forsyth,Monroe,GA,31029,US/Eastern,KOPN,2020-03-31 09:55:00,63.0,63.0,52.0,28.95,10.0,SSE,10.0,0.0,Cloudy,False,False,False,False,True,False,False,False,False,False,False,False,False,Day,33.1_-84.0
A-2254653,3,2020-04-13 07:21:54,2020-04-13 07:51:54,33.1093,-84.00238,0.0,Forsyth,Monroe,GA,31029,US/Eastern,KOPN,2020-04-13 07:35:00,63.0,63.0,72.0,28.97,10.0,W,9.0,0.0,Fair,False,False,False,False,True,False,False,False,False,False,False,False,False,Day,33.1_-84.0
A-2254655,3,2020-04-13 06:24:37,2020-04-13 06:54:37,33.1093,-84.00238,0.0,Forsyth,Monroe,GA,31029,US/Eastern,KOPN,2020-04-13 07:35:00,63.0,63.0,72.0,28.97,10.0,W,9.0,0.0,Fair,False,False,False,False,True,False,False,False,False,False,False,False,False,Night,33.1_-84.0
A-2254666,3,2020-04-13 06:51:02,2020-04-13 07:21:02,33.1093,-84.00238,0.0,Forsyth,Monroe,GA,31029,US/Eastern,KOPN,2020-04-13 07:35:00,63.0,63.0,72.0,28.97,10.0,W,9.0,0.0,Fair,False,False,False,False,True,False,False,False,False,False,False,False,False,Night,33.1_-84.0
A-2386097,3,2019-12-11 11:22:32,2019-12-11 11:50:23,33.16987,-84.04225,4.913,Barnesville,Lamar,GA,30204,US/Eastern,KOPN,2019-12-11 11:15:00,45.0,39.0,57.0,29.57,10.0,N,12.0,0.0,Fair,False,False,False,False,True,False,False,False,False,False,False,False,False,Day,33.1_-84.0
A-2484617,2,2019-09-05 16:34:23,2019-09-05 17:04:15,33.10934,-84.00222,0.584,Forsyth,Monroe,GA,31029,US/Eastern,KOPN,2019-09-05 16:35:00,95.0,95.0,22.0,29.02,10.0,NNW,9.0,0.0,Fair,False,False,False,False,True,False,False,False,False,False,False,False,False,Day,33.1_-84.0
A-2511694,4,2019-02-28 08:23:58,2019-02-28 08:53:07,33.161022,-84.037791,4.294,Barnesville,Monroe,GA,30204,US/Eastern,KOPN,2019-02-28 08:15:00,57.2,,88.0,30.06,5.0,Calm,,,Rain,False,False,False,False,False,False,False,False,False,False,False,False,False,Day,33.1_-84.0
A-2545589,3,2019-01-27 17:54:45,2019-01-27 18:24:04,33.161353000000005,-84.03764699999998,0.7390000000000001,Barnesville,Monroe,GA,30204,US/Eastern,KOPN,2019-01-27 17:55:00,46.4,,57.0,30.05,10.0,Calm,,,Clear,False,False,False,False,False,False,False,False,False,False,False,False,False,Day,33.1_-84.0
A-2584688,2,2018-11-28 11:50:51,2018-11-28 12:20:48,33.11602,-84.00362,0.6559999999999999,Forsyth,Monroe,GA,31029,US/Eastern,KOPN,2018-11-28 11:55:00,42.8,37.0,23.0,30.14,10.0,NW,10.4,,Clear,False,False,False,False,False,False,False,False,False,False,False,False,False,Day,33.1_-84.0
A-2599370,3,2018-10-26 15:15:47,2018-10-26 15:45:01,33.16278,-84.03834,0.632,Forsyth,Monroe,GA,31029,US/Eastern,KOPN,2018-10-26 15:15:00,51.8,,88.0,29.72,3.0,Calm,,,Overcast,False,False,False,False,True,False,False,False,False,False,False,False,False,Day,33.1_-84.0
A-2599381,3,2018-10-26 16:20:12,2018-10-26 16:48:25,33.16278,-84.03834,0.632,Forsyth,Monroe,GA,31029,US/Eastern,KOPN,2018-10-26 16:15:00,53.6,,88.0,29.72,7.0,NNW,3.5,,Overcast,False,False,False,False,True,False,False,False,False,False,False,False,False,Day,33.1_-84.0
A-2599834,4,2018-10-27 21:49:28,2018-10-27 22:19:06,33.194042,-84.05856999999997,2.467,Jackson,Lamar,GA,30233,US/Eastern,K6A2,2018-10-27 21:55:00,50.0,,87.0,30.0,10.0,West,4.6,,Clear,False,False,False,False,False,False,False,False,False,False,False,False,False,Night,33.1_-84.0
A-2619879,4,2018-08-10 16:48:49,2018-08-10 22:48:49,33.11053,-84.00241,0.335,Forsyth,Monroe,GA,31029,US/Eastern,KOPN,2018-08-10 16:55:00,80.6,,65.0,29.98,10.0,SW,6.9,,Light Thunderstorms and Rain,False,False,False,False,False,False,False,False,False,False,False,False,False,Day,33.1_-84.0
A-2630348,2,2018-07-06 08:50:27,2018-07-06 14:50:27,33.16987,-84.04225,0.536,Barnesville,Lamar,GA,30204,US/Eastern,KOPN,2018-07-06 08:55:00,78.8,,74.0,30.23,10.0,Calm,,,Clear,False,False,False,False,True,False,False,False,False,False,False,False,False,Day,33.1_-84.0
A-2711520,3,2017-11-01 18:22:18,2017-11-02 00:22:18,33.10934,-84.00222,0.584,Forsyth,Monroe,GA,31029,US/Eastern,KOPN,2017-11-01 18:15:00,66.2,,52.0,30.14,10.0,ESE,4.6,,Clear,False,False,False,False,True,False,False,False,False,False,False,False,False,Day,33.1_-84.0
A-2723104,2,2017-12-26 15:53:50,2017-12-26 21:53:50,33.10934,-84.00222,0.584,Forsyth,Monroe,GA,31029,US/Eastern,KOPN,2017-12-26 15:55:00,51.8,,24.0,30.35,10.0,Calm,,,Clear,False,False,False,False,True,False,False,False,False,False,False,False,False,Day,33.1_-84.0
A-2726125,4,2017-11-06 20:56:44,2017-11-07 02:56:44,33.171537,-84.042709,1.992,Barnesville,Lamar,GA,30204,US/Eastern,KOPN,2017-11-06 20:55:00,64.4,,88.0,30.1,4.0,Calm,,,Clear,False,False,False,False,False,False,False,False,False,False,False,False,False,Night,33.1_-84.0
A-2726127,3,2017-11-06 22:32:00,2017-11-07 04:32:00,33.108376,-84.00204000000002,0.408,Forsyth,Monroe,GA,31029,US/Eastern,KOPN,2017-11-06 22:35:00,62.6,,88.0,30.11,0.2,Calm,,,Fog,False,False,False,False,False,False,False,False,False,False,False,False,False,Night,33.1_-84.0
A-2751687,2,2017-09-13 12:33:59,2017-09-13 18:33:59,33.16987,-84.04225,0.5539999999999999,Barnesville,Lamar,GA,30204,US/Eastern,KOPN,2017-09-13 12:35:00,75.2,,47.0,29.97,10.0,WSW,11.5,,Scattered Clouds,False,False,False,False,True,False,False,False,False,False,False,False,False,Day,33.1_-84.0
A-2757057,3,2017-09-27 16:35:32,2017-09-27 22:35:32,33.11602,-84.00362,0.6559999999999999,Forsyth,Monroe,GA,31029,US/Eastern,KOPN,2017-09-27 16:35:00,86.0,,40.0,29.93,10.0,NNW,3.5,,Scattered Clouds,False,False,False,False,False,False,False,False,False,False,False,False,False,Day,33.1_-84.0
A-2771915,2,2019-04-03 19:27:03,2019-04-03 19:56:18,33.171537,-84.042709,2.435,Barnesville,Lamar,GA,30204,US/Eastern,KOPN,2019-04-03 19:35:00,64.0,64.0,24.0,29.44,10.0,S,5.0,0.0,Fair,False,False,False,False,False,False,False,False,False,False,False,False,False,Day,33.1_-84.0
A-2790713,3,2019-05-13 12:30:32,2019-05-13 12:58:19,33.161022,-84.037791,3.622,Barnesville,Monroe,GA,30204,US/Eastern,KOPN,2019-05-13 12:35:00,73.0,73.0,41.0,29.06,10.0,WNW,9.0,0.0,Partly Cloudy,False,False,False,False,False,False,False,False,False,False,False,False,False,Day,33.1_-84.0
A-2826899,3,2019-07-16 00:36:14,2019-07-16 01:05:30,33.161022,-84.037791,3.622,Barnesville,Monroe,GA,30204,US/Eastern,KOPN,2019-07-16 00:35:00,75.0,75.0,78.0,29.29,10.0,CALM,0.0,0.0,Fair,False,False,False,False,False,False,False,False,False,False,False,False,False,Night,33.1_-84.0
A-2839191,3,2019-08-10 19:16:00,2019-08-10 19:44:28,33.16278,-84.03834,0.632,Forsyth,Monroe,GA,31029,US/Eastern,KOPN,2019-08-10 19:15:00,82.0,82.0,74.0,29.08,10.0,SSE,5.0,0.0,Partly Cloudy,False,False,False,False,True,False,False,False,False,False,False,False,False,Day,33.1_-84.0
