ID,Severity,Start_Time,End_Time,Start_Lat,Start_Lng,Distance(mi),City,County,State,Zipcode,Timezone,Airport_Code,Weather_Timestamp,Temperature(F),Wind_Chill(F),Humidity(%),Pressure(in),Visibility(mi),Wind_Direction,Wind_Speed(mph),Precipitation(in),Weather_Condition,Amenity,Bump,Crossing,Give_Way,Junction,No_Exit,Railway,Roundabout,Station,Stop,Traffic_Calming,Traffic_Signal,Turning_Loop,Sunrise_Sunset,DF_Matching
A-60340,4,2016-09-15 08:37:32,2016-09-15 14:37:32,33.762795000000004,-83.434007,1.679,Watkinsville,Oconee,GA,30677-3524,US/Eastern,KAHN,2016-09-15 08:51:00,75.0,,84.0,30.09,8.0,Calm,,,Clear,False,False,True,False,False,False,False,False,False,False,False,False,False,Day,33.7_-83.4
A-60342,4,2016-09-15 08:37:32,2016-09-15 14:37:32,33.738867,-83.428872,1.679,Watkinsville,Oconee,GA,30677-3515,US/Eastern,KAHN,2016-09-15 08:51:00,75.0,,84.0,30.09,8.0,Calm,,,Clear,False,False,False,False,False,False,False,False,False,False,False,False,False,Day,33.7_-83.4
A-2283113,4,2020-04-30 00:22:57,2020-04-30 00:50:18,33.76278,-83.43401,0.0,Watkinsville,Oconee,GA,30677-3545,US/Eastern,KAHN,2020-04-30 00:51:00,58.0,58.0,90.0,28.96,7.0,CALM,0.0,0.09,Light Rain,False,False,True,False,False,False,False,False,False,False,False,False,False,Night,33.7_-83.4
A-2283114,4,2020-04-30 00:22:57,2020-04-30 00:50:18,33.762782,-83.43401,0.0,Watkinsville,Oconee,GA,30677-3545,US/Eastern,KAHN,2020-04-30 00:51:00,58.0,58.0,90.0,28.96,7.0,CALM,0.0,0.09,Light Rain,False,False,True,False,False,False,False,False,False,False,False,False,False,Night,33.7_-83.4
A-2513168,4,2019-03-03 16:05:59,2019-03-03 16:35:44,33.775181,-83.426457,0.292,Bishop,Oconee,GA,30621-1771,US/Eastern,KAHN,2019-03-03 16:02:00,57.9,,93.0,29.69,1.0,NE,10.4,0.1,Heavy Rain,False,False,False,False,False,False,False,False,False,False,False,False,False,Day,33.7_-83.4
