ID,Severity,Start_Time,End_Time,Start_Lat,Start_Lng,Distance(mi),City,County,State,Zipcode,Timezone,Airport_Code,Weather_Timestamp,Temperature(F),Wind_Chill(F),Humidity(%),Pressure(in),Visibility(mi),Wind_Direction,Wind_Speed(mph),Precipitation(in),Weather_Condition,Amenity,Bump,Crossing,Give_Way,Junction,No_Exit,Railway,Roundabout,Station,Stop,Traffic_Calming,Traffic_Signal,Turning_Loop,Sunrise_Sunset,DF_Matching
A-174877,4,2017-04-11 11:51:29,2017-04-11 17:51:29,32.156583000000005,-81.856701,0.064,Claxton,Evans,GA,30417-6004,US/Eastern,KCWV,2017-04-11 11:55:00,75.2,,53.0,30.33,10.0,SSE,3.5,,Clear,False,False,False,False,False,False,False,False,False,False,False,False,False,Day,32.1_-81.8
A-174880,4,2017-04-11 11:51:29,2017-04-11 17:51:29,32.156137,-81.855742,0.064,Claxton,Evans,GA,30417-6004,US/Eastern,KCWV,2017-04-11 11:55:00,75.2,,53.0,30.33,10.0,SSE,3.5,,Clear,False,False,False,False,False,False,False,False,False,False,False,False,False,Day,32.1_-81.8
A-174896,4,2017-04-11 11:51:29,2017-04-11 18:41:42,32.156597,-81.85673100000002,0.068,Claxton,Evans,GA,30417-6004,US/Eastern,KCWV,2017-04-11 11:55:00,75.2,,53.0,30.33,10.0,SSE,3.5,,Clear,False,False,False,False,False,False,False,False,False,False,False,False,False,Day,32.1_-81.8
A-1804347,2,2020-10-24 09:34:00,2020-10-24 10:49:00,32.190224,-81.883682,0.046,Claxton,Evans,GA,30417,US/Eastern,KCWV,2020-10-24 09:35:00,69.0,69.0,97.0,29.93,1.0,CALM,0.0,0.0,Fog,False,False,False,False,False,False,False,False,False,False,False,False,False,Day,32.1_-81.8
A-1972077,2,2020-10-24 09:34:00,2020-10-24 10:49:00,32.189691,-81.884142,0.2269999999999999,Claxton,Evans,GA,30417,US/Eastern,KCWV,2020-10-24 09:35:00,69.0,69.0,97.0,29.93,1.0,CALM,0.0,0.0,Fog,False,False,False,False,False,False,False,False,False,False,False,False,False,Day,32.1_-81.8
