ID,Severity,Start_Time,End_Time,Start_Lat,Start_Lng,Distance(mi),City,County,State,Zipcode,Timezone,Airport_Code,Weather_Timestamp,Temperature(F),Wind_Chill(F),Humidity(%),Pressure(in),Visibility(mi),Wind_Direction,Wind_Speed(mph),Precipitation(in),Weather_Condition,Amenity,Bump,Crossing,Give_Way,Junction,No_Exit,Railway,Roundabout,Station,Stop,Traffic_Calming,Traffic_Signal,Turning_Loop,Sunrise_Sunset,DF_Matching
A-46523,3,2017-01-23 07:45:51,2017-01-23 13:45:51,32.352093,-82.094186,0.336,Metter,Candler,GA,30439,US/Eastern,KCWV,2017-01-23 07:55:00,,,,29.29,4.0,Calm,,,Light Rain,False,False,False,False,False,False,False,False,False,False,False,False,False,Day,32.3_-82.0
A-749289,2,2021-08-22 17:05:00,2021-08-22 19:45:00,32.374466,-82.072817,0.6709999999999999,Metter,Candler,GA,30439,US/Eastern,KCWV,2021-08-22 17:15:00,83.0,83.0,85.0,29.79,7.0,SW,9.0,0.0,Thunder in the Vicinity,False,False,False,False,False,False,False,False,False,False,False,False,False,Day,32.3_-82.0
A-1803971,2,2020-10-29 05:39:00,2020-10-29 06:26:30,32.365848,-82.010046,1.238,Metter,Candler,GA,30439,US/Eastern,KCWV,2020-10-29 16:55:00,78.0,78.0,90.0,29.6,7.0,CALM,0.0,0.0,Thunder in the Vicinity,False,False,False,False,False,False,False,False,False,False,False,False,False,Night,32.3_-82.0
A-2569239,3,2018-11-02 14:59:57,2018-11-02 15:29:23,32.37425,-82.06044,0.6940000000000001,Metter,Candler,GA,30439,US/Eastern,KCWV,2018-11-02 14:55:00,71.6,,94.0,29.79,3.0,South,3.5,,Heavy Rain,False,False,False,False,False,False,False,False,False,False,False,False,False,Day,32.3_-82.0
A-2599404,2,2018-10-26 19:01:31,2018-10-26 19:31:27,32.3744,-82.063414,0.5589999999999999,Metter,Candler,GA,30439,US/Eastern,KCWV,2018-10-26 18:55:00,68.0,,85.0,29.66,7.0,West,11.5,,Overcast,False,False,False,False,False,False,False,False,False,False,False,False,False,Night,32.3_-82.0
A-2629451,4,2018-07-03 10:20:27,2018-07-03 16:20:27,32.37397,-82.060142,7.0760000000000005,Metter,Candler,GA,30439,US/Eastern,KCWV,2018-07-03 10:15:00,84.6,,79.0,30.13,7.0,North,3.5,,Scattered Clouds,False,False,False,False,False,False,False,False,False,False,False,False,False,Day,32.3_-82.0
A-2629456,2,2018-07-03 11:48:56,2018-07-03 17:48:56,32.37425,-82.06044,0.6579999999999999,Metter,Candler,GA,30439,US/Eastern,KCWV,2018-07-03 11:55:00,90.5,,61.0,30.12,10.0,NNE,6.9,,Clear,False,False,False,False,False,False,False,False,False,False,False,False,False,Day,32.3_-82.0
A-2632383,4,2018-07-12 11:36:24,2018-07-12 17:36:24,32.371514000000005,-82.022922,0.368,Metter,Candler,GA,30439,US/Eastern,KCWV,2018-07-12 11:35:00,90.5,,56.0,30.08,10.0,SW,5.8,,Clear,False,False,False,False,False,False,False,False,False,False,False,False,False,Day,32.3_-82.0
