ID,Severity,Start_Time,End_Time,Start_Lat,Start_Lng,Distance(mi),City,County,State,Zipcode,Timezone,Airport_Code,Weather_Timestamp,Temperature(F),Wind_Chill(F),Humidity(%),Pressure(in),Visibility(mi),Wind_Direction,Wind_Speed(mph),Precipitation(in),Weather_Condition,Amenity,Bump,Crossing,Give_Way,Junction,No_Exit,Railway,Roundabout,Station,Stop,Traffic_Calming,Traffic_Signal,Turning_Loop,Sunrise_Sunset,DF_Matching
A-282256,2,2021-09-18 22:57:00,2021-09-19 01:45:00,32.447001,-81.7836,0.022,Statesboro,Bulloch,GA,30458-5246,US/Eastern,KTBR,2021-09-18 22:55:00,74.0,74.0,91.0,29.88,10.0,CALM,0.0,0.0,Partly Cloudy,False,False,False,False,False,False,False,False,False,False,False,False,False,Night,32.4_-81.7
A-297905,4,2021-09-18 22:57:00,2021-09-19 01:45:00,32.447316,-81.783565,0.078,Statesboro,Bulloch,GA,30458-5256,US/Eastern,KTBR,2021-09-18 22:55:00,74.0,74.0,91.0,29.88,10.0,CALM,0.0,0.0,Partly Cloudy,False,False,False,False,False,False,False,False,False,False,False,False,False,Night,32.4_-81.7
A-1426283,2,2021-10-25 10:58:00,2021-10-25 12:13:00,32.455426,-81.781803,0.063,Statesboro,Bulloch,GA,30458-4667,US/Eastern,KTBR,,,,,,,,,,,False,False,False,False,False,False,False,False,False,False,False,False,False,Day,32.4_-81.7
A-2547150,2,2019-01-30 07:12:45,2019-01-30 07:42:32,32.45532,-81.78364,0.0,Statesboro,Bulloch,GA,30458-5301,US/Eastern,KTBR,2019-01-30 07:15:00,27.1,19.7,74.0,30.22,10.0,NNW,6.9,,Clear,False,False,False,False,False,False,False,False,False,False,False,True,False,Night,32.4_-81.7
A-2625401,4,2018-08-24 12:50:42,2018-08-24 13:20:22,32.407549,-81.76297199999998,1.486,Statesboro,Bulloch,GA,30458,US/Eastern,KTBR,2018-08-24 12:55:00,83.3,,60.0,30.12,7.0,ENE,4.6,,Scattered Clouds,False,False,True,False,False,False,False,False,False,False,False,True,False,Day,32.4_-81.7
A-2625406,4,2018-08-24 14:06:24,2018-08-24 14:35:44,32.43901,-81.78444,0.068,Statesboro,Bulloch,GA,30458-0714,US/Eastern,KTBR,2018-08-24 14:15:00,84.7,,56.0,30.11,10.0,East,4.6,,Scattered Clouds,False,False,True,False,False,False,True,False,False,False,False,False,False,Day,32.4_-81.7
A-2765073,4,2017-08-15 07:43:30,2017-08-15 13:43:30,32.419411,-81.71700600000001,0.442,Statesboro,Bulloch,GA,30461,US/Eastern,KTBR,2017-08-15 07:35:00,75.9,,100.0,29.94,7.0,Calm,,,Mostly Cloudy,False,False,False,False,False,False,False,False,False,False,False,False,False,Day,32.4_-81.7
A-2765076,4,2017-08-15 07:43:30,2017-08-15 13:43:30,32.415571,-81.710948,0.442,Statesboro,Bulloch,GA,30461-6771,US/Eastern,KTBR,2017-08-15 07:35:00,75.9,,100.0,29.94,7.0,Calm,,,Mostly Cloudy,False,False,False,False,False,False,False,False,False,False,False,False,False,Day,32.4_-81.7
A-2821605,4,2019-07-02 11:25:50,2019-07-02 11:54:16,32.47438,-81.753749,0.3279999999999999,Statesboro,Bulloch,GA,30461-0658,US/Eastern,KTBR,2019-07-02 11:15:00,91.0,91.0,52.0,29.8,10.0,NNW,5.0,0.0,Fair,False,False,False,False,False,False,False,False,False,False,False,False,False,Day,32.4_-81.7
