ID,Severity,Start_Time,End_Time,Start_Lat,Start_Lng,Distance(mi),City,County,State,Zipcode,Timezone,Airport_Code,Weather_Timestamp,Temperature(F),Wind_Chill(F),Humidity(%),Pressure(in),Visibility(mi),Wind_Direction,Wind_Speed(mph),Precipitation(in),Weather_Condition,Amenity,Bump,Crossing,Give_Way,Junction,No_Exit,Railway,Roundabout,Station,Stop,Traffic_Calming,Traffic_Signal,Turning_Loop,Sunrise_Sunset,DF_Matching
A-81494,4,2016-06-27 06:21:55,2016-06-27 12:21:55,31.8005,-82.41190999999998,1.27,Baxley,Appling,GA,31513-7935,US/Eastern,KAZE,2016-06-27 06:15:00,72.1,,100.0,30.1,4.0,Calm,,,Overcast,False,False,False,False,False,False,False,False,False,False,False,False,False,Night,31.8_-82.4
A-2528556,4,2019-02-25 12:11:15,2019-02-25 12:41:03,31.812937,-82.450018,2.202,Baxley,Appling,GA,31513-8028,US/Eastern,KAZE,2019-02-25 12:15:00,63.5,,14.0,30.38,10.0,NE,9.2,,Clear,False,False,False,False,False,False,False,False,False,False,False,False,False,Day,31.8_-82.4
A-2528557,4,2019-02-25 12:11:15,2019-02-25 12:41:03,31.801763,-82.41489399999998,2.205,Baxley,Appling,GA,31513-7986,US/Eastern,KAZE,2019-02-25 12:15:00,63.5,,14.0,30.38,10.0,NE,9.2,,Clear,False,False,False,False,False,False,False,False,False,False,False,False,False,Day,31.8_-82.4
A-2528559,4,2019-02-25 12:54:45,2019-02-25 13:24:29,31.801763,-82.41489399999998,2.257,Baxley,Appling,GA,31513-7986,US/Eastern,KAZE,2019-02-25 12:55:00,65.1,,13.0,30.37,10.0,North,5.8,,Clear,False,False,False,False,False,False,False,False,False,False,False,False,False,Day,31.8_-82.4
A-2528560,4,2019-02-25 12:54:45,2019-02-25 13:24:29,31.813181,-82.450974,2.26,Baxley,Appling,GA,31513-8028,US/Eastern,KAZE,2019-02-25 12:55:00,65.1,,13.0,30.37,10.0,North,5.8,,Clear,False,False,False,False,False,False,False,False,False,False,False,False,False,Day,31.8_-82.4
