ID,Severity,Start_Time,End_Time,Start_Lat,Start_Lng,Distance(mi),City,County,State,Zipcode,Timezone,Airport_Code,Weather_Timestamp,Temperature(F),Wind_Chill(F),Humidity(%),Pressure(in),Visibility(mi),Wind_Direction,Wind_Speed(mph),Precipitation(in),Weather_Condition,Amenity,Bump,Crossing,Give_Way,Junction,No_Exit,Railway,Roundabout,Station,Stop,Traffic_Calming,Traffic_Signal,Turning_Loop,Sunrise_Sunset,DF_Matching
A-2579922,4,2018-11-20 18:12:11,2018-11-20 18:42:01,32.998253000000005,-83.375982,0.585,Haddock,Baldwin,GA,31033,US/Eastern,KMLJ,2018-11-20 18:15:00,50.0,,76.0,30.12,10.0,NW,4.6,,Clear,False,False,False,False,False,False,False,False,False,False,False,False,False,Night,32.9_-83.3
A-2689470,3,2018-02-11 16:38:27,2018-02-11 22:38:27,32.997903,-83.377533,0.259,Haddock,Baldwin,GA,31033,US/Eastern,KMLJ,2018-02-11 16:35:00,64.4,,100.0,30.03,10.0,South,5.8,,Drizzle,False,False,False,False,False,False,False,False,False,False,False,False,False,Day,32.9_-83.3
A-2689472,3,2018-02-11 16:38:27,2018-02-11 22:38:27,32.999444,-83.373453,0.259,Haddock,Baldwin,GA,31033,US/Eastern,KMLJ,2018-02-11 16:35:00,64.4,,100.0,30.03,10.0,South,5.8,,Drizzle,False,False,False,False,False,False,False,False,False,False,False,False,False,Day,32.9_-83.3
A-2780533,4,2019-04-20 00:28:54,2019-04-20 00:57:46,32.901441,-83.35155300000002,0.7040000000000001,Gordon,Wilkinson,GA,31031,US/Eastern,KMLJ,2019-04-20 00:35:00,52.0,52.0,76.0,29.31,10.0,WSW,8.0,0.0,Partly Cloudy,False,False,False,False,False,False,False,False,False,False,False,False,False,Night,32.9_-83.3
