ID,Severity,Start_Time,End_Time,Start_Lat,Start_Lng,Distance(mi),City,County,State,Zipcode,Timezone,Airport_Code,Weather_Timestamp,Temperature(F),Wind_Chill(F),Humidity(%),Pressure(in),Visibility(mi),Wind_Direction,Wind_Speed(mph),Precipitation(in),Weather_Condition,Amenity,Bump,Crossing,Give_Way,Junction,No_Exit,Railway,Roundabout,Station,Stop,Traffic_Calming,Traffic_Signal,Turning_Loop,Sunrise_Sunset,DF_Matching
A-515448,2,2021-11-26 09:29:00.000000000,2021-11-26 11:45:00.000000000,33.055894,-84.055522,0.113,Barnesville,Lamar,GA,30204-3605,US/Eastern,KOPN,2021-11-26 09:35:00,46.0,41.0,62.0,29.29,10.0,N,10.0,0.0,Fair,False,False,False,False,False,False,False,False,False,False,False,False,False,Day,33.0_-84.0
A-797911,2,2021-11-26 09:29:00.000000000,2021-11-26 10:44:00.000000000,33.054138,-84.077628,1.175,Barnesville,Lamar,GA,30204-3564,US/Eastern,KOPN,2021-11-26 09:35:00,46.0,41.0,62.0,29.29,10.0,N,10.0,0.0,Fair,False,False,False,False,False,False,False,False,False,False,False,False,False,Day,33.0_-84.0
A-920908,2,2021-11-26 09:29:00,2021-11-26 11:45:00,33.055996,-84.057474,0.113,Barnesville,Lamar,GA,30204,US/Eastern,KOPN,2021-11-26 09:35:00,46.0,41.0,62.0,29.29,10.0,N,10.0,0.0,Fair,False,False,False,False,False,False,False,False,False,False,False,False,False,Day,33.0_-84.0
A-1166360,2,2021-11-26 09:29:00,2021-11-26 11:45:00,33.054138,-84.077628,1.175,Barnesville,Lamar,GA,30204-3564,US/Eastern,KOPN,2021-11-26 09:35:00,46.0,41.0,62.0,29.29,10.0,N,10.0,0.0,Fair,False,False,False,False,False,False,False,False,False,False,False,False,False,Day,33.0_-84.0
A-1906060,4,2020-11-18 20:49:00,2020-11-18 22:04:00,33.054259,-84.098776,0.647,Barnesville,Lamar,GA,30204-3546,US/Eastern,KOPN,2020-11-18 20:55:00,50.0,50.0,47.0,29.64,10.0,E,3.0,0.0,Fair,False,False,False,False,False,False,False,False,False,False,False,False,False,Night,33.0_-84.0
A-1947407,2,2020-11-18 20:49:00,2020-11-18 22:15:00,33.054259,-84.098776,0.46,Barnesville,Lamar,GA,30204-3546,US/Eastern,KOPN,2020-11-18 20:55:00,50.0,50.0,47.0,29.64,10.0,E,3.0,0.0,Fair,False,False,False,False,False,False,False,False,False,False,False,False,False,Night,33.0_-84.0
A-2719666,2,2017-12-18 16:17:53,2017-12-18 22:17:53,33.054390000000005,-84.087,0.0,Barnesville,Lamar,GA,30204-3549,US/Eastern,KOPN,2017-12-18 16:15:00,64.4,,52.0,30.18,10.0,WNW,8.1,,Mostly Cloudy,False,False,False,False,False,False,False,False,False,False,False,False,False,Day,33.0_-84.0
