ID,Severity,Start_Time,End_Time,Start_Lat,Start_Lng,Distance(mi),City,County,State,Zipcode,Timezone,Airport_Code,Weather_Timestamp,Temperature(F),Wind_Chill(F),Humidity(%),Pressure(in),Visibility(mi),Wind_Direction,Wind_Speed(mph),Precipitation(in),Weather_Condition,Amenity,Bump,Crossing,Give_Way,Junction,No_Exit,Railway,Roundabout,Station,Stop,Traffic_Calming,Traffic_Signal,Turning_Loop,Sunrise_Sunset,DF_Matching
A-81495,4,2016-06-27 06:21:54,2016-06-27 12:21:54,31.792835,-82.389801,1.602,Baxley,Appling,GA,31513-7971,US/Eastern,KAZE,2016-06-27 06:15:00,72.1,,100.0,30.1,4.0,Calm,,,Overcast,False,False,False,False,False,False,False,False,False,False,False,False,False,Night,31.7_-82.3
A-81505,2,2016-06-27 07:16:08,2016-06-27 13:16:08,31.77829,-82.34782,0.047,Baxley,Appling,GA,31513-0075,US/Eastern,KAZE,2016-06-27 07:15:00,72.7,,100.0,30.1,5.0,Calm,,,Mostly Cloudy,False,False,False,False,False,False,False,False,False,False,False,False,False,Day,31.7_-82.3
A-83277,4,2016-07-03 00:14:44,2016-07-03 06:14:44,31.76796,-82.35316,0.235,Baxley,Appling,GA,31513-0135,US/Eastern,KAZE,2016-07-03 00:15:00,82.0,,90.0,30.05,10.0,Calm,,,Clear,False,False,False,False,False,False,False,False,False,False,False,False,False,Night,31.7_-82.3
A-159866,3,2017-03-23 12:15:06,2017-03-23 18:15:06,31.795340000000003,-82.39887,0.0,Baxley,Appling,GA,31513-7931,US/Eastern,KAZE,2017-03-23 12:15:00,62.8,,59.0,30.42,10.0,East,15.0,,Overcast,False,False,False,False,False,False,False,False,False,False,False,False,False,Day,31.7_-82.3
A-2651043,2,2018-05-03 13:35:11,2018-05-03 19:35:11,31.79898,-82.35043,0.0,Baxley,Appling,GA,31513-1070,US/Eastern,KAZE,2018-05-03 13:30:00,81.5,,35.0,30.26,10.0,SSE,6.9,,Clear,False,False,False,False,False,False,False,False,False,False,False,False,False,Day,31.7_-82.3
