ID,Severity,Start_Time,End_Time,Start_Lat,Start_Lng,Distance(mi),City,County,State,Zipcode,Timezone,Airport_Code,Weather_Timestamp,Temperature(F),Wind_Chill(F),Humidity(%),Pressure(in),Visibility(mi),Wind_Direction,Wind_Speed(mph),Precipitation(in),Weather_Condition,Amenity,Bump,Crossing,Give_Way,Junction,No_Exit,Railway,Roundabout,Station,Stop,Traffic_Calming,Traffic_Signal,Turning_Loop,Sunrise_Sunset,DF_Matching
A-66139,4,2016-10-13 09:40:15,2016-10-13 15:40:15,31.6072,-81.88535999999998,0.0969999999999999,Jesup,Wayne,GA,31545-1171,US/Eastern,KJES,2016-10-13 09:35:00,71.6,,88.0,30.18,10.0,ENE,4.6,,Scattered Clouds,False,False,False,False,False,False,False,False,False,False,False,False,False,Day,31.6_-81.8
A-172860,4,2017-04-04 03:33:25,2017-04-04 09:33:25,31.61275,-81.879051,0.109,Jesup,Wayne,GA,31545-1651,US/Eastern,KJES,2017-04-04 03:35:00,66.2,,83.0,29.82,10.0,West,4.6,,Scattered Clouds,False,False,False,False,False,False,False,False,False,False,False,False,False,Night,31.6_-81.8
A-896920,2,2021-11-15 18:50:00.000000000,2021-11-15 20:30:00.000000000,31.66455,-81.8435,0.182,Jesup,Wayne,GA,31545,US/Eastern,KJES,2021-11-15 18:55:00,52.0,52.0,71.0,30.1,10.0,CALM,0.0,0.0,Fair,False,False,False,False,False,False,False,False,False,False,False,False,False,Night,31.6_-81.8
A-2739953,3,2017-10-11 11:51:22,2017-10-11 17:51:22,31.658367,-81.850004,0.322,Jesup,Wayne,GA,31545-5279,US/Eastern,KJES,2017-10-11 11:58:00,86.0,,58.0,30.08,10.0,Calm,,,Scattered Clouds,False,False,False,False,False,False,False,False,False,False,False,False,False,Day,31.6_-81.8
A-2739954,3,2017-10-11 11:51:22,2017-10-11 17:51:22,31.662404,-81.847252,0.322,Jesup,Wayne,GA,31545-5258,US/Eastern,KJES,2017-10-11 11:58:00,86.0,,58.0,30.08,10.0,Calm,,,Scattered Clouds,False,False,False,False,False,False,False,False,False,False,False,False,False,Day,31.6_-81.8
