ID,Severity,Start_Time,End_Time,Start_Lat,Start_Lng,Distance(mi),City,County,State,Zipcode,Timezone,Airport_Code,Weather_Timestamp,Temperature(F),Wind_Chill(F),Humidity(%),Pressure(in),Visibility(mi),Wind_Direction,Wind_Speed(mph),Precipitation(in),Weather_Condition,Amenity,Bump,Crossing,Give_Way,Junction,No_Exit,Railway,Roundabout,Station,Stop,Traffic_Calming,Traffic_Signal,Turning_Loop,Sunrise_Sunset,DF_Matching
A-155520,3,2017-03-09 12:40:54,2017-03-09 18:40:54,32.186,-81.19894000000002,0.853,Port Wentworth,Chatham,GA,31407,US/Eastern,KSAV,2017-03-09 12:53:00,75.9,,27.0,30.23,10.0,ESE,5.8,,Partly Cloudy,False,False,False,False,False,False,False,False,False,False,False,False,False,Day,32.1_-81.1
A-162077,2,2017-03-31 13:01:40,2017-03-31 19:01:40,32.186,-81.19894000000002,0.853,Port Wentworth,Chatham,GA,31407,US/Eastern,KSAV,2017-03-31 12:53:00,78.1,,54.0,29.8,10.0,West,18.4,,Mostly Cloudy,False,False,False,False,False,False,False,False,False,False,False,False,False,Day,32.1_-81.1
A-305754,2,2021-04-06 15:59:00,2021-04-06 18:15:24,32.196818,-81.189898,2.085,Port Wentworth,Chatham,GA,31407,US/Eastern,KSAV,2021-04-06 15:53:00,82.0,82.0,22.0,29.99,10.0,VAR,3.0,0.0,Fair,False,False,False,False,False,False,False,False,False,False,False,False,False,Day,32.1_-81.1
A-307169,2,2021-12-27 10:45:30,2021-12-27 13:45:12,32.186218,-81.19878100000003,0.872,Port Wentworth,Chatham,GA,31407,US/Eastern,KSAV,2021-12-27 10:53:00,71.0,71.0,73.0,30.01,10.0,WSW,8.0,0.0,Fair,False,False,False,False,True,False,False,False,False,False,False,False,False,Day,32.1_-81.1
A-410603,2,2021-12-06 13:19:00.000000000,2021-12-06 15:45:00.000000000,32.196496,-81.190155,4.314,Port Wentworth,Chatham,GA,31407,US/Eastern,KSAV,2021-12-06 12:53:00,71.0,71.0,61.0,30.0,10.0,W,13.0,0.0,Mostly Cloudy,False,False,False,False,False,False,False,False,False,False,False,False,False,Day,32.1_-81.1
A-478636,2,2021-10-09 15:03:00,2021-10-09 16:18:00,32.167056,-81.185799,0.3939999999999999,Port Wentworth,Chatham,GA,31407-9711,US/Eastern,KSAV,2021-10-09 14:53:00,82.0,82.0,62.0,29.87,10.0,N,10.0,0.0,Partly Cloudy,False,False,False,False,False,False,False,False,False,False,False,False,False,Day,32.1_-81.1
A-517620,2,2021-04-06 16:19:38,2021-04-06 18:23:50,32.187894,-81.197375,3.889,Port Wentworth,Chatham,GA,31407,US/Eastern,KSAV,2021-04-06 15:53:00,82.0,82.0,22.0,29.99,10.0,VAR,3.0,0.0,Fair,False,False,False,False,False,False,False,False,False,False,False,False,False,Day,32.1_-81.1
A-522530,2,2021-12-18 14:10:00,2021-12-18 15:37:00,32.196496,-81.190155,2.112,Port Wentworth,Chatham,GA,31407,US/Eastern,KSAV,2021-12-18 13:53:00,78.0,78.0,60.0,30.0,10.0,SSW,9.0,0.0,Mostly Cloudy,False,False,False,False,False,False,False,False,False,False,False,False,False,Day,32.1_-81.1
A-567061,2,2021-10-11 14:25:00,2021-10-11 15:43:00,32.196131,-81.19082,0.852,Port Wentworth,Chatham,GA,31407,US/Eastern,KSAV,2021-10-11 14:53:00,81.0,81.0,60.0,29.9,10.0,NE,9.0,0.0,Mostly Cloudy,False,False,False,False,True,False,False,False,False,False,False,False,False,Day,32.1_-81.1
A-661022,2,2021-11-01 12:21:00,2021-11-01 17:45:00,32.127853,-81.152197,0.036,Port Wentworth,Chatham,GA,31407-2606,US/Eastern,KSAV,2021-11-01 11:53:00,69.0,69.0,58.0,30.15,10.0,E,5.0,0.0,Fair,False,False,False,False,False,False,False,False,False,False,False,False,False,Day,32.1_-81.1
A-1079402,4,2021-04-06 15:59:00,2021-04-06 18:02:29,32.196818,-81.189898,2.085,Port Wentworth,Chatham,GA,31407,US/Eastern,KSAV,2021-04-06 15:53:00,82.0,82.0,22.0,29.99,10.0,VAR,3.0,0.0,Fair,False,False,False,False,False,False,False,False,False,False,False,False,False,Day,32.1_-81.1
A-1088220,2,2021-12-06 13:20:20,2021-12-06 15:52:30,32.191229,-81.19457,2.5580000000000003,Port Wentworth,Chatham,GA,31407,US/Eastern,KSAV,2021-12-06 12:53:00,71.0,71.0,61.0,30.0,10.0,W,13.0,0.0,Mostly Cloudy,False,False,False,False,False,False,False,False,False,False,False,False,False,Day,32.1_-81.1
A-1294597,2,2021-12-06 13:19:00.000000000,2021-12-06 14:45:00.000000000,32.196496,-81.190155,4.314,Port Wentworth,Chatham,GA,31407,US/Eastern,KSAV,2021-12-06 12:53:00,71.0,71.0,61.0,30.0,10.0,W,13.0,0.0,Mostly Cloudy,False,False,False,False,False,False,False,False,False,False,False,False,False,Day,32.1_-81.1
A-1358194,2,2021-12-27 11:57:00,2021-12-27 15:00:00,32.186218,-81.19878100000003,0.872,Port Wentworth,Chatham,GA,31407,US/Eastern,KSAV,2021-12-27 11:53:00,76.0,76.0,60.0,29.99,10.0,W,12.0,0.0,Fair,False,False,False,False,True,False,False,False,False,False,False,False,False,Day,32.1_-81.1
A-1375696,2,2021-12-18 12:10:19,2021-12-18 15:20:50,32.196496,-81.190155,2.112,Port Wentworth,Chatham,GA,31407,US/Eastern,KSAV,2021-12-18 11:53:00,75.0,75.0,71.0,30.08,10.0,SW,14.0,0.0,Mostly Cloudy,False,False,False,False,False,False,False,False,False,False,False,False,False,Day,32.1_-81.1
A-1398219,2,2021-10-09 15:03:00,2021-10-09 20:45:00,32.161282,-81.183435,0.0279999999999999,Port Wentworth,Chatham,GA,31407-9708,US/Eastern,KSAV,2021-10-09 14:53:00,82.0,82.0,62.0,29.87,10.0,N,10.0,0.0,Partly Cloudy,False,False,False,False,False,False,False,False,False,False,False,True,False,Day,32.1_-81.1
A-1439552,2,2021-04-06 15:59:00,2021-04-06 17:34:40,32.18593,-81.199016,4.423,Port Wentworth,Chatham,GA,31407,US/Eastern,KSAV,2021-04-06 15:53:00,82.0,82.0,22.0,29.99,10.0,VAR,3.0,0.0,Fair,False,False,False,False,False,False,False,False,False,False,False,False,False,Day,32.1_-81.1
A-1449270,2,2021-10-11 14:25:00,2021-10-11 15:43:00,32.196131,-81.19082,0.852,Port Wentworth,Chatham,GA,31407,US/Eastern,KSAV,2021-10-11 14:53:00,81.0,81.0,60.0,29.9,10.0,NE,9.0,0.0,Mostly Cloudy,False,False,False,False,True,False,False,False,False,False,False,False,False,Day,32.1_-81.1
A-1887337,2,2020-12-27 21:29:00,2020-12-28 00:45:00,32.196818,-81.189898,2.085,Port Wentworth,Chatham,GA,31407,US/Eastern,KSAV,2020-12-27 21:53:00,42.0,42.0,73.0,30.24,10.0,ESE,3.0,0.0,Fair,False,False,False,False,False,False,False,False,False,False,False,False,False,Night,32.1_-81.1
A-2077382,2,2020-05-28 06:27:16,2020-05-28 07:12:16,32.16215,-81.18126,0.0,Port Wentworth,Chatham,GA,31407,US/Eastern,KSAV,2020-05-28 06:39:00,74.0,74.0,97.0,29.97,6.0,SSE,5.0,0.0,Mist,False,False,False,False,False,False,False,False,False,False,False,False,False,Day,32.1_-81.1
A-2077385,3,2020-05-28 06:45:39,2020-05-28 07:45:39,32.16167,-81.18353,0.0,Port Wentworth,Chatham,GA,31407,US/Eastern,KSAV,2020-05-28 06:39:00,74.0,74.0,97.0,29.97,6.0,SSE,5.0,0.0,Mist,False,False,False,False,False,False,False,False,False,False,False,True,False,Day,32.1_-81.1
A-2077414,3,2020-05-28 09:05:13,2020-05-28 10:05:13,32.102990000000005,-81.1486,0.0,Savannah,Chatham,GA,31408,US/Eastern,KSAV,2020-05-28 08:53:00,79.0,79.0,88.0,30.01,10.0,SSW,7.0,0.0,Mostly Cloudy,False,False,False,False,False,False,False,False,False,False,False,True,False,Day,32.1_-81.1
A-2077423,2,2020-05-28 09:29:54,2020-05-28 10:29:54,32.10523,-81.152,0.0,Savannah,Chatham,GA,31408-2114,US/Eastern,KSAV,2020-05-28 09:26:00,81.0,81.0,79.0,30.03,10.0,S,8.0,0.0,Mostly Cloudy,False,False,False,False,False,False,False,False,False,False,False,False,False,Day,32.1_-81.1
A-2093987,3,2020-04-30 17:37:39,2020-04-30 18:22:39,32.190529999999995,-81.19435,0.0,Port Wentworth,Chatham,GA,31407,US/Eastern,KSAV,2020-04-30 17:53:00,74.0,74.0,45.0,29.73,10.0,WNW,14.0,0.0,Mostly Cloudy,False,False,True,False,False,False,False,False,False,False,False,True,False,Day,32.1_-81.1
A-2093996,4,2020-04-30 18:06:45,2020-04-30 18:56:43,32.18601,-81.19893,0.0,Port Wentworth,Chatham,GA,31407,US/Eastern,KSAV,2020-04-30 17:53:00,74.0,74.0,45.0,29.73,10.0,WNW,14.0,0.0,Mostly Cloudy,False,False,False,False,False,False,False,False,False,False,False,False,False,Day,32.1_-81.1
A-2094003,4,2020-04-30 18:38:50,2020-04-30 19:08:50,32.18601,-81.19893,0.0,Port Wentworth,Chatham,GA,31407,US/Eastern,KSAV,2020-04-30 18:53:00,71.0,71.0,49.0,29.76,10.0,W,20.0,0.0,Partly Cloudy,False,False,False,False,False,False,False,False,False,False,False,False,False,Day,32.1_-81.1
A-2096172,2,2020-05-01 09:19:39,2020-05-01 10:19:39,32.12681,-81.16994,0.0,Savannah,Chatham,GA,31408-1600,US/Eastern,KSAV,2020-05-01 08:53:00,63.0,63.0,65.0,29.94,10.0,W,12.0,0.0,Fair,False,False,False,False,False,False,False,False,False,False,False,False,False,Day,32.1_-81.1
A-2105979,2,2020-05-08 16:43:57,2020-05-08 17:13:57,32.12681,-81.16994,0.0,Savannah,Chatham,GA,31408-1600,US/Eastern,KSAV,2020-05-08 16:53:00,78.0,78.0,29.0,29.86,10.0,SSW,13.0,0.0,Mostly Cloudy,False,False,False,False,False,False,False,False,False,False,False,False,False,Day,32.1_-81.1
A-2105984,2,2020-05-08 16:43:57,2020-05-08 17:23:56,32.1268,-81.16994,0.005,Savannah,Chatham,GA,31408,US/Eastern,KSAV,2020-05-08 16:53:00,78.0,78.0,29.0,29.86,10.0,SSW,13.0,0.0,Mostly Cloudy,False,False,False,False,False,False,False,False,False,False,False,False,False,Day,32.1_-81.1
A-2106005,2,2020-05-08 17:16:31,2020-05-08 17:46:31,32.1268,-81.16994,0.005,Savannah,Chatham,GA,31408,US/Eastern,KSAV,2020-05-08 16:53:00,78.0,78.0,29.0,29.86,10.0,SSW,13.0,0.0,Mostly Cloudy,False,False,False,False,False,False,False,False,False,False,False,False,False,Day,32.1_-81.1
A-2106041,2,2020-05-08 17:49:47,2020-05-08 18:39:45,32.1268,-81.16994,0.005,Savannah,Chatham,GA,31408,US/Eastern,KSAV,2020-05-08 17:53:00,77.0,77.0,30.0,29.82,10.0,S,13.0,0.0,Mostly Cloudy,False,False,False,False,False,False,False,False,False,False,False,False,False,Day,32.1_-81.1
A-2133121,2,2020-05-22 17:02:11,2020-05-22 17:32:11,32.10523,-81.152,0.0,Savannah,Chatham,GA,31408-2114,US/Eastern,KSAV,2020-05-22 16:53:00,89.0,89.0,59.0,29.97,10.0,ESE,13.0,0.0,Mostly Cloudy,False,False,False,False,False,False,False,False,False,False,False,False,False,Day,32.1_-81.1
A-2133142,2,2020-05-22 17:02:11,2020-05-22 17:52:09,32.10523,-81.152,0.0,Savannah,Chatham,GA,31408-2114,US/Eastern,KSAV,2020-05-22 16:53:00,89.0,89.0,59.0,29.97,10.0,ESE,13.0,0.0,Mostly Cloudy,False,False,False,False,False,False,False,False,False,False,False,False,False,Day,32.1_-81.1
A-2139379,2,2020-06-23 08:21:15,2020-06-23 09:21:15,32.102990000000005,-81.1486,0.0,Savannah,Chatham,GA,31408,US/Eastern,KSAV,2020-06-23 07:53:00,78.0,78.0,76.0,29.94,10.0,W,7.0,0.0,Partly Cloudy,False,False,False,False,False,False,False,False,False,False,False,True,False,Day,32.1_-81.1
A-2139394,2,2020-06-23 08:21:15,2020-06-23 09:41:13,32.102990000000005,-81.1486,0.0,Savannah,Chatham,GA,31408,US/Eastern,KSAV,2020-06-23 07:53:00,78.0,78.0,76.0,29.94,10.0,W,7.0,0.0,Partly Cloudy,False,False,False,False,False,False,False,False,False,False,False,True,False,Day,32.1_-81.1
A-2179543,2,2020-06-17 16:04:11,2020-06-17 16:34:11,32.12681,-81.16994,0.0,Savannah,Chatham,GA,31408-1600,US/Eastern,KSAV,2020-06-17 15:53:00,77.0,77.0,56.0,30.04,10.0,NNW,6.0,0.0,Mostly Cloudy,False,False,False,False,False,False,False,False,False,False,False,False,False,Day,32.1_-81.1
A-2209988,3,2020-03-20 16:17:14,2020-03-20 17:17:14,32.18601,-81.19893,0.0,Port Wentworth,Chatham,GA,31407,US/Eastern,KSAV,2020-03-20 15:53:00,86.0,86.0,48.0,30.15,10.0,VAR,7.0,0.0,Partly Cloudy,False,False,False,False,False,False,False,False,False,False,False,False,False,Day,32.1_-81.1
A-2210013,3,2020-03-20 16:44:49,2020-03-20 17:44:49,32.18601,-81.19893,0.0,Port Wentworth,Chatham,GA,31407,US/Eastern,KSAV,2020-03-20 16:53:00,84.0,84.0,58.0,30.14,10.0,SSE,15.0,0.0,Partly Cloudy,False,False,False,False,False,False,False,False,False,False,False,False,False,Day,32.1_-81.1
A-2210024,3,2020-03-20 17:12:25,2020-03-20 18:12:25,32.18601,-81.19893,0.0,Port Wentworth,Chatham,GA,31407,US/Eastern,KSAV,2020-03-20 16:53:00,84.0,84.0,58.0,30.14,10.0,SSE,15.0,0.0,Partly Cloudy,False,False,False,False,False,False,False,False,False,False,False,False,False,Day,32.1_-81.1
A-2210027,3,2020-03-20 17:19:46,2020-03-20 18:19:46,32.18601,-81.19893,0.0,Port Wentworth,Chatham,GA,31407,US/Eastern,KSAV,2020-03-20 16:53:00,84.0,84.0,58.0,30.14,10.0,SSE,15.0,0.0,Partly Cloudy,False,False,False,False,False,False,False,False,False,False,False,False,False,Day,32.1_-81.1
A-2210032,2,2020-03-20 17:27:08,2020-03-20 18:27:08,32.18601,-81.19893,0.0,Port Wentworth,Chatham,GA,31407,US/Eastern,KSAV,2020-03-20 17:53:00,82.0,82.0,60.0,30.14,10.0,S,16.0,0.0,Partly Cloudy,False,False,False,False,False,False,False,False,False,False,False,False,False,Day,32.1_-81.1
A-2217798,2,2020-03-24 16:42:15,2020-03-24 17:12:15,32.10523,-81.152,0.0,Savannah,Chatham,GA,31408-2114,US/Eastern,KSAV,2020-03-24 16:53:00,83.0,83.0,46.0,29.91,10.0,SW,14.0,0.0,Mostly Cloudy,False,False,False,False,False,False,False,False,False,False,False,False,False,Day,32.1_-81.1
A-2217809,2,2020-03-24 15:39:34,2020-03-24 16:29:32,32.105290000000004,-81.15209,0.0069999999999999,Savannah,Chatham,GA,31408-2114,US/Eastern,KSAV,2020-03-24 15:53:00,83.0,83.0,49.0,29.92,10.0,SW,10.0,0.0,Mostly Cloudy,False,False,False,False,False,False,False,False,False,False,False,False,False,Day,32.1_-81.1
A-2217823,2,2020-03-24 16:09:48,2020-03-24 16:39:48,32.105290000000004,-81.15209,0.0069999999999999,Savannah,Chatham,GA,31408-2114,US/Eastern,KSAV,2020-03-24 15:53:00,83.0,83.0,49.0,29.92,10.0,SW,10.0,0.0,Mostly Cloudy,False,False,False,False,False,False,False,False,False,False,False,False,False,Day,32.1_-81.1
A-2217858,2,2020-03-24 17:05:32,2020-03-24 17:35:32,32.105290000000004,-81.15209,0.0069999999999999,Savannah,Chatham,GA,31408-2114,US/Eastern,KSAV,2020-03-24 16:53:00,83.0,83.0,46.0,29.91,10.0,SW,14.0,0.0,Mostly Cloudy,False,False,False,False,False,False,False,False,False,False,False,False,False,Day,32.1_-81.1
A-2221580,3,2020-03-26 06:44:37,2020-03-26 07:44:37,32.18601,-81.19893,0.0,Port Wentworth,Chatham,GA,31407,US/Eastern,KSAV,2020-03-26 06:53:00,60.0,60.0,80.0,29.98,10.0,ENE,8.0,0.0,Fair,False,False,False,False,False,False,False,False,False,False,False,False,False,Night,32.1_-81.1
A-2221591,3,2020-03-26 06:44:37,2020-03-26 08:04:35,32.18601,-81.19893,0.0,Port Wentworth,Chatham,GA,31407,US/Eastern,KSAV,2020-03-26 06:53:00,60.0,60.0,80.0,29.98,10.0,ENE,8.0,0.0,Fair,False,False,False,False,False,False,False,False,False,False,False,False,False,Night,32.1_-81.1
A-2221782,4,2020-03-27 00:47:22,2020-03-27 01:17:09,32.11782,-81.1664,0.156,Savannah,Chatham,GA,31408-1605,US/Eastern,KSAV,2020-03-27 00:53:00,61.0,61.0,93.0,29.98,10.0,SSE,3.0,0.0,Fair,False,False,False,False,False,False,False,False,False,False,False,False,False,Night,32.1_-81.1
A-2221783,4,2020-03-27 00:47:22,2020-03-27 01:17:09,32.11995,-81.16728,0.156,Savannah,Chatham,GA,31408,US/Eastern,KSAV,2020-03-27 00:53:00,61.0,61.0,93.0,29.98,10.0,SSE,3.0,0.0,Fair,False,False,False,False,False,False,False,False,False,False,False,False,False,Night,32.1_-81.1
A-2227659,2,2020-03-30 07:15:09,2020-03-30 08:35:07,32.1274,-81.1521,0.004,Savannah,Chatham,GA,31408,US/Eastern,KSAV,2020-03-30 06:53:00,68.0,68.0,87.0,30.04,10.0,WSW,3.0,0.0,Fair,False,False,False,False,False,False,False,False,False,False,False,False,False,Day,32.1_-81.1
A-2227783,3,2020-03-30 17:02:41,2020-03-30 18:17:41,32.16215,-81.18126,0.0,Port Wentworth,Chatham,GA,31407,US/Eastern,KSAV,2020-03-30 16:53:00,86.0,86.0,20.0,29.93,10.0,WNW,8.0,0.0,Mostly Cloudy,False,False,False,False,False,False,False,False,False,False,False,False,False,Day,32.1_-81.1
A-2227804,3,2020-03-30 17:02:41,2020-03-30 18:37:39,32.16215,-81.18126,0.0,Port Wentworth,Chatham,GA,31407,US/Eastern,KSAV,2020-03-30 16:53:00,86.0,86.0,20.0,29.93,10.0,WNW,8.0,0.0,Mostly Cloudy,False,False,False,False,False,False,False,False,False,False,False,False,False,Day,32.1_-81.1
A-2229636,2,2020-03-31 16:42:31,2020-03-31 18:02:29,32.18601,-81.19893,0.0,Port Wentworth,Chatham,GA,31407,US/Eastern,KSAV,2020-03-31 16:53:00,71.0,71.0,93.0,29.54,3.0,SSW,9.0,0.12,Rain,False,False,False,False,False,False,False,False,False,False,False,False,False,Day,32.1_-81.1
A-2229677,2,2020-03-31 17:43:55,2020-03-31 18:43:55,32.18601,-81.19893,0.0,Port Wentworth,Chatham,GA,31407,US/Eastern,KSAV,2020-03-31 17:53:00,71.0,71.0,90.0,29.52,10.0,SW,12.0,0.04,Cloudy,False,False,False,False,False,False,False,False,False,False,False,False,False,Day,32.1_-81.1
A-2258580,2,2020-04-15 17:26:18,2020-04-15 17:56:18,32.10523,-81.152,0.0,Savannah,Chatham,GA,31408-2114,US/Eastern,KSAV,2020-04-15 17:48:00,63.0,63.0,68.0,29.93,10.0,ENE,8.0,0.0,Cloudy,False,False,False,False,False,False,False,False,False,False,False,False,False,Day,32.1_-81.1
A-2258581,2,2020-04-15 16:23:15,2020-04-15 16:53:15,32.105290000000004,-81.15209,0.0069999999999999,Savannah,Chatham,GA,31408-2114,US/Eastern,KSAV,2020-04-15 16:53:00,64.0,64.0,67.0,29.92,10.0,E,10.0,0.0,Cloudy,False,False,False,False,False,False,False,False,False,False,False,False,False,Day,32.1_-81.1
A-2258593,2,2020-04-15 16:55:01,2020-04-15 17:25:01,32.105290000000004,-81.15209,0.0069999999999999,Savannah,Chatham,GA,31408-2114,US/Eastern,KSAV,2020-04-15 16:53:00,64.0,64.0,67.0,29.92,10.0,E,10.0,0.0,Cloudy,False,False,False,False,False,False,False,False,False,False,False,False,False,Day,32.1_-81.1
A-2258609,2,2020-04-15 17:26:18,2020-04-15 18:16:16,32.105290000000004,-81.15209,0.0069999999999999,Savannah,Chatham,GA,31408-2114,US/Eastern,KSAV,2020-04-15 17:48:00,63.0,63.0,68.0,29.93,10.0,ENE,8.0,0.0,Cloudy,False,False,False,False,False,False,False,False,False,False,False,False,False,Day,32.1_-81.1
A-2266355,2,2020-04-20 07:37:25,2020-04-20 08:37:25,32.10298,-81.14854,0.0,Savannah,Chatham,GA,31408,US/Eastern,KSAV,2020-04-20 07:53:00,64.0,64.0,96.0,29.51,10.0,SSE,9.0,0.0,Cloudy,False,False,False,False,False,False,False,False,False,False,False,True,False,Day,32.1_-81.1
A-2274674,2,2020-04-24 07:34:11,2020-04-24 08:34:11,32.1268,-81.16994,0.0,Savannah,Chatham,GA,31408,US/Eastern,KSAV,2020-04-24 07:53:00,67.0,67.0,97.0,29.72,10.0,SSW,6.0,0.0,Cloudy,False,False,False,False,False,False,False,False,False,False,False,False,False,Day,32.1_-81.1
A-2280932,2,2020-04-28 06:52:00,2020-04-28 07:52:00,32.12675,-81.17015,0.0,Savannah,Chatham,GA,31408,US/Eastern,KSAV,2020-04-28 06:53:00,53.0,53.0,89.0,30.15,10.0,CALM,0.0,0.0,Fair,False,False,False,False,False,False,False,False,False,False,False,False,False,Day,32.1_-81.1
A-2472457,2,2019-09-24 12:09:42,2019-09-24 12:38:19,32.19621,-81.19079,0.855,Port Wentworth,Chatham,GA,31407,US/Eastern,KSAV,2019-09-24 11:53:00,87.0,87.0,49.0,29.87,10.0,CALM,0.0,0.0,Fair,False,False,False,False,True,False,False,False,False,False,False,False,False,Day,32.1_-81.1
A-2521223,2,2019-02-12 12:27:43,2019-02-12 12:57:00,32.146512,-81.178053,0.7659999999999999,Port Wentworth,Chatham,GA,31407,US/Eastern,KSAV,2019-02-12 12:53:00,80.1,,60.0,29.96,10.0,South,17.3,,Mostly Cloudy,False,False,False,False,False,False,False,False,False,False,False,True,False,Day,32.1_-81.1
A-2539225,2,2019-01-16 09:55:28,2019-01-16 10:25:17,32.18666,-81.1983,0.794,Port Wentworth,Chatham,GA,31407,US/Eastern,KSAV,2019-01-16 09:53:00,46.0,44.8,73.0,30.3,10.0,Variable,3.5,,Mostly Cloudy,False,False,False,False,False,False,False,False,False,False,False,False,False,Day,32.1_-81.1
A-2558733,2,2018-12-14 08:34:47,2018-12-14 09:04:21,32.18666,-81.1983,0.794,Port Wentworth,Chatham,GA,31407,US/Eastern,KSAV,2018-12-14 08:27:00,61.0,,100.0,30.09,2.0,NE,4.6,0.01,Light Rain,False,False,False,False,False,False,False,False,False,False,False,False,False,Day,32.1_-81.1
A-2563155,3,2018-12-21 19:31:01,2018-12-21 20:00:51,32.18666,-81.1983,0.794,Port Wentworth,Chatham,GA,31407,US/Eastern,KSAV,2018-12-21 19:53:00,48.9,,80.0,29.71,10.0,West,16.1,,Overcast,False,False,False,False,False,False,False,False,False,False,False,False,False,Night,32.1_-81.1
A-2563670,3,2018-12-22 12:53:33,2018-12-22 13:23:12,32.18666,-81.1983,0.794,Port Wentworth,Chatham,GA,31407,US/Eastern,KSAV,2018-12-22 12:53:00,52.0,,57.0,30.09,10.0,West,15.0,,Partly Cloudy,False,False,False,False,False,False,False,False,False,False,False,False,False,Day,32.1_-81.1
A-2568391,2,2018-11-01 22:43:11,2018-11-01 23:12:54,32.133665,-81.172726,0.3339999999999999,Port Wentworth,Chatham,GA,31407-9700,US/Eastern,KSAV,2018-11-01 22:53:00,73.9,,76.0,29.88,10.0,South,13.8,,Mostly Cloudy,False,False,False,False,False,False,False,False,False,False,False,False,False,Night,32.1_-81.1
A-2576866,2,2018-11-15 17:48:32,2018-11-15 18:18:11,32.191520000000004,-81.19469000000002,0.602,Port Wentworth,Chatham,GA,31407,US/Eastern,KSAV,2018-11-15 17:53:00,50.0,,74.0,30.04,10.0,WNW,17.3,,Overcast,False,False,False,False,False,False,False,False,False,False,False,False,False,Night,32.1_-81.1
A-2622609,4,2018-08-17 04:03:59,2018-08-17 04:33:50,32.19621,-81.19079,3.0780000000000003,Port Wentworth,Chatham,GA,31407,US/Eastern,KSAV,2018-08-17 03:53:00,75.0,,84.0,30.17,10.0,Calm,,,Clear,False,False,False,False,True,False,False,False,False,False,False,False,False,Night,32.1_-81.1
A-2622613,4,2018-08-17 06:18:14,2018-08-17 11:17:34,32.19621,-81.19079,0.855,Port Wentworth,Chatham,GA,31407,US/Eastern,KSAV,2018-08-17 05:53:00,73.0,,93.0,30.18,10.0,WNW,3.5,,Partly Cloudy,False,False,False,False,True,False,False,False,False,False,False,False,False,Night,32.1_-81.1
A-2640148,4,2018-06-04 22:55:15,2018-06-05 04:55:15,32.14627,-81.17796,0.0,Port Wentworth,Chatham,GA,31407,US/Eastern,KSAV,2018-06-04 22:53:00,77.0,,74.0,29.86,10.0,West,6.9,,Partly Cloudy,False,False,False,False,False,False,False,False,False,False,False,True,False,Night,32.1_-81.1
A-2640494,4,2018-06-05 07:59:01,2018-06-05 13:59:01,32.15422,-81.18095,1.44,Port Wentworth,Chatham,GA,31407,US/Eastern,KSAV,2018-06-05 07:53:00,73.0,,79.0,29.88,10.0,WNW,3.5,,Scattered Clouds,False,False,False,False,False,False,False,False,False,False,False,True,False,Day,32.1_-81.1
A-2640495,4,2018-06-05 07:59:01,2018-06-05 13:59:01,32.134557,-81.173077,1.383,Port Wentworth,Chatham,GA,31407-9700,US/Eastern,KSAV,2018-06-05 07:53:00,73.0,,79.0,29.88,10.0,WNW,3.5,,Scattered Clouds,False,False,False,False,False,False,False,False,False,False,False,False,False,Day,32.1_-81.1
A-2650593,4,2018-05-02 12:32:11,2018-05-02 18:32:11,32.196304,-81.196552,0.373,Port Wentworth,Chatham,GA,31407,US/Eastern,KSAV,2018-05-02 12:53:00,80.6,,39.0,30.33,10.0,ESE,6.9,,Partly Cloudy,False,False,False,False,False,False,False,False,False,False,False,False,False,Day,32.1_-81.1
A-2654413,4,2018-05-13 10:53:24,2018-05-13 16:53:24,32.179895,-81.188028,0.146,Port Wentworth,Chatham,GA,31407-9228,US/Eastern,KSAV,2018-05-13 10:53:00,84.0,,49.0,30.13,10.0,WSW,5.8,,Partly Cloudy,False,False,False,False,False,False,False,False,False,False,False,False,False,Day,32.1_-81.1
A-2654414,4,2018-05-13 10:53:24,2018-05-13 16:53:24,32.177786,-81.187564,0.118,Port Wentworth,Chatham,GA,31407,US/Eastern,KSAV,2018-05-13 10:53:00,84.0,,49.0,30.13,10.0,WSW,5.8,,Partly Cloudy,False,False,True,False,False,False,False,False,False,False,False,True,False,Day,32.1_-81.1
A-2655557,4,2018-05-16 10:42:09,2018-05-16 16:42:09,32.134557,-81.173077,1.391,Port Wentworth,Chatham,GA,31407-9700,US/Eastern,KSAV,2018-05-16 10:53:00,82.0,,60.0,29.98,10.0,Variable,6.9,,Mostly Cloudy,False,False,False,False,False,False,False,False,False,False,False,False,False,Day,32.1_-81.1
A-2655558,4,2018-05-16 10:42:09,2018-05-16 16:42:09,32.153969000000004,-81.180849,1.422,Port Wentworth,Chatham,GA,31407-9797,US/Eastern,KSAV,2018-05-16 10:53:00,82.0,,60.0,29.98,10.0,Variable,6.9,,Mostly Cloudy,False,False,False,False,False,False,False,False,False,False,False,True,False,Day,32.1_-81.1
A-2656025,4,2018-05-17 05:04:15,2018-05-17 11:04:15,32.134557,-81.173077,0.898,Port Wentworth,Chatham,GA,31407-9700,US/Eastern,KSAV,2018-05-17 04:53:00,72.0,,93.0,29.89,10.0,SE,4.6,0.02,Light Rain,False,False,False,False,False,False,False,False,False,False,False,False,False,Night,32.1_-81.1
A-2656027,4,2018-05-17 05:04:15,2018-05-17 11:04:15,32.146512,-81.178053,0.882,Port Wentworth,Chatham,GA,31407,US/Eastern,KSAV,2018-05-17 04:53:00,72.0,,93.0,29.89,10.0,SE,4.6,0.02,Light Rain,False,False,False,False,False,False,False,False,False,False,False,True,False,Night,32.1_-81.1
A-2656453,4,2018-05-18 05:05:24,2018-05-18 11:05:24,32.187355,-81.19341800000002,1.199,Port Wentworth,Chatham,GA,31407-9799,US/Eastern,KSAV,2018-05-18 05:07:00,73.0,,90.0,29.93,10.0,South,4.6,,Mostly Cloudy,False,False,False,False,False,False,False,False,False,False,False,False,False,Night,32.1_-81.1
A-2656454,4,2018-05-18 05:05:24,2018-05-18 11:05:24,32.170516,-81.186803,1.198,Port Wentworth,Chatham,GA,31407-9712,US/Eastern,KSAV,2018-05-18 05:07:00,73.0,,90.0,29.93,10.0,South,4.6,,Mostly Cloudy,False,False,False,False,False,False,False,False,False,False,False,False,False,Night,32.1_-81.1
A-2657056,2,2018-05-21 07:24:09,2018-05-21 13:24:09,32.149639,-81.179216,0.472,Port Wentworth,Chatham,GA,31407-9214,US/Eastern,KSAV,2018-05-21 07:53:00,73.0,,96.0,30.16,10.0,NNE,5.8,,Mostly Cloudy,False,False,False,False,False,False,False,False,False,False,False,False,False,Day,32.1_-81.1
A-2657057,2,2018-05-21 07:24:09,2018-05-21 13:24:09,32.144234999999995,-81.17693299999998,0.335,Port Wentworth,Chatham,GA,31407-9219,US/Eastern,KSAV,2018-05-21 07:53:00,73.0,,96.0,30.16,10.0,NNE,5.8,,Mostly Cloudy,False,False,False,False,False,False,False,False,False,False,False,False,False,Day,32.1_-81.1
A-2657477,4,2018-05-22 15:54:12,2018-05-22 21:54:12,32.142385,-81.176194,0.402,Port Wentworth,Chatham,GA,31407-9219,US/Eastern,KSAV,2018-05-22 15:53:00,80.1,,76.0,30.1,10.0,SSE,10.4,,Mostly Cloudy,False,False,False,False,False,False,False,False,False,False,False,False,False,Day,32.1_-81.1
A-2659215,4,2018-05-28 01:16:39,2018-05-28 07:16:39,32.134557,-81.173077,0.898,Port Wentworth,Chatham,GA,31407-9700,US/Eastern,KSAV,2018-05-28 01:25:00,75.0,,96.0,29.85,5.0,ESE,15.0,0.0,Rain,False,False,False,False,False,False,False,False,False,False,False,False,False,Night,32.1_-81.1
A-2659216,4,2018-05-28 01:16:39,2018-05-28 07:16:39,32.146512,-81.178053,0.882,Port Wentworth,Chatham,GA,31407,US/Eastern,KSAV,2018-05-28 01:25:00,75.0,,96.0,29.85,5.0,ESE,15.0,0.0,Rain,False,False,False,False,False,False,False,False,False,False,False,True,False,Night,32.1_-81.1
A-2662871,4,2018-04-06 20:46:43,2018-04-07 02:46:43,32.18666,-81.1983,0.794,Port Wentworth,Chatham,GA,31407,US/Eastern,KSAV,2018-04-06 20:53:00,66.0,,73.0,29.94,10.0,SSE,8.1,,Scattered Clouds,False,False,False,False,False,False,False,False,False,False,False,False,False,Night,32.1_-81.1
A-2682141,4,2018-03-27 19:12:00,2018-03-28 01:12:00,32.126241,-81.16994,0.044,Savannah,Chatham,GA,31408-1631,US/Eastern,KSAV,2018-03-27 18:53:00,62.1,,75.0,30.31,10.0,ESE,10.4,,Overcast,False,False,False,False,False,False,False,False,False,False,False,False,False,Day,32.1_-81.1
A-2682142,4,2018-03-27 19:12:00,2018-03-28 01:12:00,32.126092,-81.16964899999998,0.107,Savannah,Chatham,GA,31408,US/Eastern,KSAV,2018-03-27 18:53:00,62.1,,75.0,30.31,10.0,ESE,10.4,,Overcast,False,False,False,False,False,False,False,False,False,False,False,False,False,Day,32.1_-81.1
A-2709504,2,2018-01-27 08:33:16,2018-01-27 14:33:16,32.12678,-81.17016,1.473,Savannah,Chatham,GA,31408,US/Eastern,KSAV,2018-01-27 08:53:00,55.0,,77.0,30.49,10.0,NNE,5.8,,Overcast,False,False,False,False,False,False,False,False,False,False,False,False,False,Day,32.1_-81.1
A-2722149,3,2017-12-22 14:28:45,2017-12-22 20:28:45,32.18666,-81.1983,1.739,Port Wentworth,Chatham,GA,31407,US/Eastern,KSAV,2017-12-22 14:53:00,63.0,,70.0,30.19,10.0,West,4.6,,Scattered Clouds,False,False,False,False,False,False,False,False,False,False,False,False,False,Day,32.1_-81.1
