ID,Severity,Start_Time,End_Time,Start_Lat,Start_Lng,Distance(mi),City,County,State,Zipcode,Timezone,Airport_Code,Weather_Timestamp,Temperature(F),Wind_Chill(F),Humidity(%),Pressure(in),Visibility(mi),Wind_Direction,Wind_Speed(mph),Precipitation(in),Weather_Condition,Amenity,Bump,Crossing,Give_Way,Junction,No_Exit,Railway,Roundabout,Station,Stop,Traffic_Calming,Traffic_Signal,Turning_Loop,Sunrise_Sunset,DF_Matching
A-66783,4,2016-10-15 15:29:46,2016-10-15 21:29:46,33.12812,-84.65298,1.276,Gay,Meriwether,GA,30218-1947,US/Eastern,KFFC,2016-10-15 15:53:00,77.0,,56.0,30.21,10.0,North,,,Partly Cloudy,False,False,False,False,False,False,False,False,False,False,False,False,False,Day,33.1_-84.6
A-66785,4,2016-10-15 15:29:46,2016-10-15 21:29:46,33.111153,-84.661694,1.276,Greenville,Meriwether,GA,30222,US/Eastern,KCCO,2016-10-15 15:35:00,78.3,,60.0,30.22,10.0,East,10.4,,Scattered Clouds,False,False,False,False,False,False,False,False,False,False,False,False,False,Day,33.1_-84.6
A-347066,2,2021-12-16 08:19:00,2021-12-16 09:34:00,33.143671000000005,-84.631351,0.05,Greenville,Meriwether,GA,30222-2723,US/Eastern,KCCO,2021-12-16 08:15:00,50.0,50.0,81.0,29.23,10.0,E,3.0,,Fair,False,False,False,False,False,False,False,False,False,False,False,False,False,Day,33.1_-84.6
A-2430282,2,2019-10-24 18:47:36,2019-10-24 19:14:50,33.14417,-84.63042,0.031,Gay,Meriwether,GA,30218-2007,US/Eastern,KFFC,2019-10-24 18:53:00,64.0,64.0,78.0,29.28,10.0,CALM,0.0,0.0,Mostly Cloudy,False,False,False,False,False,False,False,False,False,False,False,False,False,Day,33.1_-84.6
