ID,Severity,Start_Time,End_Time,Start_Lat,Start_Lng,Distance(mi),City,County,State,Zipcode,Timezone,Airport_Code,Weather_Timestamp,Temperature(F),Wind_Chill(F),Humidity(%),Pressure(in),Visibility(mi),Wind_Direction,Wind_Speed(mph),Precipitation(in),Weather_Condition,Amenity,Bump,Crossing,Give_Way,Junction,No_Exit,Railway,Roundabout,Station,Stop,Traffic_Calming,Traffic_Signal,Turning_Loop,Sunrise_Sunset,DF_Matching
A-89198,4,2016-07-27 06:57:17,2016-07-27 12:57:17,34.111599,-82.86715600000002,0.053,Elberton,Elbert,GA,30635-1427,US/Eastern,K27A,2016-07-27 06:55:00,75.0,75.0,94.0,29.36,10.0,WSW,3.0,0.0,Fair,False,False,False,False,False,False,False,False,False,False,False,False,False,Day,34.1_-82.8
A-159867,4,2017-03-23 12:15:48,2017-03-23 18:15:48,34.12055,-82.88637,0.193,Elberton,Elbert,GA,30635,US/Eastern,K27A,2017-03-23 09:55:00,50.0,50.0,50.0,29.78,10.0,E,8.0,0.0,Partly Cloudy,False,False,False,False,False,False,False,False,False,False,False,False,False,Day,34.1_-82.8
A-420621,2,2021-09-17 00:17:00,2021-09-17 04:00:00,34.187622,-82.834296,0.147,Elberton,Elbert,GA,30635-3724,US/Eastern,K27A,2021-09-17 00:15:00,71.0,71.0,98.0,29.42,5.0,E,3.0,0.0,Cloudy,False,False,False,False,False,False,False,False,False,False,False,False,False,Night,34.1_-82.8
A-574270,2,2021-09-17 00:17:00,2021-09-17 06:45:00,34.190222,-82.82986,0.1689999999999999,Elberton,Elbert,GA,30635-3793,US/Eastern,K27A,2021-09-17 00:15:00,71.0,71.0,98.0,29.42,5.0,E,3.0,0.0,Cloudy,False,False,False,False,False,False,False,False,False,False,False,False,False,Night,34.1_-82.8
A-575956,2,2021-09-14 13:10:00,2021-09-14 15:45:00,34.120387,-82.886403,0.005,Elberton,Elbert,GA,30635,US/Eastern,K27A,2021-09-14 13:15:00,85.0,85.0,50.0,29.38,10.0,S,6.0,0.0,Fair,False,False,False,False,False,False,False,False,False,False,False,False,False,Day,34.1_-82.8
A-796492,2,2021-09-17 00:17:00,2021-09-17 01:32:00,34.187622,-82.834296,0.147,Elberton,Elbert,GA,30635-3724,US/Eastern,K27A,2021-09-17 00:15:00,71.0,71.0,98.0,29.42,5.0,E,3.0,0.0,Cloudy,False,False,False,False,False,False,False,False,False,False,False,False,False,Night,34.1_-82.8
A-1019386,2,2021-09-17 00:17:00.000000000,2021-09-17 04:00:00.000000000,34.188483000000005,-82.831948,0.089,Elberton,Elbert,GA,30635-4159,US/Eastern,K27A,2021-09-17 00:15:00,71.0,71.0,98.0,29.42,5.0,E,3.0,0.0,Cloudy,False,False,False,False,False,False,False,False,False,False,False,False,False,Night,34.1_-82.8
A-1029209,2,2021-09-14 13:10:00,2021-09-14 15:45:00,34.119147,-82.886363,0.142,Elberton,Elbert,GA,30635,US/Eastern,K27A,2021-09-14 13:15:00,85.0,85.0,50.0,29.38,10.0,S,6.0,0.0,Fair,False,False,False,False,False,False,False,False,False,False,False,False,False,Day,34.1_-82.8
A-2639039,2,2018-05-31 09:02:02,2018-05-31 15:02:02,34.103928,-82.85256899999997,0.12,Elberton,Elbert,GA,30635-2368,US/Eastern,K27A,2018-05-31 07:35:00,72.0,72.0,94.0,29.31,7.0,SSE,5.0,0.0,Cloudy,False,False,False,False,False,False,False,False,False,False,False,False,False,Day,34.1_-82.8
