ID,Severity,Start_Time,End_Time,Start_Lat,Start_Lng,Distance(mi),City,County,State,Zipcode,Timezone,Airport_Code,Weather_Timestamp,Temperature(F),Wind_Chill(F),Humidity(%),Pressure(in),Visibility(mi),Wind_Direction,Wind_Speed(mph),Precipitation(in),Weather_Condition,Amenity,Bump,Crossing,Give_Way,Junction,No_Exit,Railway,Roundabout,Station,Stop,Traffic_Calming,Traffic_Signal,Turning_Loop,Sunrise_Sunset,DF_Matching
A-2495122,3,2019-09-14 12:22:26,2019-09-14 12:51:57,32.294165,-81.38946,0.035,Guyton,Effingham,GA,31312-4965,US/Eastern,KSAV,2019-09-14 11:53:00,82.0,82.0,76.0,30.14,10.0,NE,13.0,0.0,Mostly Cloudy,False,False,False,False,False,False,False,False,False,False,False,False,False,Day,32.2_-81.3
A-2576864,2,2018-11-15 17:36:32,2018-11-15 18:06:20,32.267093,-81.389178,0.423,Guyton,Effingham,GA,31312-5308,US/Eastern,KSAV,2018-11-15 17:53:00,50.0,,74.0,30.04,10.0,WNW,17.3,,Overcast,False,False,False,False,False,False,False,False,False,False,False,False,False,Night,32.2_-81.3
A-2576865,2,2018-11-15 17:36:32,2018-11-15 18:06:20,32.273215,-81.38927,0.423,Guyton,Effingham,GA,31312-4837,US/Eastern,KSAV,2018-11-15 17:53:00,50.0,,74.0,30.04,10.0,WNW,17.3,,Overcast,False,False,False,False,False,False,False,False,False,False,False,False,False,Night,32.2_-81.3
A-2824747,4,2019-07-11 00:21:55,2019-07-11 00:50:06,32.267339,-81.389184,0.213,Guyton,Effingham,GA,31312,US/Eastern,KSAV,2019-07-11 00:53:00,80.0,80.0,90.0,29.94,10.0,SSW,5.0,0.0,Fair,False,False,False,False,False,False,False,False,False,False,False,False,False,Night,32.2_-81.3
A-2824748,4,2019-07-11 00:21:55,2019-07-11 00:50:06,32.270415,-81.38925,0.213,Guyton,Effingham,GA,31312,US/Eastern,KSAV,2019-07-11 00:53:00,80.0,80.0,90.0,29.94,10.0,SSW,5.0,0.0,Fair,False,False,False,False,False,False,False,False,False,False,False,False,False,Night,32.2_-81.3
