ID,Severity,Start_Time,End_Time,Start_Lat,Start_Lng,Distance(mi),City,County,State,Zipcode,Timezone,Airport_Code,Weather_Timestamp,Temperature(F),Wind_Chill(F),Humidity(%),Pressure(in),Visibility(mi),Wind_Direction,Wind_Speed(mph),Precipitation(in),Weather_Condition,Amenity,Bump,Crossing,Give_Way,Junction,No_Exit,Railway,Roundabout,Station,Stop,Traffic_Calming,Traffic_Signal,Turning_Loop,Sunrise_Sunset,DF_Matching
A-77689,4,2016-09-03 06:07:46,2016-09-03 12:07:46,34.51347,-83.74223,0.351,Cleveland,White,GA,30528-6203,US/Eastern,KDZJ,2016-09-03 06:15:00,,,,30.11,0.2,North,,,Fog,False,False,False,False,False,False,False,False,False,False,False,False,False,Night,34.5_-83.7
A-77690,4,2016-09-03 06:07:46,2016-09-03 12:07:46,34.50315,-83.75664,1.087,Clermont,Hall,GA,30527-1531,US/Eastern,KGVL,2016-09-03 05:53:00,62.1,,96.0,30.06,10.0,WSW,3.5,,Clear,False,False,False,False,False,False,False,False,False,False,False,False,False,Night,34.5_-83.7
A-162293,4,2017-04-01 14:37:37,2017-04-01 20:37:37,34.530892,-83.704642,0.027,Cleveland,White,GA,30528-6360,US/Eastern,KDZJ,2017-04-01 14:40:00,69.0,69.0,46.0,28.24,10.0,CALM,0.0,0.0,Fair,False,False,False,False,False,False,False,False,False,False,False,False,False,Day,34.5_-83.7
A-174245,4,2017-04-07 16:30:36,2017-04-07 22:30:36,34.59178,-83.71297,0.619,Cleveland,White,GA,30528-4695,US/Eastern,KDZJ,2017-04-07 16:20:00,57.0,57.0,39.0,28.18,10.0,W,13.0,0.0,Partly Cloudy,False,False,False,False,False,False,False,False,False,False,False,False,False,Day,34.5_-83.7
A-174247,4,2017-04-07 16:30:36,2017-04-07 22:30:36,34.588151,-83.703023,0.619,Cleveland,White,GA,30528,US/Eastern,KDZJ,2017-04-07 16:20:00,57.0,57.0,39.0,28.18,10.0,W,13.0,0.0,Partly Cloudy,False,False,False,False,False,False,False,False,False,False,False,False,False,Day,34.5_-83.7
A-841332,2,2021-11-24 19:06:00,2021-11-24 21:45:00,34.596724,-83.763387,0.012,Cleveland,White,GA,30528-1329,US/Eastern,KDZJ,2021-11-24 19:15:00,37.0,37.0,69.0,28.51,10.0,CALM,0.0,0.0,Fair,False,False,True,False,False,False,False,False,False,False,False,True,False,Night,34.5_-83.7
A-2624205,4,2018-08-22 07:06:25,2018-08-22 07:36:21,34.54222,-83.75950999999998,0.121,Cleveland,White,GA,30528-5851,US/Eastern,KDZJ,2018-08-22 07:15:00,65.1,,99.0,30.08,5.0,Calm,,,Overcast,False,False,False,False,False,False,False,False,False,False,False,False,False,Day,34.5_-83.7
A-2702863,4,2018-01-12 20:47:36,2018-01-13 02:47:36,34.592394,-83.778832,0.043,Cleveland,White,GA,30528-1349,US/Eastern,KDZJ,,,,,,,,,,,False,False,False,False,False,False,False,False,False,False,False,False,False,Night,34.5_-83.7
A-2702864,4,2018-01-12 20:47:36,2018-01-13 02:47:36,34.592794,-83.778253,0.043,Cleveland,White,GA,30528-1346,US/Eastern,KDZJ,,,,,,,,,,,False,False,False,False,False,False,False,False,False,False,False,False,False,Night,34.5_-83.7
