ID,Severity,Start_Time,End_Time,Start_Lat,Start_Lng,Distance(mi),City,County,State,Zipcode,Timezone,Airport_Code,Weather_Timestamp,Temperature(F),Wind_Chill(F),Humidity(%),Pressure(in),Visibility(mi),Wind_Direction,Wind_Speed(mph),Precipitation(in),Weather_Condition,Amenity,Bump,Crossing,Give_Way,Junction,No_Exit,Railway,Roundabout,Station,Stop,Traffic_Calming,Traffic_Signal,Turning_Loop,Sunrise_Sunset,DF_Matching
A-60218,4,2016-09-14 20:11:10,2016-09-15 02:11:10,33.804758,-84.97336800000002,1.495,Villa Rica,Paulding,GA,30180,US/Eastern,KPUJ,2016-09-14 20:15:00,84.2,,48.0,30.08,10.0,Calm,,,Clear,False,False,False,False,False,False,False,False,False,True,False,False,False,Night,33.8_-84.9
A-190273,2,2017-05-16 14:21:28,2017-05-16 20:21:28,33.855307,-84.929415,0.0,Dallas,Paulding,GA,30157,US/Eastern,KPUJ,2017-05-16 14:15:00,89.6,,43.0,30.09,7.0,Calm,,,Scattered Clouds,False,False,False,False,False,False,False,False,False,False,False,False,False,Day,33.8_-84.9
A-221688,4,2017-07-28 20:40:04,2017-07-29 02:40:04,33.805634000000005,-84.973729,0.5489999999999999,Temple,Carroll,GA,30179-2804,US/Eastern,KCTJ,2017-07-28 20:35:00,77.0,,88.0,29.88,10.0,Calm,,,Mostly Cloudy,False,False,False,False,False,False,False,False,False,False,False,False,False,Day,33.8_-84.9
A-2223549,3,2020-03-27 08:04:19,2020-03-27 08:49:19,33.84325,-84.98102,3.946,Dallas,Paulding,GA,30157-7808,US/Eastern,KPUJ,2020-03-27 07:55:00,57.0,57.0,100.0,28.57,5.0,CALM,0.0,0.0,Fair,False,False,False,False,False,False,False,False,False,True,False,True,False,Day,33.8_-84.9
