ID,Severity,Start_Time,End_Time,Start_Lat,Start_Lng,Distance(mi),City,County,State,Zipcode,Timezone,Airport_Code,Weather_Timestamp,Temperature(F),Wind_Chill(F),Humidity(%),Pressure(in),Visibility(mi),Wind_Direction,Wind_Speed(mph),Precipitation(in),Weather_Condition,Amenity,Bump,Crossing,Give_Way,Junction,No_Exit,Railway,Roundabout,Station,Stop,Traffic_Calming,Traffic_Signal,Turning_Loop,Sunrise_Sunset,DF_Matching
A-180203,4,2017-05-02 17:19:49,2017-05-02 23:19:49,34.241419,-84.389292,0.076,Canton,Cherokee,GA,30115-2280,US/Eastern,KCNI,2017-05-02 17:15:00,77.0,,12.0,30.01,10.0,WNW,5.8,,Clear,False,False,False,False,False,False,False,False,False,False,False,False,False,Day,34.2_-84.3
A-2462380,4,2019-10-01 08:55:34,2019-10-01 09:25:08,34.273159,-84.301174,0.532,Ball Ground,Cherokee,GA,30107-7701,US/Eastern,KCNI,2019-10-01 08:50:00,73.0,73.0,83.0,28.88,10.0,CALM,0.0,0.0,Fair,False,False,False,False,False,False,False,False,False,False,False,False,False,Day,34.2_-84.3
A-2617765,2,2018-08-03 12:56:23,2018-08-03 18:56:23,34.25412,-84.35164,0.0,Ball Ground,Cherokee,GA,30107-4847,US/Eastern,KCNI,2018-08-03 12:55:00,80.6,,65.0,30.17,10.0,NW,3.5,,Mostly Cloudy,False,False,False,False,False,False,False,False,False,False,False,False,False,Day,34.2_-84.3
A-2680882,4,2018-03-23 07:46:08,2018-03-23 13:46:08,34.254414000000004,-84.34818800000002,0.368,Canton,Cherokee,GA,30115-9321,US/Eastern,KCNI,2018-03-23 07:55:00,37.4,,70.0,30.3,10.0,Calm,,,Scattered Clouds,False,False,False,False,False,False,False,False,False,False,False,False,False,Day,34.2_-84.3
A-2680883,4,2018-03-23 07:46:08,2018-03-23 13:46:08,34.255731,-84.341951,0.368,Canton,Cherokee,GA,30115,US/Eastern,KCNI,2018-03-23 07:55:00,37.4,,70.0,30.3,10.0,Calm,,,Scattered Clouds,False,False,False,False,False,False,False,False,False,False,False,False,False,Day,34.2_-84.3
A-2755369,2,2017-09-22 10:47:27,2017-09-22 16:47:27,34.24154,-84.39291999999998,0.0,Canton,Cherokee,GA,30115-2279,US/Eastern,KCNI,2017-09-22 10:55:00,82.4,,62.0,30.13,10.0,ENE,4.6,,Clear,False,False,False,False,False,False,False,False,False,False,False,False,False,Day,34.2_-84.3
