ID,Severity,Start_Time,End_Time,Start_Lat,Start_Lng,Distance(mi),City,County,State,Zipcode,Timezone,Airport_Code,Weather_Timestamp,Temperature(F),Wind_Chill(F),Humidity(%),Pressure(in),Visibility(mi),Wind_Direction,Wind_Speed(mph),Precipitation(in),Weather_Condition,Amenity,Bump,Crossing,Give_Way,Junction,No_Exit,Railway,Roundabout,Station,Stop,Traffic_Calming,Traffic_Signal,Turning_Loop,Sunrise_Sunset,DF_Matching
A-796739,2,2021-11-11 03:46:00.000000000,2021-11-11 06:45:00.000000000,32.553382,-84.664979,0.089,Box Springs,Talbot,GA,31801-7509,US/Eastern,KCSG,2021-11-11 03:51:00,53.0,53.0,86.0,29.65,10.0,E,3.0,0.0,Fair,False,False,False,False,False,False,False,False,False,False,False,False,False,Night,32.5_-84.6
A-2325269,4,2020-02-03 20:15:20,2020-02-03 20:44:48,32.56995,-84.60028,0.525,Box Springs,Talbot,GA,31801-7132,US/Eastern,KCSG,2020-02-03 19:51:00,65.0,65.0,43.0,29.64,10.0,SSW,7.0,0.0,Fair,False,False,False,False,False,False,False,False,False,False,False,False,False,Night,32.5_-84.6
A-2632384,4,2018-07-12 12:06:24,2018-07-12 18:06:24,32.55883,-84.649241,0.218,Box Springs,Talbot,GA,31801-7710,US/Eastern,KCSG,2018-07-12 11:51:00,89.1,,61.0,30.08,10.0,SSW,8.1,,Clear,False,False,False,False,False,False,False,False,False,False,False,False,False,Day,32.5_-84.6
A-2757997,4,2017-09-29 12:10:44,2017-09-29 18:10:44,32.561874,-84.618997,0.353,Box Springs,Talbot,GA,31801-7921,US/Eastern,KCSG,2017-09-29 11:51:00,88.0,,51.0,29.98,10.0,Variable,3.5,,Clear,False,False,False,False,False,False,False,False,False,False,False,False,False,Day,32.5_-84.6
A-2757998,4,2017-09-29 12:10:44,2017-09-29 18:10:44,32.561421,-84.613036,0.377,Box Springs,Talbot,GA,31801-7920,US/Eastern,KCSG,2017-09-29 11:51:00,88.0,,51.0,29.98,10.0,Variable,3.5,,Clear,False,False,False,False,False,False,False,False,False,False,False,False,False,Day,32.5_-84.6
