ID,Severity,Start_Time,End_Time,Start_Lat,Start_Lng,Distance(mi),City,County,State,Zipcode,Timezone,Airport_Code,Weather_Timestamp,Temperature(F),Wind_Chill(F),Humidity(%),Pressure(in),Visibility(mi),Wind_Direction,Wind_Speed(mph),Precipitation(in),Weather_Condition,Amenity,Bump,Crossing,Give_Way,Junction,No_Exit,Railway,Roundabout,Station,Stop,Traffic_Calming,Traffic_Signal,Turning_Loop,Sunrise_Sunset,DF_Matching
A-1772578,2,2020-11-18 02:30:00,2020-11-18 12:45:00,32.848433,-83.439194,0.096,Macon,Twiggs,GA,31217-6531,US/Eastern,KMCN,2020-11-18 02:53:00,40.0,37.0,68.0,30.04,10.0,NNW,5.0,0.0,Fair,False,False,False,False,False,False,False,False,False,False,False,False,False,Night,32.8_-83.4
A-1943437,2,2020-11-18 02:30:00,2020-11-18 10:45:00,32.848244,-83.439201,0.023,Macon,Twiggs,GA,31217-2155,US/Eastern,KMCN,2020-11-18 02:53:00,40.0,37.0,68.0,30.04,10.0,NNW,5.0,0.0,Fair,False,False,False,False,False,False,False,False,False,False,False,False,False,Night,32.8_-83.4
A-2287238,3,2020-03-03 14:45:46,2020-03-03 15:14:56,32.8507,-83.48479,0.0,Macon,Twiggs,GA,31217,US/Eastern,KMCN,2020-03-03 14:53:00,66.0,66.0,93.0,29.48,4.0,SW,5.0,0.1,Light Rain,False,False,False,False,False,False,False,False,False,False,False,False,False,Day,32.8_-83.4
A-2287239,3,2020-03-03 14:45:46,2020-03-03 15:14:56,32.8507,-83.48479,0.0,Macon,Twiggs,GA,31217,US/Eastern,KMCN,2020-03-03 14:53:00,66.0,66.0,93.0,29.48,4.0,SW,5.0,0.1,Light Rain,False,False,False,False,False,False,False,False,False,False,False,False,False,Day,32.8_-83.4
