ID,Severity,Start_Time,End_Time,Start_Lat,Start_Lng,Distance(mi),City,County,State,Zipcode,Timezone,Airport_Code,Weather_Timestamp,Temperature(F),Wind_Chill(F),Humidity(%),Pressure(in),Visibility(mi),Wind_Direction,Wind_Speed(mph),Precipitation(in),Weather_Condition,Amenity,Bump,Crossing,Give_Way,Junction,No_Exit,Railway,Roundabout,Station,Stop,Traffic_Calming,Traffic_Signal,Turning_Loop,Sunrise_Sunset,DF_Matching
A-72221,2,2016-08-16 07:14:53,2016-08-16 13:14:53,34.984052,-83.384662,0.002,Dillard,Rabun,GA,30537,US/Eastern,K1A5,2016-08-16 07:20:00,65.3,,95.0,30.3,7.0,Calm,,,Mostly Cloudy,False,False,False,False,False,False,False,False,False,False,False,True,False,Day,34.9_-83.3
A-2315658,4,2020-01-25 14:03:20,2020-01-25 14:30:27,34.92492,-83.38694,0.0,Rabun Gap,Rabun,GA,30568,US/Eastern,K1A5,2020-01-25 13:55:00,38.0,31.0,65.0,27.91,10.0,N,10.0,0.0,Mostly Cloudy,False,False,False,False,False,False,False,False,False,False,False,False,False,Day,34.9_-83.3
A-2371552,4,2019-12-30 21:29:48,2019-12-30 21:57:23,34.98369,-83.38465,0.033,Dillard,Rabun,GA,30537,US/Eastern,K1A5,2019-12-30 21:35:00,38.0,33.0,76.0,27.79,10.0,WSW,6.0,0.0,Fair,False,False,False,False,False,False,False,False,False,False,False,False,False,Night,34.9_-83.3
A-2371554,4,2019-12-30 21:29:48,2019-12-30 21:57:23,34.98417,-83.38467,0.033,Dillard,Rabun,GA,30537,US/Eastern,K1A5,2019-12-30 21:35:00,38.0,33.0,76.0,27.79,10.0,WSW,6.0,0.0,Fair,False,False,False,False,False,False,False,False,False,False,False,True,False,Night,34.9_-83.3
