ID,Severity,Start_Time,End_Time,Start_Lat,Start_Lng,Distance(mi),City,County,State,Zipcode,Timezone,Airport_Code,Weather_Timestamp,Temperature(F),Wind_Chill(F),Humidity(%),Pressure(in),Visibility(mi),Wind_Direction,Wind_Speed(mph),Precipitation(in),Weather_Condition,Amenity,Bump,Crossing,Give_Way,Junction,No_Exit,Railway,Roundabout,Station,Stop,Traffic_Calming,Traffic_Signal,Turning_Loop,Sunrise_Sunset,DF_Matching
A-40883,2,2016-12-30 17:47:07,2016-12-30 23:47:07,34.40213,-84.00671,0.381,Dawsonville,Dawson,GA,30534-6309,US/Eastern,KCNI,2016-12-30 17:55:00,44.6,42.2,14.0,30.19,10.0,West,4.6,,Clear,False,False,False,False,False,False,False,False,False,False,False,False,False,Night,34.4_-84.0
A-2554909,4,2018-12-10 13:54:14,2018-12-10 14:24:11,34.405636,-84.001806,0.551,Dawsonville,Dawson,GA,30534-5635,US/Eastern,KCNI,2018-12-10 13:55:00,41.0,39.0,93.0,30.09,4.0,WNW,3.5,,Light Rain,False,False,False,False,False,False,False,False,False,False,False,False,False,Day,34.4_-84.0
A-2646559,3,2018-06-21 18:00:17,2018-06-22 00:00:17,34.401708,-84.097615,0.24,Dawsonville,Dawson,GA,30534-5347,US/Eastern,KCNI,2018-06-21 17:55:00,80.6,,70.0,29.87,10.0,SW,5.8,,Scattered Clouds,False,False,False,False,False,False,False,False,False,False,False,False,False,Day,34.4_-84.0
A-2675744,4,2018-03-12 14:43:55,2018-03-12 20:43:55,34.430794,-84.071857,0.8759999999999999,Dawsonville,Dawson,GA,30534-3716,US/Eastern,KCNI,2018-03-12 14:35:00,46.4,40.1,62.0,29.91,10.0,NW,15.0,,Scattered Clouds,False,False,False,False,False,False,False,False,False,False,False,False,False,Day,34.4_-84.0
A-2675745,4,2018-03-12 14:43:55,2018-03-12 20:43:55,34.431808000000004,-84.056536,0.8759999999999999,Dawsonville,Dawson,GA,30534-3738,US/Eastern,KCNI,2018-03-12 14:35:00,46.4,40.1,62.0,29.91,10.0,NW,15.0,,Scattered Clouds,False,False,False,False,False,False,False,False,False,False,False,False,False,Day,34.4_-84.0
A-2689752,4,2018-02-12 08:29:30,2018-02-12 14:29:30,34.401708,-84.097615,0.412,Dawsonville,Dawson,GA,30534-5347,US/Eastern,KCNI,2018-02-12 08:35:00,50.0,,100.0,30.28,10.0,WNW,8.1,,Overcast,False,False,False,False,False,False,False,False,False,False,False,False,False,Day,34.4_-84.0
