ID,Severity,Start_Time,End_Time,Start_Lat,Start_Lng,Distance(mi),City,County,State,Zipcode,Timezone,Airport_Code,Weather_Timestamp,Temperature(F),Wind_Chill(F),Humidity(%),Pressure(in),Visibility(mi),Wind_Direction,Wind_Speed(mph),Precipitation(in),Weather_Condition,Amenity,Bump,Crossing,Give_Way,Junction,No_Exit,Railway,Roundabout,Station,Stop,Traffic_Calming,Traffic_Signal,Turning_Loop,Sunrise_Sunset,DF_Matching
A-53863,2,2016-11-11 20:01:17,2016-11-12 02:01:17,32.378855,-83.619438,0.001,Hawkinsville,Pulaski,GA,31036-9697,US/Eastern,KEZM,2016-11-11 19:55:00,66.4,,6.0,30.05,10.0,Calm,,,Clear,False,False,False,False,False,False,False,False,False,False,False,False,False,Night,32.3_-83.6
A-77151,4,2016-09-01 17:17:03,2016-09-01 23:17:03,32.315455,-83.62605400000002,0.045,Hawkinsville,Pulaski,GA,31036-9003,US/Eastern,KEZM,2016-09-01 17:15:00,89.1,,38.0,29.88,10.0,SSW,10.4,,Mostly Cloudy,False,False,False,False,False,False,False,False,False,False,False,False,False,Day,32.3_-83.6
A-77152,4,2016-09-01 17:17:03,2016-09-01 23:17:03,32.315352000000004,-83.626814,0.045,Hawkinsville,Pulaski,GA,31036-9002,US/Eastern,KEZM,2016-09-01 17:15:00,89.1,,38.0,29.88,10.0,SSW,10.4,,Mostly Cloudy,False,False,False,False,False,False,False,False,False,False,False,False,False,Day,32.3_-83.6
A-450363,2,2021-12-06 00:30:00.000000000,2021-12-08 00:30:00.000000000,32.315541,-83.618142,0.467,Hawkinsville,Houston,GA,31036-9046,US/Eastern,KEZM,2021-12-06 00:35:00,49.0,49.0,98.0,29.81,5.0,CALM,0.0,0.0,Fair,False,False,False,False,False,False,False,False,False,False,False,False,False,Night,32.3_-83.6
A-2287246,3,2020-03-03 17:24:53,2020-03-03 17:54:07,32.38293,-83.62073000000002,0.093,Hawkinsville,Houston,GA,31036,US/Eastern,KEZM,2020-03-03 17:15:00,71.0,71.0,78.0,29.56,10.0,WSW,6.0,0.0,Cloudy,False,False,False,False,False,False,False,False,False,False,False,False,False,Day,32.3_-83.6
A-2325234,4,2020-02-03 12:58:50,2020-02-03 13:27:45,32.39083,-83.62363,0.54,Hawkinsville,Houston,GA,31036-9636,US/Eastern,KEZM,2020-02-03 12:55:00,69.0,69.0,42.0,29.82,10.0,W,6.0,0.0,Fair,False,False,False,False,False,False,False,False,False,False,False,False,False,Day,32.3_-83.6
A-2556696,2,2018-12-12 09:22:47,2018-12-12 09:52:26,32.314778999999994,-83.68383100000001,0.6940000000000001,Elko,Houston,GA,31025-2322,US/Eastern,KWRB,2018-12-12 08:56:00,32.7,,93.0,30.31,10.0,Calm,,,Partly Cloudy,False,False,False,False,False,False,False,False,False,False,False,False,False,Day,32.3_-83.6
