ID,Severity,Start_Time,End_Time,Start_Lat,Start_Lng,Distance(mi),City,County,State,Zipcode,Timezone,Airport_Code,Weather_Timestamp,Temperature(F),Wind_Chill(F),Humidity(%),Pressure(in),Visibility(mi),Wind_Direction,Wind_Speed(mph),Precipitation(in),Weather_Condition,Amenity,Bump,Crossing,Give_Way,Junction,No_Exit,Railway,Roundabout,Station,Stop,Traffic_Calming,Traffic_Signal,Turning_Loop,Sunrise_Sunset,DF_Matching
A-175986,4,2017-04-15 21:14:00,2017-04-16 03:14:00,33.386361,-83.821835,0.3329999999999999,Monticello,Jasper,GA,31064,US/Eastern,K9A1,2017-04-15 20:45:00,72.0,72.0,53.0,29.13,10.0,CALM,0.0,,Cloudy,False,False,False,False,False,False,False,False,False,False,False,False,False,Night,33.3_-83.8
A-175987,4,2017-04-15 21:14:00,2017-04-16 03:14:00,33.387523,-83.827445,0.3329999999999999,Monticello,Jasper,GA,31064,US/Eastern,K9A1,2017-04-15 20:45:00,72.0,72.0,53.0,29.13,10.0,CALM,0.0,,Cloudy,False,False,False,False,False,False,False,False,False,False,False,False,False,Night,33.3_-83.8
A-207233,4,2017-06-25 02:34:18,2017-06-25 08:34:18,33.392928999999995,-83.895721,0.091,Jackson,Butts,GA,30233-3315,US/Eastern,K6A2,2017-06-25 02:35:00,73.4,,94.0,30.08,10.0,NW,3.5,,Clear,False,False,False,False,False,False,False,False,False,False,False,False,False,Night,33.3_-83.8
A-207234,4,2017-06-25 02:34:18,2017-06-25 08:34:18,33.391834,-83.896597,0.091,Jackson,Butts,GA,30233-3314,US/Eastern,K6A2,2017-06-25 02:35:00,73.4,,94.0,30.08,10.0,NW,3.5,,Clear,False,False,False,False,False,False,False,False,False,False,False,False,False,Night,33.3_-83.8
A-2410681,4,2019-10-09 19:18:10,2019-10-09 19:48:03,33.3054,-83.83929,0.57,Jackson,Butts,GA,30233-4830,US/Eastern,K6A2,2019-10-09 19:15:00,70.0,70.0,68.0,29.06,10.0,CALM,0.0,0.0,Partly Cloudy,False,False,False,False,False,False,False,False,False,False,False,False,False,Night,33.3_-83.8
A-2410682,4,2019-10-09 19:18:10,2019-10-09 19:48:03,33.30365,-83.84894,0.57,Jackson,Butts,GA,30233-4829,US/Eastern,K6A2,2019-10-09 19:15:00,70.0,70.0,68.0,29.06,10.0,CALM,0.0,0.0,Partly Cloudy,False,False,False,False,False,False,False,False,False,False,False,False,False,Night,33.3_-83.8
A-2590768,2,2018-10-09 20:36:57,2018-10-09 21:06:27,33.391838,-83.896594,0.242,Jackson,Butts,GA,30233-3314,US/Eastern,K6A2,2018-10-09 20:35:00,69.8,,100.0,29.99,10.0,East,5.8,,Overcast,False,False,False,False,False,False,False,False,False,False,False,False,False,Night,33.3_-83.8
A-2685779,4,2018-02-03 02:06:18,2018-02-03 08:06:18,33.393411,-83.895342,0.418,Jackson,Butts,GA,30233-3317,US/Eastern,K6A2,2018-02-03 02:15:00,33.8,30.8,41.0,30.39,10.0,NNE,3.5,,Clear,False,False,False,False,False,False,False,False,False,False,False,False,False,Night,33.3_-83.8
A-2685780,4,2018-02-03 02:06:18,2018-02-03 08:06:18,33.398424,-83.891275,0.418,Covington,Newton,GA,30014,US/Eastern,K9A1,2018-02-03 01:56:00,30.0,30.0,56.0,,10.0,CALM,0.0,0.0,Fair,False,False,False,False,False,False,False,False,False,False,False,False,False,Night,33.3_-83.8
