ID,Severity,Start_Time,End_Time,Start_Lat,Start_Lng,Distance(mi),City,County,State,Zipcode,Timezone,Airport_Code,Weather_Timestamp,Temperature(F),Wind_Chill(F),Humidity(%),Pressure(in),Visibility(mi),Wind_Direction,Wind_Speed(mph),Precipitation(in),Weather_Condition,Amenity,Bump,Crossing,Give_Way,Junction,No_Exit,Railway,Roundabout,Station,Stop,Traffic_Calming,Traffic_Signal,Turning_Loop,Sunrise_Sunset,DF_Matching
A-47945,2,2016-10-21 08:25:50,2016-10-21 14:25:50,31.382812,-84.149387,0.2289999999999999,Baconton,Mitchell,GA,31716-7729,US/Eastern,KABY,2016-10-21 08:53:00,69.1,,87.0,29.9,10.0,NW,9.2,,Mostly Cloudy,False,False,False,False,False,False,False,False,False,False,False,False,False,Day,31.3_-84.1
A-60281,3,2016-09-15 07:31:34,2016-09-15 13:31:34,31.379590000000004,-84.15026999999998,0.487,Baconton,Mitchell,GA,31716-7769,US/Eastern,KABY,2016-09-15 07:53:00,72.0,,93.0,30.07,9.0,Calm,,,Clear,False,False,False,False,False,False,False,False,False,False,False,True,False,Day,31.3_-84.1
A-180997,4,2017-05-05 08:50:03,2017-05-05 14:50:03,31.36826,-84.15319699999998,0.804,Baconton,Mitchell,GA,31716-7439,US/Eastern,KABY,2017-05-05 08:53:00,54.0,,69.0,29.73,10.0,WSW,12.7,,Overcast,False,False,False,False,False,False,False,False,False,False,False,False,False,Day,31.3_-84.1
A-259263,2,2021-11-29 19:07:00,2021-11-29 20:01:30,31.302226,-84.180475,1.286,Camilla,Mitchell,GA,31730,US/Eastern,KABY,2021-11-29 18:53:00,48.0,48.0,56.0,29.92,10.0,CALM,0.0,0.0,Fair,False,False,False,False,False,False,False,False,False,False,False,False,False,Night,31.3_-84.1
A-483677,2,2021-11-29 18:25:41,2021-11-29 18:54:38,31.302223,-84.180471,0.63,Camilla,Mitchell,GA,31730,US/Eastern,KABY,2021-11-29 18:53:00,48.0,48.0,56.0,29.92,10.0,CALM,0.0,0.0,Fair,False,False,False,False,False,False,False,False,False,False,False,False,False,Night,31.3_-84.1
A-697194,2,2021-12-15 07:10:00,2021-12-15 11:30:00,31.308857,-84.17753499999998,0.5720000000000001,Baconton,Mitchell,GA,31716-7563,US/Eastern,KABY,2021-12-15 06:53:00,55.0,55.0,83.0,30.18,10.0,NE,3.0,0.0,Partly Cloudy,False,False,False,False,False,False,False,False,False,False,False,False,False,Night,31.3_-84.1
A-1079009,2,2021-12-15 07:19:30,2021-12-15 07:59:00,31.308869,-84.177541,0.602,Baconton,Mitchell,GA,31716-7563,US/Eastern,KABY,2021-12-15 06:53:00,55.0,55.0,83.0,30.18,10.0,NE,3.0,0.0,Partly Cloudy,False,False,False,False,False,False,False,False,False,False,False,False,False,Night,31.3_-84.1
A-1244755,2,2021-12-15 07:10:00,2021-12-15 08:25:00,31.308857,-84.17753499999998,0.5720000000000001,Baconton,Mitchell,GA,31716-7563,US/Eastern,KABY,2021-12-15 06:53:00,55.0,55.0,83.0,30.18,10.0,NE,3.0,0.0,Partly Cloudy,False,False,False,False,False,False,False,False,False,False,False,False,False,Night,31.3_-84.1
