ID,Severity,Start_Time,End_Time,Start_Lat,Start_Lng,Distance(mi),City,County,State,Zipcode,Timezone,Airport_Code,Weather_Timestamp,Temperature(F),Wind_Chill(F),Humidity(%),Pressure(in),Visibility(mi),Wind_Direction,Wind_Speed(mph),Precipitation(in),Weather_Condition,Amenity,Bump,Crossing,Give_Way,Junction,No_Exit,Railway,Roundabout,Station,Stop,Traffic_Calming,Traffic_Signal,Turning_Loop,Sunrise_Sunset,DF_Matching
A-154356,4,2017-03-06 02:49:45,2017-03-06 08:49:45,34.482820000000004,-85.461275,0.382,Menlo,Chattooga,GA,30731-6633,US/Central,K4A9,2017-03-06 02:55:00,57.2,,48.0,30.32,10.0,South,4.6,,Overcast,False,False,False,False,False,False,False,False,False,False,False,False,False,Night,34.4_-85.4
A-154357,4,2017-03-06 02:49:45,2017-03-06 08:49:45,34.482563,-85.454571,0.382,Menlo,Chattooga,GA,30731-6633,US/Central,K4A9,2017-03-06 02:55:00,57.2,,48.0,30.32,10.0,South,4.6,,Overcast,False,False,False,False,False,False,False,False,False,False,False,False,False,Night,34.4_-85.4
A-1700662,2,2021-01-04 04:48:00,2021-01-04 07:45:00,34.477248,-85.40727,0.5720000000000001,Summerville,Chattooga,GA,30747-5655,US/Eastern,KRMG,2021-01-04 04:53:00,28.0,28.0,88.0,29.41,10.0,CALM,0.0,0.0,Fair,False,False,False,False,False,False,False,False,False,False,False,False,False,Night,34.4_-85.4
A-1748857,4,2020-12-20 21:07:00,2020-12-20 22:22:00,34.488712,-85.485316,1.888,Menlo,Chattooga,GA,30731-6244,US/Central,K4A9,2020-12-20 21:15:00,42.0,42.0,97.0,29.04,10.0,CALM,0.0,0.0,Cloudy,False,False,False,False,False,False,False,False,False,False,False,False,False,Night,34.4_-85.4
A-2643417,4,2018-06-14 00:41:58,2018-06-14 06:41:58,34.40252,-85.40827,0.0,Lyerly,Chattooga,GA,30730-4579,US/Eastern,KRMG,2018-06-14 00:53:00,72.0,,100.0,30.02,10.0,Calm,,,Partly Cloudy,False,False,False,False,False,False,False,False,False,False,False,False,False,Night,34.4_-85.4
A-2762088,2,2017-08-07 23:55:21,2017-08-08 05:55:21,34.48876,-85.48543000000002,0.0,Menlo,Chattooga,GA,30731-6514,US/Central,K4A9,2017-08-07 23:55:00,68.0,,94.0,30.03,10.0,Calm,,,Light Rain,False,False,False,False,False,False,False,False,False,False,False,False,False,Night,34.4_-85.4
A-2762091,2,2017-08-07 23:55:21,2017-08-08 05:55:21,34.48876,-85.48543000000002,0.0,Menlo,Chattooga,GA,30731-6514,US/Central,K4A9,2017-08-07 23:55:00,68.0,,94.0,30.03,10.0,Calm,,,Light Rain,False,False,False,False,False,False,False,False,False,False,False,False,False,Night,34.4_-85.4
