ID,Severity,Start_Time,End_Time,Start_Lat,Start_Lng,Distance(mi),City,County,State,Zipcode,Timezone,Airport_Code,Weather_Timestamp,Temperature(F),Wind_Chill(F),Humidity(%),Pressure(in),Visibility(mi),Wind_Direction,Wind_Speed(mph),Precipitation(in),Weather_Condition,Amenity,Bump,Crossing,Give_Way,Junction,No_Exit,Railway,Roundabout,Station,Stop,Traffic_Calming,Traffic_Signal,Turning_Loop,Sunrise_Sunset,DF_Matching
A-2535430,3,2019-01-09 14:22:03,2019-01-09 14:51:57,34.740988,-83.92048100000002,0.884,Blairsville,Union,GA,30512,US/Eastern,KDZJ,2019-01-09 14:15:00,43.5,37.1,30.0,30.07,10.0,NW,12.7,,Clear,False,False,False,False,False,False,False,False,False,False,False,False,False,Day,34.7_-83.9
A-2535431,3,2019-01-09 14:22:03,2019-01-09 14:51:57,34.729114,-83.914689,0.884,Cleveland,Lumpkin,GA,30528,US/Eastern,KDZJ,2019-01-09 14:15:00,43.5,37.1,30.0,30.07,10.0,NW,12.7,,Clear,False,False,False,False,False,False,False,False,False,False,False,False,False,Day,34.7_-83.9
A-2710530,4,2018-01-30 12:05:33,2018-01-30 18:05:33,34.773544,-83.91125799999998,0.094,Blairsville,Union,GA,30512-7602,US/Eastern,KDZJ,2018-01-30 12:15:00,34.0,28.0,45.0,30.35,10.0,West,6.9,,Clear,False,False,False,False,False,False,False,False,False,False,False,False,False,Day,34.7_-83.9
A-2715669,4,2017-12-08 12:32:39,2017-12-08 18:32:39,34.735449,-83.91818,1.349,Blairsville,Union,GA,30512,US/Eastern,KDZJ,2017-12-08 12:40:00,32.0,32.0,100.0,28.21,0.5,CALM,0.0,0.05,Snow,False,False,True,False,False,False,False,False,False,False,False,False,False,Day,34.7_-83.9
