ID,Severity,Start_Time,End_Time,Start_Lat,Start_Lng,Distance(mi),City,County,State,Zipcode,Timezone,Airport_Code,Weather_Timestamp,Temperature(F),Wind_Chill(F),Humidity(%),Pressure(in),Visibility(mi),Wind_Direction,Wind_Speed(mph),Precipitation(in),Weather_Condition,Amenity,Bump,Crossing,Give_Way,Junction,No_Exit,Railway,Roundabout,Station,Stop,Traffic_Calming,Traffic_Signal,Turning_Loop,Sunrise_Sunset,DF_Matching
A-43783,4,2017-01-11 16:57:26,2017-01-11 22:57:26,32.682512,-83.910384,0.214,Fort Valley,Peach,GA,31030-2848,US/Eastern,KMCN,2017-01-11 16:53:00,71.1,,45.0,30.25,10.0,South,11.5,,Clear,False,False,False,False,False,False,False,False,False,False,False,False,False,Day,32.6_-83.9
A-43784,4,2017-01-11 16:57:26,2017-01-11 22:57:26,32.683131,-83.91399,0.214,Fort Valley,Peach,GA,31030-2852,US/Eastern,KMCN,2017-01-11 16:53:00,71.1,,45.0,30.25,10.0,South,11.5,,Clear,False,False,False,False,False,False,False,False,False,False,False,False,False,Day,32.6_-83.9
A-66810,4,2016-10-16 05:41:48,2016-10-16 11:41:48,32.611909999999995,-83.95392,1.157,Fort Valley,Peach,GA,31030-8521,US/Eastern,KMCN,2016-10-16 05:53:00,64.0,,90.0,30.19,9.0,NW,4.6,,Overcast,False,False,False,False,False,False,False,False,False,False,False,False,False,Night,32.6_-83.9
A-1886657,4,2020-10-14 15:14:00,2020-10-14 17:15:00,32.619813,-83.963645,0.787,Roberta,Crawford,GA,31078-7513,US/Eastern,K6A1,2020-10-14 15:15:00,83.0,83.0,51.0,29.57,7.0,SE,7.0,0.0,Partly Cloudy,False,False,False,False,False,False,False,False,False,False,False,False,False,Day,32.6_-83.9
A-2488668,2,2019-09-09 06:30:25,2019-09-09 06:59:48,32.611909999999995,-83.95392,0.0,Fort Valley,Peach,GA,31030-8521,US/Eastern,KMCN,2019-09-09 06:53:00,72.0,72.0,93.0,29.69,7.0,CALM,0.0,0.0,Fair,False,False,False,False,False,False,False,False,False,False,False,False,False,Night,32.6_-83.9
A-2681624,4,2018-03-26 06:51:29,2018-03-26 12:51:29,32.619728,-83.963525,2.935,Fort Valley,Crawford,GA,31030-6503,US/Eastern,KMCN,2018-03-26 06:53:00,46.9,,86.0,30.35,10.0,ENE,10.4,,Overcast,False,False,False,False,False,False,False,False,False,False,False,False,False,Night,32.6_-83.9
A-2681634,4,2018-03-26 07:48:29,2018-03-26 13:48:29,32.619728,-83.963525,0.777,Fort Valley,Crawford,GA,31030-6503,US/Eastern,KMCN,2018-03-26 07:53:00,46.9,,80.0,30.36,10.0,ENE,12.7,,Overcast,False,False,False,False,False,False,False,False,False,False,False,False,False,Day,32.6_-83.9
