ID,Severity,Start_Time,End_Time,Start_Lat,Start_Lng,Distance(mi),City,County,State,Zipcode,Timezone,Airport_Code,Weather_Timestamp,Temperature(F),Wind_Chill(F),Humidity(%),Pressure(in),Visibility(mi),Wind_Direction,Wind_Speed(mph),Precipitation(in),Weather_Condition,Amenity,Bump,Crossing,Give_Way,Junction,No_Exit,Railway,Roundabout,Station,Stop,Traffic_Calming,Traffic_Signal,Turning_Loop,Sunrise_Sunset,DF_Matching
A-190417,3,2017-05-16 23:46:09,2017-05-17 05:46:09,31.831162,-83.71287099999998,7.291,Arabi,Crisp,GA,31712,US/Eastern,KCKF,2017-05-16 23:55:00,80.4,,44.0,30.07,10.0,SSE,5.8,,Clear,False,False,False,False,False,False,False,False,False,False,False,False,False,Night,31.8_-83.7
A-202590,2,2017-06-07 11:42:21,2017-06-07 17:42:21,31.83081,-83.712539,0.0,Arabi,Crisp,GA,31712,US/Eastern,KCKF,2017-06-07 11:35:00,73.4,,89.0,29.78,10.0,ENE,10.4,,Light Rain,False,False,False,False,False,False,False,False,False,False,False,False,False,Day,31.8_-83.7
A-664851,2,2021-12-11 11:41:00,2021-12-11 13:27:37,31.837874,-83.714393,4.769,Arabi,Crisp,GA,31712,US/Eastern,KCKF,2021-12-11 11:35:00,72.0,72.0,77.0,29.74,10.0,WSW,10.0,,Cloudy,False,False,False,False,False,False,False,False,False,False,False,False,False,Day,31.8_-83.7
A-1025146,2,2021-12-11 11:31:00,2021-12-11 12:53:00,31.837874,-83.714393,4.769,Arabi,Crisp,GA,31712,US/Eastern,KCKF,2021-12-11 11:35:00,72.0,72.0,77.0,29.74,10.0,WSW,10.0,,Cloudy,False,False,False,False,False,False,False,False,False,False,False,False,False,Day,31.8_-83.7
A-2384550,4,2019-12-10 13:30:00,2019-12-10 13:58:01,31.88074000000001,-83.75354,0.207,Cordele,Crisp,GA,31015-8522,US/Eastern,KCKF,2019-12-10 13:35:00,75.0,75.0,69.0,29.69,10.0,WSW,8.0,,Mostly Cloudy,False,False,False,False,False,False,False,False,False,False,False,False,False,Day,31.8_-83.7
A-2539230,3,2019-01-16 10:54:43,2019-01-16 11:24:24,31.83867,-83.71485,0.462,Arabi,Crisp,GA,31712,US/Eastern,KCKF,2019-01-16 10:55:00,43.0,,63.0,30.34,10.0,Calm,,,Clear,False,False,False,False,True,False,False,False,False,False,False,False,False,Day,31.8_-83.7
A-2539233,3,2019-01-16 11:17:14,2019-01-16 11:46:36,31.83867,-83.71485,0.462,Arabi,Crisp,GA,31712,US/Eastern,KCKF,2019-01-16 11:15:00,44.8,42.4,61.0,30.34,10.0,WNW,4.6,,Clear,False,False,False,False,True,False,False,False,False,False,False,False,False,Day,31.8_-83.7
A-2548810,3,2018-12-02 15:17:20,2018-12-02 15:46:49,31.8328,-83.71307,0.359,Arabi,Crisp,GA,31712,US/Eastern,KCKF,2018-12-02 03:15:00,68.4,,98.0,29.85,10.0,Calm,,,Light Thunderstorms and Rain,False,False,False,False,True,False,False,False,False,False,False,False,False,Day,31.8_-83.7
