ID,Severity,Start_Time,End_Time,Start_Lat,Start_Lng,Distance(mi),City,County,State,Zipcode,Timezone,Airport_Code,Weather_Timestamp,Temperature(F),Wind_Chill(F),Humidity(%),Pressure(in),Visibility(mi),Wind_Direction,Wind_Speed(mph),Precipitation(in),Weather_Condition,Amenity,Bump,Crossing,Give_Way,Junction,No_Exit,Railway,Roundabout,Station,Stop,Traffic_Calming,Traffic_Signal,Turning_Loop,Sunrise_Sunset,DF_Matching
A-793825,4,2021-10-24 00:28:00,2021-10-24 03:30:00,32.34391,-81.739622,1.3630000000000002,Statesboro,Bulloch,GA,30458,US/Eastern,KTBR,2021-10-24 00:35:00,53.0,53.0,94.0,29.86,10.0,CALM,0.0,0.0,Fair,False,False,False,False,False,False,False,False,False,False,False,False,False,Night,32.3_-81.7
A-2356882,4,2020-01-01 22:27:32,2020-01-01 22:56:10,32.380109999999995,-81.74432,0.364,Statesboro,Bulloch,GA,30458,US/Eastern,KTBR,2020-01-01 22:35:00,42.0,42.0,88.0,29.86,10.0,CALM,0.0,0.0,Fair,False,False,False,False,False,False,False,False,False,False,False,False,False,Night,32.3_-81.7
A-2358814,4,2020-01-03 15:39:36,2020-01-03 16:08:56,32.39759,-81.7564,0.701,Statesboro,Bulloch,GA,30458-7226,US/Eastern,KTBR,2020-01-03 15:35:00,79.0,79.0,64.0,29.66,10.0,S,15.0,0.0,Mostly Cloudy,False,False,False,False,False,False,False,False,False,False,False,True,False,Day,32.3_-81.7
A-2475113,4,2019-09-26 11:37:31,2019-09-26 12:06:31,32.39759,-81.7564,0.701,Statesboro,Bulloch,GA,30458-7226,US/Eastern,KTBR,2019-09-26 11:35:00,87.0,87.0,50.0,29.72,10.0,NNE,3.0,0.0,Fair,False,False,False,False,False,False,False,False,False,False,False,True,False,Day,32.3_-81.7
