ID,Severity,Start_Time,End_Time,Start_Lat,Start_Lng,Distance(mi),City,County,State,Zipcode,Timezone,Airport_Code,Weather_Timestamp,Temperature(F),Wind_Chill(F),Humidity(%),Pressure(in),Visibility(mi),Wind_Direction,Wind_Speed(mph),Precipitation(in),Weather_Condition,Amenity,Bump,Crossing,Give_Way,Junction,No_Exit,Railway,Roundabout,Station,Stop,Traffic_Calming,Traffic_Signal,Turning_Loop,Sunrise_Sunset,DF_Matching
A-52457,2,2016-11-08 02:22:45,2016-11-08 08:22:45,32.091264,-82.863884,0.716,Alamo,Wheeler,GA,30411-3631,US/Eastern,KAZE,2016-11-08 02:15:00,48.0,,89.0,30.29,10.0,NE,4.6,,Clear,False,False,False,False,False,False,False,False,False,False,False,False,False,Night,32.0_-82.8
A-52463,4,2016-11-08 03:08:20,2016-11-08 09:08:20,32.08655,-82.874781,0.716,Alamo,Wheeler,GA,30411-3631,US/Eastern,KAZE,2016-11-08 03:15:00,49.6,,81.0,30.28,10.0,NE,3.5,,Clear,False,False,False,False,False,False,False,False,False,False,False,False,False,Night,32.0_-82.8
A-52464,4,2016-11-08 03:08:20,2016-11-08 09:08:20,32.091264,-82.863884,0.716,Alamo,Wheeler,GA,30411-3631,US/Eastern,KAZE,2016-11-08 03:15:00,49.6,,81.0,30.28,10.0,NE,3.5,,Clear,False,False,False,False,False,False,False,False,False,False,False,False,False,Night,32.0_-82.8
A-2605609,4,2018-09-07 09:04:10,2018-09-07 09:33:44,32.076438,-82.896551,0.188,Mc Rae Helena,Telfair,GA,31037,US/Eastern,KEZM,2018-09-07 08:55:00,74.7,,97.0,,10.0,NE,3.5,,Mostly Cloudy,False,False,False,False,False,False,False,False,False,False,False,False,False,Day,32.0_-82.8
A-2711944,4,2017-11-30 09:12:21,2017-11-30 15:12:21,32.049562,-82.860258,0.409,Mc Rae Helena,Telfair,GA,31055-4347,US/Eastern,KEZM,2017-11-30 09:15:00,58.3,,75.0,30.23,10.0,Calm,,,Clear,False,False,False,False,False,False,False,False,False,False,False,False,False,Day,32.0_-82.8
