ID,Severity,Start_Time,End_Time,Start_Lat,Start_Lng,Distance(mi),City,County,State,Zipcode,Timezone,Airport_Code,Weather_Timestamp,Temperature(F),Wind_Chill(F),Humidity(%),Pressure(in),Visibility(mi),Wind_Direction,Wind_Speed(mph),Precipitation(in),Weather_Condition,Amenity,Bump,Crossing,Give_Way,Junction,No_Exit,Railway,Roundabout,Station,Stop,Traffic_Calming,Traffic_Signal,Turning_Loop,Sunrise_Sunset,DF_Matching
A-51301,2,2016-11-03 14:06:18,2016-11-03 20:06:18,32.507090000000005,-84.97344,0.018,Columbus,Muscogee,GA,31904-6566,US/Eastern,KCSG,2016-11-03 13:51:00,82.0,,45.0,30.18,10.0,WNW,6.9,,Mostly Cloudy,False,False,True,False,False,False,False,False,False,False,False,True,False,Day,32.5_-84.9
A-66807,4,2016-10-16 04:52:07,2016-10-16 10:52:07,32.5037,-84.94827,1.4409999999999998,Columbus,Muscogee,GA,31907,US/Eastern,KCSG,2016-10-16 04:51:00,66.0,,87.0,30.17,10.0,NNE,4.6,0.0,Light Rain,False,False,False,False,False,False,False,False,False,False,False,False,False,Night,32.5_-84.9
A-66808,4,2016-10-16 04:52:07,2016-10-16 10:52:07,32.52315,-84.95699,1.4380000000000002,Columbus,Muscogee,GA,31904,US/Eastern,KCSG,2016-10-16 04:51:00,66.0,,87.0,30.17,10.0,NNE,4.6,0.0,Light Rain,False,False,False,False,True,False,False,False,False,False,False,False,False,Night,32.5_-84.9
A-66859,3,2016-10-16 14:13:28,2016-10-16 20:13:28,32.57261,-84.96204,0.795,Columbus,Muscogee,GA,31904,US/Eastern,KCSG,2016-10-16 13:51:00,78.1,,62.0,30.13,10.0,Variable,3.5,,Mostly Cloudy,False,False,False,False,True,False,False,False,False,False,False,False,False,Day,32.5_-84.9
A-66860,4,2016-10-16 14:17:29,2016-10-16 20:17:29,32.524736,-84.958004,0.47,Columbus,Muscogee,GA,31909,US/Eastern,KCSG,2016-10-16 13:51:00,78.1,,62.0,30.13,10.0,Variable,3.5,,Mostly Cloudy,False,False,False,False,False,False,False,False,False,False,False,False,False,Day,32.5_-84.9
A-71669,4,2016-08-13 16:49:47,2016-08-13 22:49:47,32.52315,-84.95699,1.754,Columbus,Muscogee,GA,31904,US/Eastern,KCSG,2016-08-13 16:51:00,88.0,,61.0,29.98,10.0,West,5.8,,Clear,False,False,False,False,True,False,False,False,False,False,False,False,False,Day,32.5_-84.9
A-77586,3,2016-09-02 18:00:33,2016-09-03 00:00:33,32.55272,-84.9625,2.673,Columbus,Muscogee,GA,31904,US/Eastern,KCSG,2016-09-02 17:51:00,84.0,,61.0,29.88,10.0,East,5.8,0.0,Partly Cloudy,False,False,False,False,True,False,False,False,False,False,False,False,False,Day,32.5_-84.9
A-83585,4,2016-07-05 06:14:25,2016-07-05 12:14:25,32.57261,-84.96204,2.537,Columbus,Muscogee,GA,31904,US/Eastern,KCSG,2016-07-05 05:51:00,77.0,,90.0,30.06,10.0,WSW,6.9,,Overcast,False,False,False,False,True,False,False,False,False,False,False,False,False,Night,32.5_-84.9
A-157751,3,2017-03-16 08:33:51,2017-03-16 14:33:51,32.51475,-84.9506,0.6920000000000001,Columbus,Muscogee,GA,31909,US/Eastern,KCSG,2017-03-16 08:51:00,30.0,,72.0,30.43,10.0,Calm,,,Clear,False,False,False,False,False,False,False,False,False,False,False,False,False,Day,32.5_-84.9
A-179476,2,2017-04-29 12:22:40,2017-04-29 18:22:40,32.55427,-84.905753,0.0,Columbus,Muscogee,GA,31909,US/Eastern,KCSG,2017-04-29 12:51:00,86.0,,57.0,30.09,10.0,SW,11.5,,Scattered Clouds,False,False,False,False,False,False,False,False,False,False,False,False,False,Day,32.5_-84.9
A-206740,4,2017-06-22 18:56:09,2017-06-23 00:56:09,32.516647,-84.951222,0.856,Columbus,Muscogee,GA,31904,US/Eastern,KCSG,2017-06-22 18:51:00,82.0,,79.0,29.96,10.0,South,4.6,,Partly Cloudy,False,False,False,False,False,False,False,False,False,False,False,False,False,Day,32.5_-84.9
A-330387,2,2021-10-15 20:09:33,2021-10-15 22:45:30,32.511231,-84.950753,1.779,Columbus,Muscogee,GA,31909,US/Eastern,KCSG,2021-10-15 19:51:00,78.0,78.0,68.0,29.51,10.0,CALM,0.0,0.0,Fair,False,False,False,False,True,False,False,False,False,False,False,False,False,Night,32.5_-84.9
A-334737,4,2021-08-31 18:32:00.000000000,2021-08-31 19:47:00.000000000,32.547243,-84.951578,0.236,Columbus,Muscogee,GA,31909-3143,US/Eastern,KCSG,2021-08-31 18:51:00,77.0,77.0,90.0,29.27,10.0,SW,8.0,0.0,Mostly Cloudy,False,False,False,False,False,False,False,False,False,False,False,False,False,Day,32.5_-84.9
A-358995,4,2021-12-01 14:53:00,2021-12-01 16:08:00,32.506453,-84.949924,0.332,Columbus,Muscogee,GA,31909,US/Eastern,KCSG,2021-12-01 14:51:00,67.0,67.0,33.0,29.69,10.0,S,10.0,0.0,Fair,False,False,False,False,False,False,False,False,False,False,False,False,False,Day,32.5_-84.9
A-360900,2,2021-09-05 18:46:00,2021-09-05 20:01:00,32.508426,-84.995924,0.258,Columbus,Muscogee,GA,31904,US/Eastern,KCSG,2021-09-05 18:51:00,85.0,85.0,55.0,29.48,10.0,SSW,9.0,0.0,Fair,False,False,False,False,False,False,False,False,False,False,False,False,False,Day,32.5_-84.9
A-419528,2,2021-09-05 18:46:00,2021-09-05 21:53:00,32.508426,-84.995924,0.833,Columbus,Muscogee,GA,31904,US/Eastern,KCSG,2021-09-05 18:51:00,85.0,85.0,55.0,29.48,10.0,SSW,9.0,0.0,Fair,False,False,False,False,False,False,False,False,False,False,False,False,False,Day,32.5_-84.9
A-465709,2,2021-12-21 14:27:00,2021-12-21 15:57:00,32.523297,-84.957114,0.68,Columbus,Muscogee,GA,31904,US/Eastern,KCSG,2021-12-21 14:20:00,42.0,39.0,89.0,29.49,3.0,NNW,5.0,0.04,Rain,False,False,False,False,True,False,False,False,False,False,False,False,False,Day,32.5_-84.9
A-517368,2,2021-09-16 15:26:00,2021-09-16 17:45:00,32.504337,-84.948951,0.7829999999999999,Columbus,Muscogee,GA,31907,US/Eastern,KCSG,2021-09-16 15:30:00,77.0,77.0,88.0,29.55,10.0,ESE,7.0,0.2,Light Rain,False,False,False,False,False,False,False,False,False,False,False,False,False,Day,32.5_-84.9
A-517858,2,2021-09-05 18:29:00,2021-09-05 19:47:30,32.524335,-84.982374,1.252,Columbus,Muscogee,GA,31904,US/Eastern,KCSG,2021-09-05 18:51:00,85.0,85.0,55.0,29.48,10.0,SSW,9.0,0.0,Fair,False,False,False,False,False,False,False,False,False,False,False,False,False,Day,32.5_-84.9
A-544175,2,2021-09-20 06:53:30,2021-09-20 07:33:02,32.515037,-84.950795,0.616,Columbus,Muscogee,GA,31909,US/Eastern,KCSG,2021-09-20 06:51:00,73.0,73.0,96.0,29.56,10.0,E,5.0,0.0,Cloudy,False,False,False,False,False,False,False,False,False,False,False,False,False,Night,32.5_-84.9
A-563161,2,2021-12-21 14:27:00,2021-12-21 16:45:00,32.514671,-84.95056899999999,0.73,Columbus,Muscogee,GA,31909,US/Eastern,KCSG,2021-12-21 14:20:00,42.0,39.0,89.0,29.49,3.0,NNW,5.0,0.04,Rain,False,False,False,False,True,False,False,False,False,False,False,False,False,Day,32.5_-84.9
A-567233,2,2021-09-16 15:26:00,2021-09-16 16:41:00,32.504337,-84.948951,0.825,Columbus,Muscogee,GA,31907,US/Eastern,KCSG,2021-09-16 15:30:00,77.0,77.0,88.0,29.55,10.0,ESE,7.0,0.2,Light Rain,False,False,False,False,False,False,False,False,False,False,False,False,False,Day,32.5_-84.9
A-590028,2,2021-10-20 16:12:00,2021-10-20 18:45:00,32.598291,-84.955247,1.823,Fortson,Muscogee,GA,31808,US/Eastern,KCSG,2021-10-20 15:51:00,78.0,78.0,42.0,29.78,10.0,CALM,0.0,0.0,Fair,False,False,False,False,False,False,False,False,False,False,False,False,False,Day,32.5_-84.9
A-625427,2,2021-10-20 16:12:00,2021-10-20 17:27:00,32.598291,-84.955247,1.823,Fortson,Muscogee,GA,31808,US/Eastern,KCSG,2021-10-20 15:51:00,78.0,78.0,42.0,29.78,10.0,CALM,0.0,0.0,Fair,False,False,False,False,False,False,False,False,False,False,False,False,False,Day,32.5_-84.9
A-640538,4,2021-09-20 07:04:00,2021-09-20 08:19:00,32.511237,-84.95074100000002,0.413,Columbus,Muscogee,GA,31909,US/Eastern,KCSG,2021-09-20 06:51:00,73.0,73.0,96.0,29.56,10.0,E,5.0,0.0,Cloudy,False,False,False,False,True,False,False,False,False,False,False,False,False,Night,32.5_-84.9
A-733384,2,2021-09-05 18:46:00.000000000,2021-09-05 21:53:00.000000000,32.508426,-84.995924,0.258,Columbus,Muscogee,GA,31904,US/Eastern,KCSG,2021-09-05 18:51:00,85.0,85.0,55.0,29.48,10.0,SSW,9.0,0.0,Fair,False,False,False,False,False,False,False,False,False,False,False,False,False,Day,32.5_-84.9
A-736214,2,2021-12-01 14:53:00.000000000,2021-12-01 16:08:00.000000000,32.506453,-84.949924,0.332,Columbus,Muscogee,GA,31909,US/Eastern,KCSG,2021-12-01 14:51:00,67.0,67.0,33.0,29.69,10.0,S,10.0,0.0,Fair,False,False,False,False,False,False,False,False,False,False,False,False,False,Day,32.5_-84.9
A-737038,2,2021-12-10 08:55:00.000000000,2021-12-10 11:45:00.000000000,32.545037,-84.961108,3.393,Columbus,Muscogee,GA,31904,US/Eastern,KCSG,2021-12-10 08:51:00,56.0,56.0,93.0,29.68,10.0,E,6.0,0.0,Cloudy,False,False,False,False,False,False,False,False,False,False,False,False,False,Day,32.5_-84.9
A-780304,2,2021-08-29 13:05:37.000000000,2021-08-29 14:57:01.000000000,32.504337,-84.948951,1.294,Columbus,Muscogee,GA,31907,US/Eastern,KCSG,2021-08-29 13:11:00,82.0,82.0,79.0,29.7,8.0,SE,6.0,0.02,Rain,False,False,False,False,False,False,False,False,False,False,False,False,False,Day,32.5_-84.9
A-780305,2,2021-08-10 15:30:19.000000000,2021-08-10 16:40:12.000000000,32.500847,-84.946517,0.778,Columbus,Muscogee,GA,31906,US/Eastern,KCSG,2021-08-10 15:16:00,73.0,73.0,87.0,29.78,3.0,ENE,8.0,0.34,T-Storm,False,False,False,False,False,False,False,False,False,False,False,False,False,Day,32.5_-84.9
A-833776,2,2021-11-08 14:18:00,2021-11-08 15:33:00,32.560118,-84.962307,0.853,Columbus,Muscogee,GA,31909,US/Eastern,KCSG,2021-11-08 13:51:00,72.0,72.0,23.0,29.82,10.0,CALM,0.0,0.0,Fair,False,False,False,False,False,False,False,False,False,False,False,False,False,Day,32.5_-84.9
A-837008,2,2021-12-30 16:20:00,2021-12-30 17:42:00,32.511752,-84.95056899999999,0.201,Columbus,Muscogee,GA,31909,US/Eastern,KCSG,2021-12-30 16:13:00,66.0,66.0,93.0,29.49,3.0,WNW,7.0,0.14,Light Rain with Thunder,False,False,False,False,False,False,False,False,False,False,False,False,False,Day,32.5_-84.9
A-924884,2,2021-09-08 17:35:00,2021-09-08 18:50:00,32.545165999999995,-84.960799,0.186,Columbus,Muscogee,GA,31909,US/Eastern,KCSG,2021-09-08 17:51:00,81.0,81.0,67.0,29.44,10.0,SSW,10.0,0.0,Fair,False,False,False,False,False,False,False,False,False,False,False,False,False,Day,32.5_-84.9
A-939967,2,2021-10-18 21:57:00,2021-10-18 23:45:00,32.572520000000004,-84.962028,0.366,Columbus,Muscogee,GA,31904,US/Eastern,KCSG,2021-10-18 21:51:00,58.0,58.0,78.0,29.75,10.0,CALM,0.0,0.0,Fair,False,False,False,False,True,False,False,False,False,False,False,False,False,Night,32.5_-84.9
A-976174,2,2021-08-10 16:16:14.000000000,2021-08-10 18:15:06.000000000,32.503703,-84.94846700000002,0.7020000000000001,Columbus,Muscogee,GA,31907,US/Eastern,KCSG,2021-08-10 16:21:00,74.0,74.0,91.0,29.71,10.0,W,5.0,0.0,Fair,False,False,False,False,False,False,False,False,False,False,False,False,False,Day,32.5_-84.9
A-979221,2,2021-08-10 16:13:00,2021-08-10 17:28:00,32.505336,-84.94958199999998,0.486,Columbus,Muscogee,GA,31909,US/Eastern,KCSG,2021-08-10 16:21:00,74.0,74.0,91.0,29.71,10.0,W,5.0,0.0,Fair,False,False,False,False,False,False,False,False,False,False,False,False,False,Day,32.5_-84.9
A-989178,4,2021-11-13 18:28:00,2021-11-13 19:43:00,32.509349,-84.99327,0.526,Columbus,Muscogee,GA,31904,US/Eastern,KCSG,2021-11-13 18:51:00,52.0,52.0,53.0,29.65,10.0,NNW,8.0,0.0,Fair,False,False,False,False,False,False,False,False,False,False,False,False,False,Night,32.5_-84.9
A-1097635,2,2021-09-16 14:50:58,2021-09-16 16:41:23,32.514755,-84.950767,1.122,Columbus,Muscogee,GA,31909,US/Eastern,KCSG,2021-09-16 14:51:00,75.0,75.0,90.0,29.57,1.0,SSE,6.0,0.06,Heavy Rain,False,False,False,False,False,False,False,False,False,False,False,False,False,Day,32.5_-84.9
A-1207326,2,2021-10-28 11:34:00.000000000,2021-10-28 12:49:00.000000000,32.545165999999995,-84.960799,0.01,Columbus,Muscogee,GA,31909,US/Eastern,KCSG,2021-10-28 11:51:00,63.0,63.0,93.0,29.18,10.0,SSE,9.0,0.0,Cloudy,False,False,False,False,False,False,False,False,False,False,False,False,False,Day,32.5_-84.9
A-1328885,2,2021-12-27 09:48:00.000000000,2021-12-27 11:45:00.000000000,32.542212,-84.960288,0.1889999999999999,Columbus,Muscogee,GA,31909,US/Eastern,KCSG,2021-12-27 09:51:00,63.0,63.0,93.0,29.65,6.0,S,3.0,0.0,Cloudy,False,False,False,False,False,False,False,False,False,False,False,False,False,Day,32.5_-84.9
A-1377628,2,2021-09-20 06:53:30,2021-09-20 08:58:32,32.523304,-84.95713,2.582,Columbus,Muscogee,GA,31904,US/Eastern,KCSG,2021-09-20 06:51:00,73.0,73.0,96.0,29.56,10.0,E,5.0,0.0,Cloudy,False,False,False,False,True,False,False,False,False,False,False,False,False,Night,32.5_-84.9
A-1395760,2,2021-10-15 20:47:00,2021-10-15 23:30:00,32.511237,-84.95074100000002,0.413,Columbus,Muscogee,GA,31909,US/Eastern,KCSG,2021-10-15 20:51:00,75.0,75.0,79.0,29.51,10.0,CALM,0.0,0.0,Fair,False,False,False,False,True,False,False,False,False,False,False,False,False,Night,32.5_-84.9
A-1405570,2,2021-12-27 09:48:00,2021-12-27 11:03:00,32.537627,-84.95950400000002,0.133,Columbus,Muscogee,GA,31909,US/Eastern,KCSG,2021-12-27 09:51:00,63.0,63.0,93.0,29.65,6.0,S,3.0,0.0,Cloudy,False,False,False,False,True,False,False,False,False,False,False,False,False,Day,32.5_-84.9
A-1405571,2,2021-10-18 17:28:00,2021-10-18 19:45:00,32.539594,-84.959836,0.131,Columbus,Muscogee,GA,31909,US/Eastern,KCSG,2021-10-18 17:51:00,71.0,71.0,35.0,29.71,10.0,CALM,0.0,0.0,Fair,False,False,False,False,False,False,False,False,False,False,False,False,False,Day,32.5_-84.9
A-1508738,2,2021-12-30 17:20:00,2021-12-30 18:35:00,32.505594,-84.94951800000003,0.429,Columbus,Muscogee,GA,31909,US/Eastern,KCSG,2021-12-30 16:51:00,67.0,67.0,90.0,29.49,4.0,CALM,0.0,0.21,Rain,False,False,False,False,False,False,False,False,False,False,False,False,False,Day,32.5_-84.9
A-1758329,2,2020-12-16 13:55:00,2020-12-16 16:45:00,32.515035,-84.950784,0.263,Columbus,Muscogee,GA,31909,US/Eastern,KCSG,2020-12-16 13:51:00,46.0,46.0,93.0,29.43,5.0,CALM,0.0,0.03,Light Rain,False,False,False,False,False,False,False,False,False,False,False,False,False,Day,32.5_-84.9
A-1760208,2,2020-11-11 16:28:00,2020-11-11 17:43:00,32.514671,-84.95056899999999,0.73,Columbus,Muscogee,GA,31909,US/Eastern,KCSG,2020-11-11 16:51:00,79.0,79.0,74.0,29.41,10.0,NNW,7.0,0.0,Fair,False,False,False,False,True,False,False,False,False,False,False,False,False,Day,32.5_-84.9
A-1770048,2,2020-10-16 13:55:00,2020-10-16 19:00:00,32.520691,-84.964457,0.024,Columbus,Muscogee,GA,31904,US/Eastern,KCSG,2020-10-16 13:51:00,67.0,67.0,57.0,29.71,10.0,N,9.0,0.0,Cloudy,False,False,True,False,False,False,False,False,False,False,False,True,False,Day,32.5_-84.9
A-1798227,2,2020-12-16 11:31:30,2020-12-16 16:35:30,32.528016,-84.95959599999998,1.237,Columbus,Muscogee,GA,31904-9057,US/Eastern,KCSG,2020-12-16 11:30:00,46.0,41.0,89.0,29.47,1.0,SE,9.0,0.04,Heavy Rain,False,False,False,False,False,False,False,False,False,False,False,False,False,Day,32.5_-84.9
A-1802692,2,2020-10-02 13:37:00,2020-10-02 15:45:00,32.567242,-84.962307,0.3989999999999999,Columbus,Muscogee,GA,31904,US/Eastern,KCSG,2020-10-02 13:51:00,72.0,72.0,27.0,29.66,10.0,NNE,8.0,0.0,Fair,False,False,False,False,False,False,False,False,False,False,False,False,False,Day,32.5_-84.9
A-1836176,2,2020-11-11 16:28:00.000000000,2020-11-11 17:43:00.000000000,32.514671,-84.95056899999999,0.73,Columbus,Muscogee,GA,31909,US/Eastern,KCSG,2020-11-11 16:51:00,79.0,79.0,74.0,29.41,10.0,NNW,7.0,0.0,Fair,False,False,False,False,True,False,False,False,False,False,False,False,False,Day,32.5_-84.9
A-1843822,2,2020-10-27 23:38:00,2020-10-28 03:30:00,32.554559999999995,-84.91128,1.195,Columbus,Muscogee,GA,31909,US/Eastern,KCSG,2020-10-27 23:40:00,73.0,73.0,90.0,29.66,7.0,E,10.0,0.03,Light Rain,False,False,False,False,True,False,False,False,False,False,False,False,False,Night,32.5_-84.9
A-1858596,2,2020-12-16 13:55:00,2020-12-16 17:30:00,32.511237,-84.95074100000002,0.413,Columbus,Muscogee,GA,31909,US/Eastern,KCSG,2020-12-16 13:51:00,46.0,46.0,93.0,29.43,5.0,CALM,0.0,0.03,Light Rain,False,False,False,False,True,False,False,False,False,False,False,False,False,Day,32.5_-84.9
A-1885182,2,2020-10-27 23:37:30,2020-10-28 02:19:30,32.554252000000005,-84.905556,1.529,Columbus,Muscogee,GA,31909,US/Eastern,KCSG,2020-10-27 23:40:00,73.0,73.0,90.0,29.66,7.0,E,10.0,0.03,Light Rain,False,False,False,False,False,False,False,False,False,False,False,False,False,Night,32.5_-84.9
A-1894658,2,2020-09-29 03:44:00,2020-09-29 04:59:00,32.523297,-84.957114,0.68,Columbus,Muscogee,GA,31904,US/Eastern,KCSG,2020-09-29 03:51:00,68.0,68.0,93.0,29.43,10.0,N,9.0,0.0,Cloudy,False,False,False,False,True,False,False,False,False,False,False,False,False,Night,32.5_-84.9
A-1918002,2,2020-10-28 01:28:30,2020-10-28 01:49:00,32.554559999999995,-84.91128,1.195,Columbus,Muscogee,GA,31909,US/Eastern,KCSG,2020-10-28 01:39:00,73.0,73.0,90.0,29.64,10.0,SE,12.0,0.0,Cloudy,False,False,False,False,True,False,False,False,False,False,False,False,False,Night,32.5_-84.9
A-1928483,2,2020-09-27 10:16:00,2020-09-27 17:45:00,32.508426,-84.995924,0.249,Columbus,Muscogee,GA,31904,US/Eastern,KCSG,2020-09-27 09:51:00,73.0,73.0,81.0,29.56,10.0,CALM,0.0,0.0,Mostly Cloudy,False,False,False,False,False,False,False,False,False,False,False,False,False,Day,32.5_-84.9
A-1940568,2,2020-09-12 23:24:00.000000000,2020-09-13 01:15:00.000000000,32.511237,-84.95074100000002,0.413,Columbus,Muscogee,GA,31909,US/Eastern,KCSG,2020-09-12 23:51:00,79.0,79.0,79.0,29.57,10.0,E,5.0,0.0,Fair,False,False,False,False,True,False,False,False,False,False,False,False,False,Night,32.5_-84.9
A-1983687,2,2020-10-27 23:38:00,2020-10-28 03:30:00,32.554226,-84.905182,1.507,Columbus,Muscogee,GA,31909,US/Eastern,KCSG,2020-10-27 23:40:00,73.0,73.0,90.0,29.66,7.0,E,10.0,0.03,Light Rain,False,False,False,False,False,False,False,False,False,False,False,False,False,Night,32.5_-84.9
A-1984701,2,2020-11-26 19:45:00,2020-11-26 21:45:00,32.505336,-84.94958199999998,0.486,Columbus,Muscogee,GA,31909,US/Eastern,KCSG,2020-11-26 19:51:00,66.0,66.0,90.0,29.65,10.0,WNW,5.0,0.0,Fair,False,False,False,False,False,False,False,False,False,False,False,False,False,Night,32.5_-84.9
A-2018815,2,2020-12-16 13:55:00.000000000,2020-12-16 17:30:00.000000000,32.511237,-84.95074100000002,0.413,Columbus,Muscogee,GA,31909,US/Eastern,KCSG,2020-12-16 13:51:00,46.0,46.0,93.0,29.43,5.0,CALM,0.0,0.03,Light Rain,False,False,False,False,True,False,False,False,False,False,False,False,False,Day,32.5_-84.9
A-2093860,2,2020-04-30 07:51:16,2020-04-30 08:36:16,32.50955,-84.93344,0.0,Columbus,Muscogee,GA,31909,US/Eastern,KCSG,2020-04-30 07:51:00,55.0,55.0,83.0,29.44,10.0,NW,8.0,0.0,Fair,False,False,True,False,False,False,False,False,False,False,False,True,False,Day,32.5_-84.9
A-2114838,2,2020-05-13 09:25:38,2020-05-13 10:10:38,32.55297,-84.92833,0.0,Columbus,Muscogee,GA,31909,US/Eastern,KCSG,2020-05-13 09:51:00,67.0,67.0,66.0,29.83,10.0,SSE,6.0,0.0,Fair,False,False,False,False,False,False,False,False,False,False,False,False,False,Day,32.5_-84.9
A-2142093,2,2020-06-24 16:38:19,2020-06-24 17:23:19,32.51475,-84.9506,0.0,Columbus,Muscogee,GA,31909,US/Eastern,KCSG,2020-06-24 16:51:00,82.0,82.0,69.0,29.55,6.0,NW,9.0,0.01,Light Rain,False,False,False,False,False,False,False,False,False,False,False,False,False,Day,32.5_-84.9
A-2163655,2,2020-06-10 07:03:04,2020-06-10 07:48:04,32.55278,-84.92828,0.0,Columbus,Muscogee,GA,31909,US/Eastern,KCSG,2020-06-10 06:51:00,75.0,75.0,94.0,29.58,7.0,CALM,0.0,0.0,Cloudy,False,False,False,False,False,False,False,False,False,False,False,False,False,Day,32.5_-84.9
A-2163809,3,2020-06-10 17:47:34,2020-06-10 18:17:34,32.50983,-84.99314,0.063,Columbus,Muscogee,GA,31904,US/Eastern,KCSG,2020-06-10 17:48:00,73.0,73.0,94.0,29.55,2.0,S,7.0,0.83,T-Storm,False,False,False,False,False,False,False,False,False,False,False,False,False,Day,32.5_-84.9
A-2163815,3,2020-06-10 17:47:34,2020-06-10 18:17:34,32.50948,-84.99354,0.0,Columbus,Muscogee,GA,31904,US/Eastern,KCSG,2020-06-10 17:48:00,73.0,73.0,94.0,29.55,2.0,S,7.0,0.83,T-Storm,False,False,False,False,False,False,False,False,False,False,False,False,False,Day,32.5_-84.9
A-2212909,4,2020-03-22 21:38:23,2020-03-22 22:07:11,32.50544,-84.94946,0.42,Columbus,Muscogee,GA,31909,US/Eastern,KCSG,2020-03-22 21:51:00,63.0,63.0,87.0,29.81,10.0,ESE,6.0,0.0,Cloudy,False,False,False,False,False,False,False,False,False,False,False,False,False,Night,32.5_-84.9
A-2217898,2,2020-03-24 18:04:02,2020-03-24 19:04:02,32.56038,-84.9623,0.0,Columbus,Muscogee,GA,31909,US/Eastern,KCSG,2020-03-24 17:51:00,81.0,81.0,50.0,29.45,10.0,SW,10.0,0.0,Mostly Cloudy,False,False,False,False,True,False,False,False,False,False,False,False,False,Day,32.5_-84.9
A-2217902,2,2020-03-24 18:50:05,2020-03-24 19:50:05,32.56038,-84.9623,0.003,Columbus,Muscogee,GA,31909,US/Eastern,KCSG,2020-03-24 18:51:00,80.0,80.0,54.0,29.44,10.0,SSW,7.0,0.0,Mostly Cloudy,False,False,False,False,True,False,False,False,False,False,False,False,False,Day,32.5_-84.9
A-2242910,2,2020-04-07 07:23:35,2020-04-07 08:08:35,32.50973,-84.93353,0.0,Columbus,Muscogee,GA,31909,US/Eastern,KCSG,2020-04-07 07:51:00,,,,29.67,10.0,CALM,0.0,0.0,Cloudy,False,False,True,False,False,False,False,False,False,False,False,True,False,Day,32.5_-84.9
A-2256614,2,2020-04-14 16:33:16,2020-04-14 17:33:16,32.50948,-84.99354,0.0,Columbus,Muscogee,GA,31904,US/Eastern,KCSG,2020-04-14 16:51:00,78.0,78.0,48.0,29.51,10.0,WNW,12.0,0.0,Fair,False,False,False,False,False,False,False,False,False,False,False,False,False,Day,32.5_-84.9
A-2268284,2,2020-04-21 08:28:19,2020-04-21 09:13:19,32.50955,-84.93344,0.0,Columbus,Muscogee,GA,31909,US/Eastern,KCSG,2020-04-21 08:51:00,57.0,57.0,83.0,29.52,10.0,CALM,0.0,0.0,Fair,False,False,True,False,False,False,False,False,False,False,False,True,False,Day,32.5_-84.9
A-2268288,2,2020-04-21 08:57:38,2020-04-21 10:02:36,32.55278,-84.92828,0.0,Columbus,Muscogee,GA,31909,US/Eastern,KCSG,2020-04-21 08:51:00,57.0,57.0,83.0,29.52,10.0,CALM,0.0,0.0,Fair,False,False,False,False,False,False,False,False,False,False,False,False,False,Day,32.5_-84.9
A-2284213,4,2020-02-29 22:36:44,2020-02-29 23:06:23,32.5566,-84.94481,0.075,Columbus,Muscogee,GA,31909,US/Eastern,KCSG,2020-02-29 22:51:00,44.0,44.0,63.0,29.85,10.0,CALM,0.0,0.0,Fair,False,False,False,False,False,False,False,False,False,False,False,False,False,Night,32.5_-84.9
A-2284214,4,2020-02-29 22:36:44,2020-02-29 23:06:23,32.55584,-84.94572,0.075,Columbus,Muscogee,GA,31909-2504,US/Eastern,KCSG,2020-02-29 22:51:00,44.0,44.0,63.0,29.85,10.0,CALM,0.0,0.0,Fair,False,False,False,False,False,False,False,False,False,False,False,False,False,Night,32.5_-84.9
A-2287247,2,2020-03-03 17:28:38,2020-03-03 17:57:02,32.5037,-84.94827,0.552,Columbus,Muscogee,GA,31907,US/Eastern,KCSG,2020-03-03 17:51:00,66.0,66.0,84.0,29.46,10.0,WNW,7.0,0.01,Cloudy,False,False,False,False,False,False,False,False,False,False,False,False,False,Day,32.5_-84.9
A-2290647,4,2020-01-07 15:32:05,2020-01-07 16:01:50,32.596470000000004,-84.90892,1.508,Midland,Muscogee,GA,31820-3404,US/Eastern,KCSG,2020-01-07 15:51:00,62.0,62.0,24.0,29.72,10.0,NNW,13.0,0.0,Fair,False,False,False,False,False,False,False,False,False,False,False,False,False,Day,32.5_-84.9
A-2297908,2,2020-01-13 17:30:12,2020-01-13 17:59:33,32.51091,-84.95075,2.326,Columbus,Muscogee,GA,31909,US/Eastern,KCSG,2020-01-13 17:41:00,69.0,69.0,93.0,29.85,10.0,E,3.0,0.0,Mostly Cloudy,False,False,False,False,True,False,False,False,False,False,False,False,False,Day,32.5_-84.9
A-2361644,4,2020-01-06 10:44:03,2020-01-06 11:13:29,32.54088,-84.96996999999998,0.363,Columbus,Muscogee,GA,31904,US/Eastern,KCSG,2020-01-06 10:51:00,52.0,52.0,61.0,29.84,10.0,CALM,0.0,0.0,Fair,False,False,False,False,False,False,False,False,False,False,False,False,False,Day,32.5_-84.9
A-2364833,2,2019-12-24 11:24:34,2019-12-24 11:52:24,32.59872,-84.95459,5.0,Fortson,Muscogee,GA,31808,US/Eastern,KCSG,2019-12-24 11:15:00,65.0,65.0,70.0,29.57,10.0,E,9.0,0.0,Partly Cloudy,False,False,False,False,False,False,False,False,False,False,False,False,False,Day,32.5_-84.9
A-2435475,3,2019-10-28 21:55:46,2019-10-28 22:24:50,32.52315,-84.95699,0.65,Columbus,Muscogee,GA,31904,US/Eastern,KCSG,2019-10-28 21:51:00,65.0,65.0,75.0,29.65,10.0,CALM,0.0,0.0,Fair,False,False,False,False,True,False,False,False,False,False,False,False,False,Night,32.5_-84.9
A-2484616,4,2019-09-05 17:01:32,2019-09-05 17:30:19,32.524159999999995,-84.98293000000002,0.473,Columbus,Muscogee,GA,31904,US/Eastern,KCSG,2019-09-05 16:51:00,97.0,97.0,31.0,29.42,10.0,NNW,20.0,0.0,Fair,False,False,False,False,False,False,False,False,False,False,False,False,False,Day,32.5_-84.9
A-2506393,2,2019-03-20 18:17:32,2019-03-20 18:45:59,32.572616,-84.96166,2.625,Columbus,Muscogee,GA,31904,US/Eastern,KCSG,2019-03-20 17:51:00,64.9,,20.0,30.09,10.0,NNE,4.6,,Clear,False,False,False,False,False,False,False,False,False,False,False,False,False,Day,32.5_-84.9
A-2511715,4,2019-02-28 13:35:58,2019-02-28 14:05:47,32.50581,-84.94983,0.612,Columbus,Muscogee,GA,31909,US/Eastern,KCSG,2019-02-28 13:51:00,66.0,,81.0,30.01,10.0,South,5.8,,Overcast,False,False,False,False,False,False,False,False,False,False,False,False,False,Day,32.5_-84.9
A-2525909,3,2019-02-20 10:52:27,2019-02-20 11:22:06,32.516073,-84.950843,0.216,Columbus,Muscogee,GA,31909,US/Eastern,KCSG,2019-02-20 10:51:00,48.0,,93.0,30.1,1.0,ESE,9.2,,Overcast,False,False,False,False,False,False,False,False,False,False,False,False,False,Day,32.5_-84.9
A-2544605,2,2019-01-25 07:52:31,2019-01-25 08:21:56,32.50928,-84.99333,0.5379999999999999,Columbus,Muscogee,GA,31904,US/Eastern,KCSG,2019-01-25 07:51:00,33.1,,75.0,30.28,10.0,Calm,,,Clear,False,False,False,False,False,False,False,False,False,False,False,False,False,Day,32.5_-84.9
A-2653525,4,2018-05-10 20:16:16,2018-05-11 02:16:16,32.54702,-84.956,0.3929999999999999,Columbus,Muscogee,GA,31909,US/Eastern,KCSG,2018-05-10 19:51:00,86.0,,37.0,30.03,10.0,NW,5.8,,Scattered Clouds,False,False,False,False,True,False,False,False,False,False,False,False,False,Day,32.5_-84.9
A-2653526,4,2018-05-10 20:16:16,2018-05-11 02:16:16,32.54656,-84.961051,0.731,Columbus,Muscogee,GA,31909,US/Eastern,KCSG,2018-05-10 19:51:00,86.0,,37.0,30.03,10.0,NW,5.8,,Scattered Clouds,False,False,False,False,True,False,False,False,False,False,False,False,False,Day,32.5_-84.9
A-2672451,2,2018-03-03 00:39:34,2018-03-03 06:39:34,32.59872,-84.95459,0.708,Fortson,Muscogee,GA,31808,US/Eastern,KCSG,2018-03-03 00:51:00,50.0,,43.0,30.23,10.0,North,8.1,,Clear,False,False,False,False,False,False,False,False,False,False,False,False,False,Night,32.5_-84.9
A-2687650,4,2018-02-07 14:26:28,2018-02-07 20:26:28,32.51091,-84.95075,0.8859999999999999,Columbus,Muscogee,GA,31909,US/Eastern,KCSG,2018-02-07 14:32:00,64.0,,90.0,30.09,10.0,SSW,9.2,0.0,Overcast,False,False,False,False,True,False,False,False,False,False,False,False,False,Day,32.5_-84.9
A-2690811,4,2018-02-14 06:48:16,2018-02-14 14:48:16,32.5464,-84.96085,0.085,Columbus,Muscogee,GA,31909,US/Eastern,KCSG,2018-02-14 06:51:00,51.1,,89.0,30.46,10.0,SE,5.8,,Overcast,False,False,False,False,True,False,False,False,False,False,False,False,False,Night,32.5_-84.9
A-2690812,4,2018-02-14 06:55:01,2018-02-14 14:55:01,32.54702,-84.956,0.3929999999999999,Columbus,Muscogee,GA,31909,US/Eastern,KCSG,2018-02-14 06:51:00,51.1,,89.0,30.46,10.0,SE,5.8,,Overcast,False,False,False,False,True,False,False,False,False,False,False,False,False,Night,32.5_-84.9
A-2691333,3,2018-02-15 11:23:50,2018-02-15 17:23:50,32.503917,-84.948612,0.412,Columbus,Muscogee,GA,31907,US/Eastern,KCSG,2018-02-15 11:16:00,69.1,,75.0,30.29,10.0,West,6.9,,Mostly Cloudy,False,False,False,False,True,False,False,False,False,False,False,False,False,Day,32.5_-84.9
A-2693407,4,2018-02-20 15:37:17,2018-02-20 21:37:17,32.52826,-84.97584,0.755,Columbus,Muscogee,GA,31904,US/Eastern,KCSG,2018-02-20 15:51:00,78.1,,60.0,30.27,10.0,SSE,9.2,,Overcast,False,False,False,False,False,False,False,False,False,False,False,False,False,Day,32.5_-84.9
A-2733744,2,2017-11-24 15:55:51,2017-11-24 21:55:51,32.51091,-84.95075,0.835,Columbus,Muscogee,GA,31909,US/Eastern,KCSG,2017-11-24 15:51:00,66.0,,40.0,29.93,10.0,Calm,,,Clear,False,False,False,False,True,False,False,False,False,False,False,False,False,Day,32.5_-84.9
A-2742630,4,2017-10-18 07:36:23,2017-10-18 13:36:23,32.526408,-84.961102,0.44,Columbus,Muscogee,GA,31904-9076,US/Eastern,KCSG,2017-10-18 07:51:00,53.1,,61.0,30.28,10.0,East,8.1,,Clear,False,False,False,False,False,False,False,False,False,False,False,False,False,Night,32.5_-84.9
A-2742631,4,2017-10-18 07:36:23,2017-10-18 13:36:23,32.531415,-84.95642600000002,0.484,Columbus,Muscogee,GA,31909-4664,US/Eastern,KCSG,2017-10-18 07:51:00,53.1,,61.0,30.28,10.0,East,8.1,,Clear,False,False,False,False,False,False,False,False,False,False,False,False,False,Night,32.5_-84.9
A-2749070,4,2017-09-06 11:48:55,2017-09-06 17:48:55,32.51703,-84.99266999999998,0.995,Columbus,Muscogee,GA,31904,US/Eastern,KCSG,2017-09-06 11:51:00,77.0,,52.0,29.95,10.0,North,10.4,,Overcast,False,False,False,False,False,False,False,False,False,False,False,False,False,Day,32.5_-84.9
A-2760238,3,2017-08-03 10:50:51,2017-08-03 16:50:51,32.51091,-84.95075,0.835,Columbus,Muscogee,GA,31909,US/Eastern,KCSG,2017-08-03 10:51:00,75.9,,82.0,30.1,10.0,ENE,3.5,0.02,Mostly Cloudy,False,False,False,False,True,False,False,False,False,False,False,False,False,Day,32.5_-84.9
A-2764097,4,2017-08-12 06:08:15,2017-08-12 12:08:15,32.51703,-84.99266999999998,1.222,Columbus,Muscogee,GA,31904,US/Eastern,KCSG,2017-08-12 05:51:00,77.0,,88.0,29.95,10.0,Calm,,,Overcast,False,False,False,False,False,False,False,False,False,False,False,False,False,Night,32.5_-84.9
A-2786906,2,2019-05-05 16:08:44,2019-05-05 16:38:04,32.502396000000005,-84.947499,0.5379999999999999,Columbus,Muscogee,GA,31906,US/Eastern,KCSG,2019-05-05 15:51:00,78.0,78.0,60.0,29.38,10.0,NNW,8.0,0.0,Mostly Cloudy,False,False,False,False,False,False,False,False,False,False,False,False,False,Day,32.5_-84.9
A-2814035,4,2019-06-01 17:14:18,2019-06-01 17:44:05,32.56112,-84.96229,3.284,Columbus,Muscogee,GA,31909,US/Eastern,KCSG,2019-06-01 16:51:00,92.0,92.0,30.0,29.42,10.0,NW,12.0,0.0,Fair,False,False,False,False,False,False,False,False,False,False,False,False,False,Day,32.5_-84.9
A-2814039,3,2019-06-01 17:21:49,2019-06-01 17:51:26,32.59872,-84.95459,0.778,Fortson,Muscogee,GA,31808,US/Eastern,KCSG,2019-06-01 16:51:00,92.0,92.0,30.0,29.42,10.0,NW,12.0,0.0,Fair,False,False,False,False,False,False,False,False,False,False,False,False,False,Day,32.5_-84.9
