ID,Severity,Start_Time,End_Time,Start_Lat,Start_Lng,Distance(mi),City,County,State,Zipcode,Timezone,Airport_Code,Weather_Timestamp,Temperature(F),Wind_Chill(F),Humidity(%),Pressure(in),Visibility(mi),Wind_Direction,Wind_Speed(mph),Precipitation(in),Weather_Condition,Amenity,Bump,Crossing,Give_Way,Junction,No_Exit,Railway,Roundabout,Station,Stop,Traffic_Calming,Traffic_Signal,Turning_Loop,Sunrise_Sunset,DF_Matching
A-47294,3,2017-01-25 12:37:51,2017-01-25 18:37:51,33.02706,-83.327344,0.001,Milledgeville,Baldwin,GA,31061-9684,US/Eastern,KMLJ,2017-01-25 12:35:00,71.6,,35.0,29.91,10.0,Calm,,,Clear,False,False,False,False,False,False,False,False,False,False,False,False,False,Day,33.0_-83.3
A-51835,4,2016-11-04 18:58:28,2016-11-05 00:58:28,33.07476,-83.33529200000002,1.726,Milledgeville,Baldwin,GA,31061-9683,US/Eastern,KMLJ,2016-11-04 18:55:00,73.4,,50.0,30.15,10.0,ENE,3.5,,Clear,False,False,False,False,False,False,False,False,False,False,False,False,False,Night,33.0_-83.3
A-1742872,4,2020-12-11 01:32:00.000000000,2020-12-11 05:15:00.000000000,33.038569,-83.304299,0.195,Milledgeville,Baldwin,GA,31061-8272,US/Eastern,KMLJ,2020-12-11 01:42:00,43.0,43.0,100.0,29.73,1.0,CALM,0.0,0.0,Fog,False,False,False,False,False,False,False,False,False,False,False,False,False,Night,33.0_-83.3
A-1783025,2,2020-12-11 01:32:00,2020-12-11 05:15:00,33.038569,-83.304299,0.195,Milledgeville,Baldwin,GA,31061-8272,US/Eastern,KMLJ,2020-12-11 01:42:00,43.0,43.0,100.0,29.73,1.0,CALM,0.0,0.0,Fog,False,False,False,False,False,False,False,False,False,False,False,False,False,Night,33.0_-83.3
A-2579923,4,2018-11-20 18:12:11,2018-11-20 18:42:01,33.00198,-83.366924,0.585,Haddock,Baldwin,GA,31033,US/Eastern,KMLJ,2018-11-20 18:15:00,50.0,,76.0,30.12,10.0,NW,4.6,,Clear,False,False,False,False,False,False,False,False,False,False,False,False,False,Night,33.0_-83.3
A-2687617,2,2018-02-07 09:36:14,2018-02-07 15:36:14,33.0275,-83.32661,0.0,Milledgeville,Baldwin,GA,31061-9766,US/Eastern,KMLJ,2018-02-07 09:35:00,64.4,,88.0,30.13,10.0,South,6.9,,Light Rain,False,False,False,False,False,False,False,False,False,False,False,False,False,Day,33.0_-83.3
