ID,Severity,Start_Time,End_Time,Start_Lat,Start_Lng,Distance(mi),City,County,State,Zipcode,Timezone,Airport_Code,Weather_Timestamp,Temperature(F),Wind_Chill(F),Humidity(%),Pressure(in),Visibility(mi),Wind_Direction,Wind_Speed(mph),Precipitation(in),Weather_Condition,Amenity,Bump,Crossing,Give_Way,Junction,No_Exit,Railway,Roundabout,Station,Stop,Traffic_Calming,Traffic_Signal,Turning_Loop,Sunrise_Sunset,DF_Matching
A-71667,4,2016-08-13 16:47:27,2016-08-13 22:47:27,34.566839,-83.66273100000002,0.539,Cleveland,White,GA,30528,US/Eastern,KDZJ,2016-08-13 16:55:00,,,,30.09,10.0,North,,,,False,False,False,False,False,False,False,False,False,False,False,False,False,Day,34.5_-83.6
A-2545584,4,2019-01-27 14:27:45,2019-01-27 14:57:43,34.582106,-83.612513,0.098,Demorest,Habersham,GA,30535-3303,US/Eastern,KTOC,2019-01-27 14:35:00,50.7,,49.0,30.04,10.0,South,3.5,,Clear,False,False,False,False,False,False,False,False,False,False,False,False,False,Day,34.5_-83.6
A-2545585,4,2019-01-27 14:27:45,2019-01-27 14:57:43,34.581558,-83.614111,0.098,Demorest,Habersham,GA,30535-3741,US/Eastern,KTOC,2019-01-27 14:35:00,50.7,,49.0,30.04,10.0,South,3.5,,Clear,False,False,False,False,False,False,False,False,False,False,False,False,False,Day,34.5_-83.6
A-2545586,4,2019-01-27 14:29:16,2019-01-27 14:58:56,34.579617,-83.60955899999998,0.259,Demorest,Habersham,GA,30535-3305,US/Eastern,KTOC,2019-01-27 14:35:00,50.7,,49.0,30.04,10.0,South,3.5,,Clear,False,False,False,False,False,False,False,False,False,False,False,False,False,Day,34.5_-83.6
A-2545587,4,2019-01-27 14:29:16,2019-01-27 14:58:56,34.581790000000005,-83.61326,0.259,Demorest,Habersham,GA,30535-3305,US/Eastern,KTOC,2019-01-27 14:35:00,50.7,,49.0,30.04,10.0,South,3.5,,Clear,False,False,False,False,False,False,False,False,False,True,False,False,False,Day,34.5_-83.6
A-2669646,4,2018-04-25 09:26:29,2018-04-25 15:26:29,34.568688,-83.651013,0.65,Cleveland,White,GA,30528-5164,US/Eastern,KDZJ,2018-04-25 09:35:00,54.5,,86.0,29.93,10.0,WNW,6.9,,Overcast,False,False,False,False,False,False,False,False,False,False,False,False,False,Day,34.5_-83.6
A-2669647,4,2018-04-25 09:26:29,2018-04-25 15:26:29,34.57451,-83.64203,0.65,Cleveland,White,GA,30528-4112,US/Eastern,KDZJ,2018-04-25 09:35:00,54.5,,86.0,29.93,10.0,WNW,6.9,,Overcast,False,False,False,False,False,False,False,False,False,False,False,False,False,Day,34.5_-83.6
