ID,Severity,Start_Time,End_Time,Start_Lat,Start_Lng,Distance(mi),City,County,State,Zipcode,Timezone,Airport_Code,Weather_Timestamp,Temperature(F),Wind_Chill(F),Humidity(%),Pressure(in),Visibility(mi),Wind_Direction,Wind_Speed(mph),Precipitation(in),Weather_Condition,Amenity,Bump,Crossing,Give_Way,Junction,No_Exit,Railway,Roundabout,Station,Stop,Traffic_Calming,Traffic_Signal,Turning_Loop,Sunrise_Sunset,DF_Matching
A-2662829,2,2018-04-06 12:24:44,2018-04-06 18:24:44,32.40213,-83.336,0.0,Cochran,Bleckley,GA,31014,US/Eastern,KEZM,2018-04-06 12:15:00,73.4,,36.0,30.11,10.0,South,6.9,,Clear,False,False,True,False,False,False,False,False,False,False,False,True,False,Day,32.4_-83.3
A-2662830,2,2018-04-06 12:24:44,2018-04-06 18:24:44,32.40213,-83.336,0.0,Cochran,Bleckley,GA,31014,US/Eastern,KEZM,2018-04-06 12:15:00,73.4,,36.0,30.11,10.0,South,6.9,,Clear,False,False,True,False,False,False,False,False,False,False,False,True,False,Day,32.4_-83.3
A-2662852,4,2018-04-06 15:47:15,2018-04-06 21:47:15,32.406113,-83.32994000000002,0.247,Cochran,Bleckley,GA,31014-2841,US/Eastern,KEZM,2018-04-06 15:55:00,80.6,,18.0,30.0,10.0,South,11.5,,Clear,False,False,False,False,False,False,False,False,False,False,False,False,False,Day,32.4_-83.3
A-2662853,4,2018-04-06 15:47:15,2018-04-06 21:47:15,32.40391,-83.33328,0.247,Cochran,Bleckley,GA,31014,US/Eastern,KEZM,2018-04-06 15:55:00,80.6,,18.0,30.0,10.0,South,11.5,,Clear,False,False,False,False,False,False,False,False,False,False,False,False,False,Day,32.4_-83.3
