ID,Severity,Start_Time,End_Time,Start_Lat,Start_Lng,Distance(mi),City,County,State,Zipcode,Timezone,Airport_Code,Weather_Timestamp,Temperature(F),Wind_Chill(F),Humidity(%),Pressure(in),Visibility(mi),Wind_Direction,Wind_Speed(mph),Precipitation(in),Weather_Condition,Amenity,Bump,Crossing,Give_Way,Junction,No_Exit,Railway,Roundabout,Station,Stop,Traffic_Calming,Traffic_Signal,Turning_Loop,Sunrise_Sunset,DF_Matching
A-62704,2,2016-09-29 17:07:01,2016-09-29 23:07:01,33.69474,-84.17383000000002,0.034,Lithonia,Dekalb,GA,30038-2318,US/Eastern,KATL,2016-09-29 16:52:00,77.0,,30.0,29.96,10.0,NW,11.5,,Partly Cloudy,False,False,False,False,False,False,False,False,False,False,False,True,False,Day,33.6_-84.1
A-76925,2,2016-09-01 07:31:44,2016-09-01 13:31:44,33.61077,-84.16469000000002,0.0,Stockbridge,Henry,GA,30281-1829,US/Eastern,KATL,2016-09-01 07:52:00,75.0,,87.0,29.9,10.0,SSE,4.6,,Partly Cloudy,False,False,False,False,False,False,False,False,False,False,False,False,False,Day,33.6_-84.1
A-176752,4,2017-04-19 06:21:30,2017-04-19 12:21:30,33.67662,-84.18563,0.209,Lithonia,Dekalb,GA,30038-2744,US/Eastern,KATL,2017-04-19 05:52:00,63.0,,93.0,30.22,8.0,East,10.4,,Overcast,False,False,False,False,False,False,False,False,False,False,False,False,False,Night,33.6_-84.1
A-2077445,1,2020-05-28 14:22:40,2020-05-28 14:52:40,33.65405,-84.18811,0.0,Lithonia,DeKalb,GA,30038-3839,US/Eastern,KATL,2020-05-28 13:52:00,81.0,81.0,62.0,28.94,10.0,WSW,9.0,0.0,Partly Cloudy,False,False,False,False,False,False,False,False,False,False,False,True,False,Day,33.6_-84.1
A-2155108,2,2020-06-05 19:22:44,2020-06-05 20:07:44,33.67922,-84.19547,0.0,Lithonia,DeKalb,GA,30038,US/Eastern,KATL,2020-06-05 18:52:00,75.0,75.0,79.0,28.87,10.0,W,8.0,0.0,Mostly Cloudy,False,False,False,False,False,False,False,False,False,False,False,True,False,Day,33.6_-84.1
