ID,Severity,Start_Time,End_Time,Start_Lat,Start_Lng,Distance(mi),City,County,State,Zipcode,Timezone,Airport_Code,Weather_Timestamp,Temperature(F),Wind_Chill(F),Humidity(%),Pressure(in),Visibility(mi),Wind_Direction,Wind_Speed(mph),Precipitation(in),Weather_Condition,Amenity,Bump,Crossing,Give_Way,Junction,No_Exit,Railway,Roundabout,Station,Stop,Traffic_Calming,Traffic_Signal,Turning_Loop,Sunrise_Sunset,DF_Matching
A-316837,2,2021-09-04 14:20:00,2021-09-04 17:15:00,32.269690999999995,-84.08206,0.094,Oglethorpe,Macon,GA,31068,US/Eastern,KACJ,2021-09-04 14:15:00,82.0,82.0,45.0,29.55,,E,8.0,0.0,Fair,False,False,False,True,False,False,False,False,False,True,False,False,False,Day,32.2_-84.0
A-695861,4,2021-09-04 14:20:00,2021-09-04 16:30:00,32.269690999999995,-84.08206,0.094,Oglethorpe,Macon,GA,31068,US/Eastern,KACJ,2021-09-04 14:15:00,82.0,82.0,45.0,29.55,,E,8.0,0.0,Fair,False,False,False,True,False,False,False,False,False,True,False,False,False,Day,32.2_-84.0
A-1059916,2,2021-09-04 14:20:00,2021-09-04 17:15:00,32.269822999999995,-84.08365500000002,0.091,Oglethorpe,Macon,GA,31068-7037,US/Eastern,KACJ,2021-09-04 14:15:00,82.0,82.0,45.0,29.55,,E,8.0,0.0,Fair,False,False,False,False,False,False,False,False,False,False,False,False,False,Day,32.2_-84.0
A-1426010,2,2021-09-04 14:20:00,2021-09-04 15:35:00,32.269822999999995,-84.08365500000002,0.091,Oglethorpe,Macon,GA,31068-7037,US/Eastern,KACJ,2021-09-04 14:15:00,82.0,82.0,45.0,29.55,,E,8.0,0.0,Fair,False,False,False,False,False,False,False,False,False,False,False,False,False,Day,32.2_-84.0
A-1536652,2,2021-01-04 17:05:00,2021-01-04 22:45:00,32.269591,-84.08176999999998,0.111,Oglethorpe,Macon,GA,31068,US/Eastern,KACJ,2021-01-04 17:10:00,61.0,61.0,34.0,29.56,10.0,CALM,0.0,0.0,Fair,False,False,False,True,False,False,False,False,False,True,False,False,False,Day,32.2_-84.0
A-2233440,4,2020-04-03 00:41:30,2020-04-03 01:09:12,32.28175,-84.00515,0.8,Montezuma,Macon,GA,31063-7801,US/Eastern,KACJ,2020-04-03 00:35:00,54.0,54.0,82.0,29.54,10.0,CALM,0.0,0.0,Fair,False,False,False,False,False,False,False,False,False,False,False,False,False,Night,32.2_-84.0
