ID,Severity,Start_Time,End_Time,Start_Lat,Start_Lng,Distance(mi),City,County,State,Zipcode,Timezone,Airport_Code,Weather_Timestamp,Temperature(F),Wind_Chill(F),Humidity(%),Pressure(in),Visibility(mi),Wind_Direction,Wind_Speed(mph),Precipitation(in),Weather_Condition,Amenity,Bump,Crossing,Give_Way,Junction,No_Exit,Railway,Roundabout,Station,Stop,Traffic_Calming,Traffic_Signal,Turning_Loop,Sunrise_Sunset,DF_Matching
A-793641,4,2021-09-01 10:00:00,2021-09-01 12:00:00,32.360143,-82.662513,0.66,Soperton,Treutlen,GA,30457-4843,US/Eastern,KVDI,2021-09-01 09:55:00,79.0,79.0,83.0,29.49,10.0,WSW,8.0,0.0,Cloudy,False,False,False,False,False,False,False,False,False,False,False,False,False,Day,32.3_-82.6
A-2600094,3,2018-10-28 09:01:27,2018-10-28 09:31:24,32.394126,-82.619003,1.132,Soperton,Treutlen,GA,30457-5234,US/Eastern,KVDI,2018-10-28 08:55:00,50.0,,87.0,30.17,10.0,Calm,,,Clear,False,False,False,False,False,False,False,False,False,False,False,False,False,Day,32.3_-82.6
A-2657074,4,2018-05-21 11:39:10,2018-05-21 17:39:10,32.373351,-82.602399,0.087,Soperton,Treutlen,GA,30457-2919,US/Eastern,KVDI,2018-05-21 11:35:00,80.6,,70.0,30.17,10.0,East,5.8,,Overcast,False,False,False,False,False,False,False,False,False,False,False,False,False,Day,32.3_-82.6
A-2779844,4,2019-04-18 14:38:22,2019-04-18 15:03:30,32.366596,-82.613076,0.001,Soperton,Treutlen,GA,30457,US/Eastern,KVDI,2019-04-18 14:35:00,81.0,81.0,39.0,29.68,10.0,S,9.0,0.0,Partly Cloudy,False,False,False,False,False,False,False,False,False,False,False,False,False,Day,32.3_-82.6
A-2779845,4,2019-04-18 14:38:22,2019-04-18 15:03:30,32.366602,-82.613067,0.001,Soperton,Treutlen,GA,30457,US/Eastern,KVDI,2019-04-18 14:35:00,81.0,81.0,39.0,29.68,10.0,S,9.0,0.0,Partly Cloudy,False,False,False,False,False,False,False,False,False,False,False,False,False,Day,32.3_-82.6
