ID,Severity,Start_Time,End_Time,Start_Lat,Start_Lng,Distance(mi),City,County,State,Zipcode,Timezone,Airport_Code,Weather_Timestamp,Temperature(F),Wind_Chill(F),Humidity(%),Pressure(in),Visibility(mi),Wind_Direction,Wind_Speed(mph),Precipitation(in),Weather_Condition,Amenity,Bump,Crossing,Give_Way,Junction,No_Exit,Railway,Roundabout,Station,Stop,Traffic_Calming,Traffic_Signal,Turning_Loop,Sunrise_Sunset,DF_Matching
A-551879,2,2021-11-08 20:55:00.000000000,2021-11-09 01:45:00.000000000,31.601275,-84.847235,0.0139999999999999,Coleman,Clay,GA,39836,US/Eastern,KBIJ,2021-11-08 20:55:00,45.0,45.0,93.0,30.04,10.0,CALM,0.0,0.0,Fair,False,False,False,True,False,False,False,False,False,True,False,False,False,Night,31.6_-84.8
A-924196,2,2021-09-07 17:52:00,2021-09-07 19:07:00,31.601275,-84.847235,0.0139999999999999,Coleman,Clay,GA,39836,US/Eastern,KBIJ,2021-09-07 17:55:00,86.0,86.0,62.0,29.68,10.0,S,3.0,0.0,Partly Cloudy,False,False,False,True,False,False,False,False,False,True,False,False,False,Day,31.6_-84.8
A-1759972,2,2020-10-29 16:10:00,2020-10-29 20:45:00,31.66617,-84.82643399999998,0.617,Coleman,Randolph,GA,39836,US/Eastern,KBIJ,2020-10-29 16:15:00,81.0,81.0,61.0,29.47,10.0,WSW,15.0,0.0,Cloudy,False,False,False,False,False,False,False,False,False,False,False,False,False,Day,31.6_-84.8
A-1799548,2,2020-10-29 16:10:00,2020-10-29 18:45:00,31.66617,-84.82643399999998,0.617,Coleman,Randolph,GA,39836,US/Eastern,KBIJ,2020-10-29 16:15:00,81.0,81.0,61.0,29.47,10.0,WSW,15.0,0.0,Cloudy,False,False,False,False,False,False,False,False,False,False,False,False,False,Day,31.6_-84.8
A-1800287,2,2020-10-29 17:08:00,2020-10-29 17:55:00,31.66617,-84.82643399999998,0.49,Coleman,Randolph,GA,39836,US/Eastern,KBIJ,2020-10-29 17:15:00,81.0,81.0,45.0,29.49,10.0,WSW,15.0,0.0,Fair,False,False,False,False,False,False,False,False,False,False,False,False,False,Day,31.6_-84.8
A-2757558,2,2017-09-28 17:40:48,2017-09-28 23:40:48,31.626032,-84.83224,0.632,Coleman,Randolph,GA,39836,US/Eastern,KBIJ,2017-09-28 17:35:00,91.4,,41.0,29.88,10.0,Calm,,,Mostly Cloudy,False,False,False,False,False,False,False,False,False,False,False,False,False,Day,31.6_-84.8
A-2757559,2,2017-09-28 17:40:48,2017-09-28 23:40:48,31.635637,-84.834301,0.374,Coleman,Randolph,GA,39836,US/Eastern,KBIJ,2017-09-28 17:35:00,91.4,,41.0,29.88,10.0,Calm,,,Mostly Cloudy,False,False,False,False,False,False,False,False,False,False,False,False,False,Day,31.6_-84.8
A-2837727,4,2019-08-07 07:15:58,2019-08-07 07:44:48,31.6009,-84.84721,0.6629999999999999,Bluffton,Clay,GA,39824,US/Eastern,KBIJ,2019-08-07 07:15:00,68.0,68.0,88.0,29.72,4.0,CALM,0.0,0.0,Fair,False,False,False,True,False,False,False,False,False,False,False,False,False,Day,31.6_-84.8
