ID,Severity,Start_Time,End_Time,Start_Lat,Start_Lng,Distance(mi),City,County,State,Zipcode,Timezone,Airport_Code,Weather_Timestamp,Temperature(F),Wind_Chill(F),Humidity(%),Pressure(in),Visibility(mi),Wind_Direction,Wind_Speed(mph),Precipitation(in),Weather_Condition,Amenity,Bump,Crossing,Give_Way,Junction,No_Exit,Railway,Roundabout,Station,Stop,Traffic_Calming,Traffic_Signal,Turning_Loop,Sunrise_Sunset,DF_Matching
A-56939,2,2016-11-22 18:58:47,2016-11-23 00:58:47,34.472611,-84.463176,0.001,Jasper,Pickens,GA,30143,US/Eastern,KCNI,2016-11-22 18:55:00,53.6,,11.0,30.26,10.0,Calm,,,Clear,False,False,False,False,False,False,False,False,False,False,False,True,False,Night,34.4_-84.4
A-56982,4,2016-11-22 20:43:56,2016-11-23 02:43:56,34.481528999999995,-84.467876,0.186,Talking Rock,Pickens,GA,30175,US/Eastern,KCNI,2016-11-22 20:35:00,50.0,,15.0,30.28,10.0,Calm,,,Clear,False,False,False,False,False,False,False,False,False,False,False,False,False,Night,34.4_-84.4
A-90297,4,2016-07-29 20:49:51,2016-07-30 02:49:51,34.484573,-84.46978399999998,0.245,Talking Rock,Pickens,GA,30175,US/Eastern,KCNI,2016-07-29 20:55:00,75.2,,89.0,30.02,10.0,Calm,,,Clear,False,False,False,False,False,False,False,False,False,False,False,False,False,Night,34.4_-84.4
A-174496,4,2017-04-10 08:47:40,2017-04-10 14:47:40,34.412847,-84.41385600000002,0.752,Jasper,Pickens,GA,30143,US/Eastern,KCNI,2017-04-10 08:55:00,53.6,,54.0,30.3,10.0,ENE,4.6,,Clear,False,False,False,False,False,False,False,False,False,False,False,False,False,Day,34.4_-84.4
A-176884,4,2017-04-19 12:26:44,2017-04-19 18:26:44,34.412827,-84.413826,0.564,Jasper,Pickens,GA,30143,US/Eastern,KCNI,2017-04-19 12:35:00,69.8,,56.0,30.31,10.0,East,8.1,,Overcast,False,False,False,False,False,False,False,False,False,False,False,False,False,Day,34.4_-84.4
A-176885,4,2017-04-19 12:26:44,2017-04-19 18:26:44,34.40756,-84.42139,0.564,Jasper,Pickens,GA,30143,US/Eastern,KCNI,2017-04-19 12:35:00,69.8,,56.0,30.31,10.0,East,8.1,,Overcast,False,False,False,False,False,False,False,False,False,False,False,False,False,Day,34.4_-84.4
A-217335,4,2017-07-11 16:31:04,2017-07-11 22:31:04,34.46583,-84.44205,0.0,Jasper,Pickens,GA,30143-1409,US/Eastern,KCNI,2017-07-11 16:35:00,86.0,,66.0,30.12,10.0,South,5.8,,Scattered Clouds,False,False,False,False,False,False,False,False,False,False,False,False,False,Day,34.4_-84.4
A-217337,4,2017-07-11 16:31:04,2017-07-11 22:31:04,34.46583,-84.44205,0.0,Jasper,Pickens,GA,30143-1409,US/Eastern,KCNI,2017-07-11 16:35:00,86.0,,66.0,30.12,10.0,South,5.8,,Scattered Clouds,False,False,False,False,False,False,False,False,False,False,False,False,False,Day,34.4_-84.4
A-378627,2,2021-10-25 13:57:00,2021-10-25 14:48:30,34.406336,-84.42191700000002,1.252,Jasper,Pickens,GA,30143,US/Eastern,KCNI,2021-10-25 13:55:00,73.0,73.0,65.0,28.58,10.0,SW,8.0,0.0,Cloudy,False,False,False,True,False,False,False,False,False,False,False,False,False,Day,34.4_-84.4
A-1430546,2,2021-10-25 13:57:00.000000000,2021-10-25 15:02:00.000000000,34.405809999999995,-84.42141099999998,0.7240000000000001,Jasper,Pickens,GA,30143,US/Eastern,KCNI,2021-10-25 13:55:00,73.0,73.0,65.0,28.58,10.0,SW,8.0,0.0,Cloudy,False,False,False,False,False,False,False,False,False,False,False,False,False,Day,34.4_-84.4
A-1606780,2,2021-01-04 16:00:00,2021-01-04 18:00:00,34.490601,-84.478425,0.021,Jasper,Pickens,GA,30143,US/Eastern,KCNI,2021-01-04 15:55:00,54.0,54.0,44.0,28.73,10.0,WNW,7.0,0.0,Fair,False,False,False,False,False,False,False,False,False,True,False,False,False,Day,34.4_-84.4
A-1887721,2,2020-10-21 17:27:00,2020-10-21 20:15:00,34.446735,-84.445775,0.031,Jasper,Pickens,GA,30143-4872,US/Eastern,KCNI,2020-10-21 21:15:00,70.0,70.0,78.0,28.91,10.0,CALM,0.0,0.0,Fair,False,False,False,False,False,False,False,False,False,False,False,False,False,Day,34.4_-84.4
A-2467995,4,2019-09-20 15:30:51,2019-09-20 16:00:14,34.43768,-84.437728,0.3670000000000001,Jasper,Pickens,GA,30143,US/Eastern,KCNI,2019-09-20 15:30:00,81.0,81.0,34.0,28.96,10.0,ESE,9.0,0.0,Fair,False,False,False,True,False,False,False,False,False,True,False,False,False,Day,34.4_-84.4
A-2557760,3,2018-12-13 07:41:32,2018-12-13 08:10:55,34.481559999999995,-84.467887,0.247,Talking Rock,Pickens,GA,30175,US/Eastern,KCNI,2018-12-13 07:35:00,33.8,,93.0,30.23,10.0,Calm,,,Overcast,False,False,False,False,False,False,False,False,False,False,False,False,False,Day,34.4_-84.4
A-2667975,2,2018-04-20 17:08:32,2018-04-20 23:08:32,34.46385,-84.45758000000002,0.157,Jasper,Pickens,GA,30143-8656,US/Eastern,KCNI,2018-04-20 17:15:00,69.8,,9.0,30.28,10.0,Calm,,,Clear,False,False,False,False,False,False,False,False,False,False,False,False,False,Day,34.4_-84.4
A-2699703,2,2018-01-06 07:55:42,2018-01-06 13:55:42,34.4026,-84.428309,0.4529999999999999,Jasper,Pickens,GA,30143,US/Eastern,KCNI,2018-01-06 07:55:00,21.2,16.4,68.0,30.42,10.0,West,3.5,,Clear,False,False,False,False,False,False,False,False,False,False,False,False,False,Day,34.4_-84.4
A-2719654,2,2017-12-18 14:49:00,2017-12-18 15:19:00,34.401117,-84.416758,0.0,Jasper,Pickens,GA,30143,US/Eastern,KCNI,2017-12-18 14:55:00,59.0,,77.0,30.17,10.0,West,5.8,,Overcast,False,False,False,True,False,False,False,False,False,True,False,False,False,Day,34.4_-84.4
A-2719655,2,2017-12-18 14:49:00,2017-12-18 15:19:00,34.40119,-84.41646,0.0,Jasper,Pickens,GA,30143,US/Eastern,KCNI,2017-12-18 14:55:00,59.0,,77.0,30.17,10.0,West,5.8,,Overcast,False,False,False,True,False,False,False,False,False,True,False,False,False,Day,34.4_-84.4
A-2759626,4,2017-08-02 00:56:34,2017-08-02 06:56:34,34.40703,-84.42182,0.4039999999999999,Jasper,Pickens,GA,30143,US/Eastern,KCNI,2017-08-02 00:55:00,69.8,,100.0,30.13,10.0,Calm,,,Clear,False,False,False,True,False,False,False,False,False,False,False,True,False,Night,34.4_-84.4
