ID,Severity,Start_Time,End_Time,Start_Lat,Start_Lng,Distance(mi),City,County,State,Zipcode,Timezone,Airport_Code,Weather_Timestamp,Temperature(F),Wind_Chill(F),Humidity(%),Pressure(in),Visibility(mi),Wind_Direction,Wind_Speed(mph),Precipitation(in),Weather_Condition,Amenity,Bump,Crossing,Give_Way,Junction,No_Exit,Railway,Roundabout,Station,Stop,Traffic_Calming,Traffic_Signal,Turning_Loop,Sunrise_Sunset,DF_Matching
A-2669184,4,2018-04-24 18:32:31,2018-04-25 00:32:31,33.61589,-84.73749000000002,1.29,Palmetto,Fulton,GA,30268-1731,US/Eastern,KFFC,2018-04-24 18:53:00,69.1,,57.0,29.85,10.0,Variable,5.8,,Partly Cloudy,False,False,False,False,False,False,False,False,False,False,False,False,False,Day,33.6_-84.7
A-2678656,4,2018-03-19 04:09:23,2018-03-19 10:09:23,33.637421999999994,-84.750359,0.085,Douglasville,Douglas,GA,30135,US/Eastern,KFTY,2018-03-19 03:53:00,57.9,,100.0,29.78,9.0,NNE,5.8,0.06,Light Rain,False,False,False,False,False,False,False,False,False,False,False,False,False,Night,33.6_-84.7
A-2678657,4,2018-03-19 04:09:23,2018-03-19 10:09:23,33.637669,-84.751801,0.085,Douglasville,Douglas,GA,30135,US/Eastern,KFTY,2018-03-19 03:53:00,57.9,,100.0,29.78,9.0,NNE,5.8,0.06,Light Rain,False,False,False,False,False,False,False,False,False,False,False,False,False,Night,33.6_-84.7
A-2721642,4,2017-12-21 20:02:30,2017-12-22 02:02:30,33.68253,-84.72778000000002,0.0,Douglasville,Douglas,GA,30135,US/Eastern,KFTY,2017-12-21 19:53:00,53.1,,100.0,30.15,10.0,Variable,3.5,0.0,Light Rain,False,False,False,False,False,False,False,False,False,False,False,False,False,Night,33.6_-84.7
