ID,Severity,Start_Time,End_Time,Start_Lat,Start_Lng,Distance(mi),City,County,State,Zipcode,Timezone,Airport_Code,Weather_Timestamp,Temperature(F),Wind_Chill(F),Humidity(%),Pressure(in),Visibility(mi),Wind_Direction,Wind_Speed(mph),Precipitation(in),Weather_Condition,Amenity,Bump,Crossing,Give_Way,Junction,No_Exit,Railway,Roundabout,Station,Stop,Traffic_Calming,Traffic_Signal,Turning_Loop,Sunrise_Sunset,DF_Matching
A-1250009,2,2021-09-07 12:50:00,2021-09-07 14:05:00,31.017614,-84.822565,0.3979999999999999,Iron City,Seminole,GA,39859,US/Eastern,KBGE,2021-09-07 12:55:00,87.0,87.0,62.0,29.83,10.0,CALM,0.0,0.0,Mostly Cloudy,False,False,False,False,False,False,False,False,False,False,False,False,False,Day,31.0_-84.8
A-1742728,2,2020-12-06 16:23:00.000000000,2020-12-06 21:15:00.000000000,31.018874,-84.825583,0.1989999999999999,Iron City,Seminole,GA,39859,US/Eastern,KBGE,2020-12-06 16:15:00,62.0,62.0,52.0,29.82,10.0,WSW,6.0,0.0,Cloudy,False,False,False,False,False,False,False,False,False,False,False,False,False,Day,31.0_-84.8
A-1868272,4,2020-12-06 16:23:00,2020-12-06 21:15:00,31.01982700000001,-84.828525,0.3829999999999999,Donalsonville,Seminole,GA,39845,US/Eastern,KBGE,2020-12-06 16:15:00,62.0,62.0,52.0,29.82,10.0,WSW,6.0,0.0,Cloudy,False,False,False,False,False,False,False,False,False,False,False,False,False,Day,31.0_-84.8
A-1961217,4,2020-12-06 16:23:00,2020-12-06 21:15:00,31.018874,-84.825583,0.1989999999999999,Iron City,Seminole,GA,39859,US/Eastern,KBGE,2020-12-06 16:15:00,62.0,62.0,52.0,29.82,10.0,WSW,6.0,0.0,Cloudy,False,False,False,False,False,False,False,False,False,False,False,False,False,Day,31.0_-84.8
A-2586752,4,2018-10-02 12:40:01,2018-10-02 13:09:35,31.05619,-84.87867,0.871,Donalsonville,Seminole,GA,39845-1139,US/Eastern,KBGE,2018-10-02 12:35:00,87.8,,52.0,30.18,10.0,ENE,5.8,,,False,False,False,False,False,False,False,False,False,False,False,False,False,Day,31.0_-84.8
A-2586753,4,2018-10-02 12:40:01,2018-10-02 13:09:35,31.068790000000003,-84.87818,0.871,Donalsonville,Seminole,GA,39845-6318,US/Eastern,KBGE,2018-10-02 12:35:00,87.8,,52.0,30.18,10.0,ENE,5.8,,,False,False,False,False,False,False,False,False,False,False,False,False,False,Day,31.0_-84.8
A-2686280,4,2018-02-05 08:46:51,2018-02-05 14:46:51,31.020828,-84.83033499999998,2.101,Donalsonville,Seminole,GA,39845,US/Eastern,KBGE,2018-02-05 08:55:00,50.0,,87.0,30.21,,North,4.6,,,False,False,False,False,False,False,False,False,False,False,False,False,False,Day,31.0_-84.8
A-2686281,4,2018-02-05 08:46:51,2018-02-05 14:46:51,31.03453,-84.862009,2.156,Donalsonville,Seminole,GA,39845,US/Eastern,KBGE,2018-02-05 08:55:00,50.0,,87.0,30.21,,North,4.6,,,False,False,False,False,False,False,False,False,False,False,False,False,False,Day,31.0_-84.8
A-2710572,4,2018-01-30 19:28:03,2018-01-31 01:28:03,31.016421,-84.820711,0.477,Iron City,Seminole,GA,39859,US/Eastern,KBGE,2018-01-30 19:35:00,44.6,,71.0,30.34,,Calm,,,Clear,False,False,False,False,False,False,False,False,False,False,False,False,False,Night,31.0_-84.8
