ID,Severity,Start_Time,End_Time,Start_Lat,Start_Lng,Distance(mi),City,County,State,Zipcode,Timezone,Airport_Code,Weather_Timestamp,Temperature(F),Wind_Chill(F),Humidity(%),Pressure(in),Visibility(mi),Wind_Direction,Wind_Speed(mph),Precipitation(in),Weather_Condition,Amenity,Bump,Crossing,Give_Way,Junction,No_Exit,Railway,Roundabout,Station,Stop,Traffic_Calming,Traffic_Signal,Turning_Loop,Sunrise_Sunset,DF_Matching
A-2551306,4,2018-12-05 20:00:16,2018-12-05 20:29:51,32.20466,-82.34708,0.0,Lyons,Toombs,GA,30436-5609,US/Eastern,KVDI,2018-12-05 19:55:00,41.0,37.1,65.0,30.3,10.0,NW,5.8,,Clear,False,False,False,False,False,False,False,False,False,False,False,False,False,Night,32.2_-82.3
A-2620706,4,2018-08-13 11:59:16,2018-08-13 17:59:16,32.238653,-82.326512,0.5479999999999999,Lyons,Toombs,GA,30436-3103,US/Eastern,KVDI,2018-08-13 11:55:00,89.6,,43.0,30.05,10.0,WNW,4.6,,Clear,False,False,False,False,False,False,False,False,False,False,False,False,False,Day,32.2_-82.3
A-2620707,4,2018-08-13 11:59:16,2018-08-13 17:59:16,32.246559000000005,-82.325805,0.5479999999999999,Lyons,Toombs,GA,30436,US/Eastern,KVDI,2018-08-13 11:55:00,89.6,,43.0,30.05,10.0,WNW,4.6,,Clear,False,False,False,False,False,False,False,False,False,False,False,False,False,Day,32.2_-82.3
A-2662394,4,2018-04-05 09:33:48,2018-04-05 15:33:48,32.20295,-82.32162,0.0,Lyons,Toombs,GA,30436-1411,US/Eastern,KVDI,2018-04-05 09:35:00,53.6,,44.0,30.22,10.0,ENE,9.2,,Clear,False,False,False,False,False,False,False,False,False,False,False,True,False,Day,32.2_-82.3
A-2801178,2,2019-06-03 17:40:47,2019-06-03 18:07:25,32.205031,-82.363096,0.208,Vidalia,Toombs,GA,30474,US/Eastern,KVDI,2019-06-03 17:35:00,99.0,99.0,16.0,29.61,10.0,NW,10.0,0.0,Partly Cloudy,False,False,False,False,False,False,False,False,False,False,False,False,False,Day,32.2_-82.3
A-2801179,2,2019-06-03 17:40:47,2019-06-03 18:07:25,32.205527000000004,-82.366601,0.208,Vidalia,Toombs,GA,30474,US/Eastern,KVDI,2019-06-03 17:35:00,99.0,99.0,16.0,29.61,10.0,NW,10.0,0.0,Partly Cloudy,False,False,False,False,False,False,False,False,False,False,False,False,False,Day,32.2_-82.3
