ID,Severity,Start_Time,End_Time,Start_Lat,Start_Lng,Distance(mi),City,County,State,Zipcode,Timezone,Airport_Code,Weather_Timestamp,Temperature(F),Wind_Chill(F),Humidity(%),Pressure(in),Visibility(mi),Wind_Direction,Wind_Speed(mph),Precipitation(in),Weather_Condition,Amenity,Bump,Crossing,Give_Way,Junction,No_Exit,Railway,Roundabout,Station,Stop,Traffic_Calming,Traffic_Signal,Turning_Loop,Sunrise_Sunset,DF_Matching
A-66984,4,2016-10-17 08:15:04,2016-10-17 14:15:04,34.432277,-83.77204,1.357,Gainesville,Hall,GA,30506-2954,US/Eastern,KGVL,2016-10-17 07:53:00,59.0,,93.0,30.12,10.0,NE,3.5,,Clear,False,False,False,False,False,False,False,False,False,False,False,False,False,Day,34.4_-83.7
A-66988,4,2016-10-17 08:15:04,2016-10-17 14:15:04,34.450988,-83.779271,1.357,Clermont,Hall,GA,30527-2230,US/Eastern,KGVL,2016-10-17 07:53:00,59.0,,93.0,30.12,10.0,NE,3.5,,Clear,False,False,False,False,False,False,False,False,False,False,False,False,False,Day,34.4_-83.7
A-2202212,4,2020-03-16 16:32:49,2020-03-16 17:02:01,34.40636,-83.76733,0.504,Gainesville,Hall,GA,30506-3312,US/Eastern,KGVL,2020-03-16 16:53:00,50.0,50.0,86.0,28.94,9.0,E,8.0,0.0,Cloudy,False,False,False,False,False,False,False,False,False,False,False,False,False,Day,34.4_-83.7
A-2202213,4,2020-03-16 16:32:49,2020-03-16 17:02:01,34.4134,-83.76503000000002,0.504,Gainesville,Hall,GA,30506,US/Eastern,KGVL,2020-03-16 16:53:00,50.0,50.0,86.0,28.94,9.0,E,8.0,0.0,Cloudy,False,False,False,False,False,False,False,False,False,False,False,False,False,Day,34.4_-83.7
A-2256628,2,2020-04-14 17:26:51,2020-04-14 17:56:51,34.47029000000001,-83.73387,0.0,Clermont,Hall,GA,30527-2120,US/Eastern,KGVL,2020-04-14 17:53:00,65.0,65.0,39.0,28.63,10.0,W,15.0,0.0,Fair,False,False,False,False,False,False,False,False,False,False,False,False,False,Day,34.4_-83.7
