ID,Severity,Start_Time,End_Time,Start_Lat,Start_Lng,Distance(mi),City,County,State,Zipcode,Timezone,Airport_Code,Weather_Timestamp,Temperature(F),Wind_Chill(F),Humidity(%),Pressure(in),Visibility(mi),Wind_Direction,Wind_Speed(mph),Precipitation(in),Weather_Condition,Amenity,Bump,Crossing,Give_Way,Junction,No_Exit,Railway,Roundabout,Station,Stop,Traffic_Calming,Traffic_Signal,Turning_Loop,Sunrise_Sunset,DF_Matching
A-218584,2,2017-07-17 08:27:01,2017-07-17 14:27:01,32.37419000000001,-82.15896,0.8640000000000001,Metter,Candler,GA,30439,US/Eastern,KCWV,2017-07-17 08:35:00,75.6,,96.0,30.02,10.0,Calm,,,Scattered Clouds,False,False,False,False,False,False,False,False,False,False,False,False,False,Day,32.3_-82.1
A-320243,2,2021-12-30 21:04:00.000000000,2021-12-30 22:19:00.000000000,32.375409999999995,-82.172702,7.737999999999999,Metter,Candler,GA,30439,US/Eastern,KCWV,2021-12-30 20:55:00,70.0,70.0,96.0,29.86,7.0,CALM,0.0,0.0,Mostly Cloudy,False,False,False,False,False,False,False,False,False,False,False,False,False,Night,32.3_-82.1
A-1175683,2,2021-11-02 06:34:00,2021-11-02 07:58:00,32.375409999999995,-82.172702,7.737999999999999,Metter,Candler,GA,30439,US/Eastern,KCWV,2021-11-02 06:35:00,49.0,49.0,98.0,30.06,10.0,CALM,0.0,0.0,Fair,False,False,False,False,False,False,False,False,False,False,False,False,False,Night,32.3_-82.1
A-2664876,4,2018-04-12 11:53:28,2018-04-12 17:53:28,32.328976000000004,-82.152788,2.3040000000000003,Cobbtown,Candler,GA,30420,US/Eastern,KVDI,2018-04-12 11:55:00,71.6,,46.0,30.26,10.0,SE,5.8,,Clear,False,False,False,False,False,False,False,False,False,False,False,False,False,Day,32.3_-82.1
A-2685955,2,2018-02-04 11:54:05,2018-02-04 12:24:05,32.374022,-82.129734,0.0,Metter,Candler,GA,30439,US/Eastern,KCWV,2018-02-04 11:55:00,61.0,,96.0,29.99,2.0,Calm,,,Heavy Rain,False,False,False,False,False,False,False,False,False,False,False,False,False,Day,32.3_-82.1
A-2705889,4,2018-01-19 11:41:13,2018-01-19 17:41:13,32.37511,-82.17206,0.765,Metter,Candler,GA,30439,US/Eastern,KCWV,2018-01-19 11:35:00,51.8,,22.0,30.35,10.0,SW,6.9,,Clear,False,False,False,False,False,False,False,False,False,False,False,False,False,Day,32.3_-82.1
A-2705899,2,2018-01-19 14:31:29,2018-01-19 20:31:29,32.37511,-82.17206,0.457,Metter,Candler,GA,30439,US/Eastern,KCWV,2018-01-19 14:35:00,61.0,,12.0,30.25,10.0,SW,6.9,,Clear,False,False,False,False,False,False,False,False,False,False,False,False,False,Day,32.3_-82.1
A-2749528,4,2017-09-07 14:56:25,2017-09-07 20:56:25,32.37417,-82.155503,0.763,Metter,Candler,GA,30439,US/Eastern,KCWV,2017-09-07 14:55:00,81.1,,45.0,30.07,10.0,Calm,,,Clear,False,False,False,False,False,False,False,False,False,False,False,False,False,Day,32.3_-82.1
