ID,Severity,Start_Time,End_Time,Start_Lat,Start_Lng,Distance(mi),City,County,State,Zipcode,Timezone,Airport_Code,Weather_Timestamp,Temperature(F),Wind_Chill(F),Humidity(%),Pressure(in),Visibility(mi),Wind_Direction,Wind_Speed(mph),Precipitation(in),Weather_Condition,Amenity,Bump,Crossing,Give_Way,Junction,No_Exit,Railway,Roundabout,Station,Stop,Traffic_Calming,Traffic_Signal,Turning_Loop,Sunrise_Sunset,DF_Matching
A-47454,4,2017-01-25 21:42:46,2017-01-26 03:42:46,34.146809999999995,-84.83273,0.41,Cartersville,Bartow,GA,30120,US/Eastern,KVPC,2017-01-25 21:53:00,63.0,,70.0,29.77,10.0,Calm,,,Overcast,False,False,False,True,False,False,False,False,False,False,False,True,False,Night,34.1_-84.8
A-1976842,2,2020-10-21 15:46:00.000000000,2020-10-21 17:01:00.000000000,34.116696000000005,-84.868196,0.059,Cartersville,Bartow,GA,30120,US/Eastern,KVPC,2020-10-21 15:53:00,82.0,82.0,56.0,29.36,10.0,VAR,6.0,0.0,Fair,False,False,False,False,False,False,False,False,False,False,False,False,False,Day,34.1_-84.8
A-2694526,2,2018-02-22 16:06:33,2018-02-22 16:36:33,34.164676,-84.829267,0.0,Cartersville,Bartow,GA,30120-8804,US/Eastern,KVPC,2018-02-22 15:53:00,80.1,,48.0,30.31,10.0,South,12.7,,Partly Cloudy,False,False,False,False,False,False,False,False,False,False,False,False,False,Day,34.1_-84.8
A-2694527,2,2018-02-22 16:06:33,2018-02-22 16:36:33,34.164676,-84.829267,0.0,Cartersville,Bartow,GA,30120-8804,US/Eastern,KVPC,2018-02-22 15:53:00,80.1,,48.0,30.31,10.0,South,12.7,,Partly Cloudy,False,False,False,False,False,False,False,False,False,False,False,False,False,Day,34.1_-84.8
A-2838365,4,2019-08-09 08:05:34,2019-08-09 08:34:23,34.11571,-84.873641,0.322,Cartersville,Bartow,GA,30120,US/Eastern,KVPC,2019-08-09 07:53:00,74.0,74.0,91.0,29.17,8.0,CALM,0.0,0.0,Fair,False,False,False,False,False,False,False,False,False,False,False,False,False,Day,34.1_-84.8
