ID,Severity,Start_Time,End_Time,Start_Lat,Start_Lng,Distance(mi),City,County,State,Zipcode,Timezone,Airport_Code,Weather_Timestamp,Temperature(F),Wind_Chill(F),Humidity(%),Pressure(in),Visibility(mi),Wind_Direction,Wind_Speed(mph),Precipitation(in),Weather_Condition,Amenity,Bump,Crossing,Give_Way,Junction,No_Exit,Railway,Roundabout,Station,Stop,Traffic_Calming,Traffic_Signal,Turning_Loop,Sunrise_Sunset,DF_Matching
A-65225,3,2016-10-10 18:11:25,2016-10-11 00:11:25,33.588757,-83.15071800000003,0.0069999999999999,Greensboro,Greene,GA,30642-2381,US/Eastern,K3J7,2016-10-10 18:15:00,71.6,,31.0,30.23,10.0,Calm,,,Clear,False,False,False,False,False,False,False,False,False,False,False,False,False,Day,33.5_-83.1
A-77970,4,2016-09-05 19:37:09,2016-09-06 01:37:09,33.588757,-83.15071800000003,0.887,Greensboro,Greene,GA,30642-2381,US/Eastern,K3J7,2016-09-05 19:35:00,80.6,,65.0,30.16,10.0,Calm,,,Clear,False,False,False,False,False,False,False,False,False,False,False,False,False,Day,33.5_-83.1
A-77971,4,2016-09-05 19:37:09,2016-09-06 01:37:09,33.595581,-83.13766700000002,0.887,Greensboro,Greene,GA,30642-2963,US/Eastern,K3J7,2016-09-05 19:35:00,80.6,,65.0,30.16,10.0,Calm,,,Clear,False,False,False,False,False,False,False,False,False,False,False,False,False,Day,33.5_-83.1
A-190525,2,2017-05-17 09:39:26,2017-05-17 15:39:26,33.54626,-83.19886,0.795,Greensboro,Greene,GA,30642,US/Eastern,K3J7,2017-05-17 09:35:00,73.4,,83.0,30.12,10.0,South,9.2,,Overcast,False,False,False,False,False,False,False,False,False,False,False,False,False,Day,33.5_-83.1
A-191359,2,2017-05-19 15:00:55,2017-05-19 21:00:55,33.54626,-83.19886,0.795,Greensboro,Greene,GA,30642,US/Eastern,K3J7,2017-05-19 14:55:00,86.0,,55.0,30.07,10.0,ESE,3.5,,Scattered Clouds,False,False,False,False,False,False,False,False,False,False,False,False,False,Day,33.5_-83.1
A-226328,2,2021-10-28 11:05:00,2021-10-28 12:45:00,33.546055,-83.19807800000002,6.452999999999999,Greensboro,Greene,GA,30642,US/Eastern,K3J7,2021-10-28 11:15:00,52.0,52.0,94.0,29.0,3.0,E,6.0,0.0,Light Rain,False,False,False,False,False,False,False,False,False,False,False,False,False,Day,33.5_-83.1
A-331768,2,2021-11-01 17:01:00,2021-11-01 18:16:00,33.579723,-83.187714,0.153,Greensboro,Greene,GA,30642-1019,US/Eastern,K3J7,2021-11-01 16:55:00,70.0,70.0,53.0,29.43,10.0,CALM,0.0,0.0,Fair,False,False,False,False,False,False,False,False,False,False,False,False,False,Day,33.5_-83.1
A-981707,2,2021-09-15 23:17:00,2021-09-16 00:32:00,33.546055,-83.19807800000002,6.452999999999999,Greensboro,Greene,GA,30642,US/Eastern,K3J7,2021-09-15 23:15:00,68.0,68.0,100.0,29.32,7.0,CALM,0.0,0.0,Drizzle,False,False,False,False,False,False,False,False,False,False,False,False,False,Night,33.5_-83.1
A-1159865,2,2021-12-18 16:23:00,2021-12-18 17:38:00,33.546232,-83.19924300000002,15.865,Greensboro,Greene,GA,30642,US/Eastern,K3J7,2021-12-18 16:15:00,63.0,63.0,94.0,29.28,2.0,SW,3.0,0.0,Rain,False,False,False,False,False,False,False,False,False,False,False,False,False,Day,33.5_-83.1
A-1445118,2,2021-08-24 19:37:00,2021-08-24 22:45:00,33.546232,-83.19924300000002,0.35,Greensboro,Greene,GA,30642,US/Eastern,K3J7,2021-08-24 19:35:00,86.0,86.0,62.0,29.28,10.0,CALM,0.0,0.0,Fair,False,False,False,False,False,False,False,False,False,False,False,False,False,Day,33.5_-83.1
A-1829324,2,2020-11-19 14:37:00.000000000,2020-11-19 17:45:00.000000000,33.546227,-83.199237,0.762,Greensboro,Greene,GA,30642,US/Eastern,K3J7,2020-11-19 14:35:00,61.0,61.0,31.0,29.78,10.0,CALM,0.0,0.0,Fair,False,False,False,False,False,False,False,False,False,False,False,False,False,Day,33.5_-83.1
A-2054269,2,2020-11-19 14:37:00,2020-11-19 17:45:00,33.546227,-83.199237,0.762,Greensboro,Greene,GA,30642,US/Eastern,K3J7,2020-11-19 14:35:00,61.0,61.0,31.0,29.78,10.0,CALM,0.0,0.0,Fair,False,False,False,False,False,False,False,False,False,False,False,False,False,Day,33.5_-83.1
A-2163678,1,2020-06-10 10:36:27,2020-06-10 11:26:25,33.54625,-83.19886,0.0,Greensboro,Greene,GA,30642,US/Eastern,K3J7,2020-06-10 10:35:00,77.0,77.0,94.0,29.31,10.0,S,5.0,0.0,Cloudy,False,False,False,False,False,False,False,False,False,False,False,False,False,Day,33.5_-83.1
A-2227713,3,2020-03-30 14:21:17,2020-03-30 15:21:17,33.546009999999995,-83.19885,0.0,Greensboro,Greene,GA,30642,US/Eastern,K3J7,2020-03-30 14:15:00,75.0,75.0,24.0,29.37,10.0,W,7.0,0.0,Fair,False,False,False,False,False,False,False,False,False,False,False,False,False,Day,33.5_-83.1
A-2227753,3,2020-03-30 15:37:37,2020-03-30 16:37:37,33.546009999999995,-83.19885,0.0,Greensboro,Greene,GA,30642,US/Eastern,K3J7,2020-03-30 15:35:00,75.0,75.0,27.0,29.33,10.0,W,5.0,0.0,Fair,False,False,False,False,False,False,False,False,False,False,False,False,False,Day,33.5_-83.1
A-2534768,2,2019-01-08 08:21:19,2019-01-08 08:50:59,33.546240000000004,-83.19919,0.7759999999999999,Greensboro,Greene,GA,30642,US/Eastern,K3J7,2019-01-08 08:15:00,50.0,,87.0,30.14,10.0,Calm,,,Clear,False,False,False,False,False,False,False,False,False,False,False,False,False,Day,33.5_-83.1
A-2565654,2,2018-12-27 05:01:45,2018-12-27 05:31:41,33.546240000000004,-83.19919,0.7759999999999999,Greensboro,Greene,GA,30642,US/Eastern,K3J7,2018-12-27 04:55:00,46.4,45.2,66.0,30.33,10.0,ENE,3.5,,Light Drizzle,False,False,False,False,False,False,False,False,False,False,False,False,False,Night,33.5_-83.1
A-2565655,2,2018-12-27 05:35:30,2018-12-27 06:05:24,33.547228999999994,-83.180634,1.114,Greensboro,Greene,GA,30642,US/Eastern,K3J7,2018-12-27 05:35:00,46.4,44.3,66.0,30.32,10.0,NE,4.6,,Overcast,False,False,False,False,False,False,False,False,False,False,False,False,False,Night,33.5_-83.1
A-2606906,4,2018-09-11 00:45:22,2018-09-11 05:45:20,33.549561,-83.136338,3.627,Greensboro,Greene,GA,30642,US/Eastern,K3J7,2018-09-11 00:55:00,75.2,,89.0,29.99,10.0,Calm,,,Mostly Cloudy,False,False,False,False,False,False,False,False,False,False,False,False,False,Night,33.5_-83.1
A-2621640,4,2018-08-15 18:00:27,2018-08-15 18:30:01,33.560745000000004,-83.184862,0.146,Greensboro,Greene,GA,30642-1262,US/Eastern,K3J7,2018-08-15 17:55:00,89.6,,43.0,30.04,10.0,Calm,,,Clear,False,False,False,False,False,False,False,False,False,False,False,False,False,Day,33.5_-83.1
A-2621641,4,2018-08-15 18:00:27,2018-08-15 18:30:01,33.562768,-83.184107,0.146,Greensboro,Greene,GA,30642-1218,US/Eastern,K3J7,2018-08-15 17:55:00,89.6,,43.0,30.04,10.0,Calm,,,Clear,False,False,False,False,False,False,False,False,False,False,False,False,False,Day,33.5_-83.1
A-2676867,2,2018-03-14 09:40:55,2018-03-14 15:40:55,33.546240000000004,-83.19919,0.7759999999999999,Greensboro,Greene,GA,30642,US/Eastern,K3J7,2018-03-14 09:35:00,41.0,35.8,57.0,30.07,10.0,West,8.1,,Clear,False,False,False,False,False,False,False,False,False,False,False,False,False,Day,33.5_-83.1
A-2730054,4,2017-11-15 16:00:11,2017-11-15 22:00:11,33.5462,-83.19993000000002,9.248,Greensboro,Greene,GA,30642,US/Eastern,K3J7,2017-11-15 15:55:00,55.4,,58.0,30.08,10.0,Calm,,,Clear,False,False,False,False,True,False,False,False,False,False,False,False,False,Day,33.5_-83.1
A-2734294,4,2017-11-27 13:43:06,2017-11-27 19:43:06,33.58874,-83.15075,0.0,Greensboro,Greene,GA,30642-2457,US/Eastern,K3J7,2017-11-27 13:35:00,64.4,,30.0,30.15,10.0,ESE,4.6,,Clear,False,False,False,False,False,False,False,False,False,False,False,False,False,Day,33.5_-83.1
A-2734295,4,2017-11-27 13:43:06,2017-11-27 19:43:06,33.58874,-83.15075,0.0,Greensboro,Greene,GA,30642-2457,US/Eastern,K3J7,2017-11-27 13:35:00,64.4,,30.0,30.15,10.0,ESE,4.6,,Clear,False,False,False,False,False,False,False,False,False,False,False,False,False,Day,33.5_-83.1
A-2749069,4,2017-09-06 11:47:25,2017-09-06 17:47:25,33.560464,-83.123118,0.067,Greensboro,Greene,GA,30642-2822,US/Eastern,K3J7,2017-09-06 11:55:00,73.4,,83.0,29.9,10.0,Calm,,,Overcast,False,False,False,False,False,False,False,False,False,False,False,False,False,Day,33.5_-83.1
A-2750096,2,2017-09-08 10:13:40,2017-09-08 16:13:40,33.549382,-83.131431,2.356,Greensboro,Greene,GA,30642,US/Eastern,K3J7,2017-09-08 10:15:00,68.0,,73.0,30.17,10.0,North,3.5,,Clear,False,False,False,False,False,False,False,False,False,False,False,False,False,Day,33.5_-83.1
A-2755352,2,2017-09-22 06:12:12,2017-09-22 12:12:12,33.54626,-83.19886,0.795,Greensboro,Greene,GA,30642,US/Eastern,K3J7,2017-09-22 06:15:00,69.8,,94.0,30.02,7.0,Calm,,,Clear,False,False,False,False,False,False,False,False,False,False,False,False,False,Night,33.5_-83.1
A-2762127,2,2017-08-08 12:12:36,2017-08-08 18:12:36,33.54626,-83.19886,9.56,Greensboro,Greene,GA,30642,US/Eastern,K3J7,2017-08-08 12:15:00,75.2,,89.0,30.05,10.0,Calm,,,Light Rain,False,False,False,False,False,False,False,False,False,False,False,False,False,Day,33.5_-83.1
A-2787806,4,2019-05-07 19:37:16,2019-05-07 20:05:38,33.560536,-83.122752,1.119,Greensboro,Greene,GA,30642,US/Eastern,K3J7,,,,,,,,,,,False,False,False,False,False,False,False,False,False,False,False,False,False,Day,33.5_-83.1
A-2787812,4,2019-05-07 23:04:59,2019-05-07 23:34:04,33.559441,-83.135187,0.6990000000000001,Greensboro,Greene,GA,30642-5807,US/Eastern,K3J7,,,,,,,,,,,False,False,False,False,False,False,False,False,False,False,False,False,False,Night,33.5_-83.1
A-2787813,4,2019-05-07 23:04:59,2019-05-07 23:34:04,33.560465,-83.12311700000002,0.6990000000000001,Greensboro,Greene,GA,30642-2822,US/Eastern,K3J7,,,,,,,,,,,False,False,False,False,False,False,False,False,False,False,False,False,False,Night,33.5_-83.1
A-2793560,3,2019-05-19 10:49:32,2019-05-19 11:19:13,33.546240000000004,-83.19919,0.7759999999999999,Greensboro,Greene,GA,30642,US/Eastern,K3J7,,,,,,,,,,,False,False,False,False,False,False,False,False,False,False,False,False,False,Day,33.5_-83.1
A-2812532,4,2019-06-29 00:43:50,2019-06-29 01:13:07,33.546240000000004,-83.19919,9.541,Greensboro,Greene,GA,30642,US/Eastern,K3J7,2019-06-29 00:35:00,77.0,77.0,78.0,29.46,10.0,CALM,0.0,0.0,Partly Cloudy,False,False,False,False,False,False,False,False,False,False,False,False,False,Night,33.5_-83.1
A-2824174,2,2019-07-09 10:57:22,2019-07-09 11:25:28,33.565784,-83.150672,0.7040000000000001,Greensboro,Greene,GA,30642-2876,US/Eastern,K3J7,2019-07-09 10:55:00,86.0,86.0,74.0,29.28,10.0,E,3.0,0.0,Mostly Cloudy,False,False,False,False,False,False,False,False,False,False,False,False,False,Day,33.5_-83.1
