ID,Severity,Start_Time,End_Time,Start_Lat,Start_Lng,Distance(mi),City,County,State,Zipcode,Timezone,Airport_Code,Weather_Timestamp,Temperature(F),Wind_Chill(F),Humidity(%),Pressure(in),Visibility(mi),Wind_Direction,Wind_Speed(mph),Precipitation(in),Weather_Condition,Amenity,Bump,Crossing,Give_Way,Junction,No_Exit,Railway,Roundabout,Station,Stop,Traffic_Calming,Traffic_Signal,Turning_Loop,Sunrise_Sunset,DF_Matching
A-579345,2,2021-10-21 07:21:00,2021-10-21 08:36:00,32.250535,-81.21256600000002,0.011,Rincon,Effingham,GA,31326-5508,US/Eastern,KSAV,2021-10-21 06:53:00,56.0,56.0,100.0,30.15,9.0,CALM,0.0,0.0,Fair,False,False,False,False,False,False,False,False,False,False,False,False,False,Night,32.2_-81.2
A-593806,4,2021-10-21 07:21:00,2021-10-21 10:45:00,32.250535,-81.21256600000002,0.022,Rincon,Effingham,GA,31326-5508,US/Eastern,KSAV,2021-10-21 06:53:00,56.0,56.0,100.0,30.15,9.0,CALM,0.0,0.0,Fair,False,False,False,False,False,False,False,False,False,False,False,False,False,Night,32.2_-81.2
A-1865895,2,2020-11-24 15:21:00,2020-11-24 17:03:30,32.28325,-81.233199,0.467,Rincon,Effingham,GA,31326-9697,US/Eastern,KSAV,2020-11-24 14:53:00,68.0,68.0,56.0,30.24,10.0,E,12.0,0.0,Partly Cloudy,False,False,False,False,False,False,False,False,False,False,False,False,False,Day,32.2_-81.2
A-2106047,2,2020-05-08 18:35:50,2020-05-08 19:05:50,32.2516,-81.21136,0.0,Rincon,Effingham,GA,31326-5513,US/Eastern,KSAV,2020-05-08 18:53:00,74.0,74.0,55.0,29.81,10.0,S,9.0,0.0,Mostly Cloudy,False,False,False,False,False,False,False,False,False,False,False,False,False,Day,32.2_-81.2
A-2106052,2,2020-05-08 18:05:06,2020-05-08 18:35:06,32.25151,-81.21125,0.009,Rincon,Effingham,GA,31326-5513,US/Eastern,KSAV,2020-05-08 17:53:00,77.0,77.0,30.0,29.82,10.0,S,13.0,0.0,Mostly Cloudy,False,False,False,False,False,False,False,False,False,False,False,False,False,Day,32.2_-81.2
