ID,Severity,Start_Time,End_Time,Start_Lat,Start_Lng,Distance(mi),City,County,State,Zipcode,Timezone,Airport_Code,Weather_Timestamp,Temperature(F),Wind_Chill(F),Humidity(%),Pressure(in),Visibility(mi),Wind_Direction,Wind_Speed(mph),Precipitation(in),Weather_Condition,Amenity,Bump,Crossing,Give_Way,Junction,No_Exit,Railway,Roundabout,Station,Stop,Traffic_Calming,Traffic_Signal,Turning_Loop,Sunrise_Sunset,DF_Matching
A-523022,2,2021-12-23 19:09:00,2021-12-23 21:15:00,32.299783000000005,-84.780563,0.027,Cusseta,Chattahoochee,GA,31805,US/Eastern,KLSF,2021-12-23 18:56:00,44.0,41.0,76.0,29.94,10.0,ESE,5.0,0.0,Fair,False,False,False,False,False,False,False,False,False,False,False,False,False,Night,32.2_-84.7
A-896079,2,2021-12-23 19:09:00,2021-12-23 20:24:00,32.299783000000005,-84.780563,0.027,Cusseta,Chattahoochee,GA,31805,US/Eastern,KLSF,2021-12-23 18:56:00,44.0,41.0,76.0,29.94,10.0,ESE,5.0,0.0,Fair,False,False,False,False,False,False,False,False,False,False,False,False,False,Night,32.2_-84.7
A-2770076,4,2017-08-26 10:42:55,2017-08-26 16:42:55,32.294861,-84.779886,0.374,Cusseta,Chattahoochee,GA,31805-3609,US/Eastern,KLSF,2017-08-26 10:48:00,80.6,,79.0,30.08,10.0,NE,6.9,,Overcast,False,False,False,False,False,False,False,False,False,False,False,False,False,Day,32.2_-84.7
A-2797242,2,2019-05-28 20:54:48,2019-05-28 21:24:09,32.284158000000005,-84.77911,0.265,Cusseta,Chattahoochee,GA,31805-3926,US/Eastern,KLSF,2019-05-28 20:58:00,91.0,91.0,36.0,29.65,10.0,WSW,3.0,0.0,Fair,False,False,False,False,False,False,False,False,False,False,False,False,False,Night,32.2_-84.7
