ID,Severity,Start_Time,End_Time,Start_Lat,Start_Lng,Distance(mi),City,County,State,Zipcode,Timezone,Airport_Code,Weather_Timestamp,Temperature(F),Wind_Chill(F),Humidity(%),Pressure(in),Visibility(mi),Wind_Direction,Wind_Speed(mph),Precipitation(in),Weather_Condition,Amenity,Bump,Crossing,Give_Way,Junction,No_Exit,Railway,Roundabout,Station,Stop,Traffic_Calming,Traffic_Signal,Turning_Loop,Sunrise_Sunset,DF_Matching
A-36199,2,2016-12-14 17:23:49,2016-12-14 23:23:49,31.51002,-83.770495,0.062,Sumner,Worth,GA,31789,US/Eastern,KTMA,2016-12-14 17:15:00,59.0,,100.0,30.01,4.0,ENE,4.6,,Overcast,False,False,False,False,False,False,False,False,False,False,False,False,False,Day,31.5_-83.7
A-43634,4,2017-01-11 09:15:56,2017-01-11 15:15:56,31.51072700000001,-83.756939,0.267,Sumner,Worth,GA,31789,US/Eastern,KTMA,2017-01-11 09:15:00,56.3,,96.0,30.38,10.0,SSE,5.8,,Clear,False,False,False,False,False,False,False,False,False,False,False,False,False,Day,31.5_-83.7
A-407489,2,2021-10-09 12:14:00,2021-10-09 19:45:00,31.592867,-83.780569,0.7170000000000001,Poulan,Worth,GA,31781-3437,US/Eastern,KTMA,2021-10-09 12:15:00,78.0,78.0,69.0,29.63,10.0,N,6.0,0.0,Mostly Cloudy,False,False,False,False,False,False,False,False,False,False,False,False,False,Day,31.5_-83.7
A-773320,2,2021-10-09 12:14:00,2021-10-09 19:45:00,31.582742,-83.783336,0.718,Poulan,Worth,GA,31781-3436,US/Eastern,KTMA,2021-10-09 12:15:00,78.0,78.0,69.0,29.63,10.0,N,6.0,0.0,Mostly Cloudy,False,False,False,False,False,False,False,False,False,False,False,False,False,Day,31.5_-83.7
A-780641,2,2021-10-09 12:14:00.000000000,2021-10-09 13:29:00.000000000,31.592867,-83.780569,0.7170000000000001,Poulan,Worth,GA,31781-3437,US/Eastern,KTMA,2021-10-09 12:15:00,78.0,78.0,69.0,29.63,10.0,N,6.0,0.0,Mostly Cloudy,False,False,False,False,False,False,False,False,False,False,False,False,False,Day,31.5_-83.7
A-1138663,2,2021-10-09 12:14:00,2021-10-09 13:29:00,31.582742,-83.783336,0.718,Poulan,Worth,GA,31781-3436,US/Eastern,KTMA,2021-10-09 12:15:00,78.0,78.0,69.0,29.63,10.0,N,6.0,0.0,Mostly Cloudy,False,False,False,False,False,False,False,False,False,False,False,False,False,Day,31.5_-83.7
A-2639043,2,2018-05-31 09:17:01,2018-05-31 15:17:01,31.51072000000001,-83.7572,0.0,Sumner,Worth,GA,31789,US/Eastern,KTMA,2018-05-31 09:15:00,,,,30.05,10.0,Calm,,,Overcast,False,False,False,False,False,False,False,False,False,False,False,False,False,Day,31.5_-83.7
