ID,Severity,Start_Time,End_Time,Start_Lat,Start_Lng,Distance(mi),City,County,State,Zipcode,Timezone,Airport_Code,Weather_Timestamp,Temperature(F),Wind_Chill(F),Humidity(%),Pressure(in),Visibility(mi),Wind_Direction,Wind_Speed(mph),Precipitation(in),Weather_Condition,Amenity,Bump,Crossing,Give_Way,Junction,No_Exit,Railway,Roundabout,Station,Stop,Traffic_Calming,Traffic_Signal,Turning_Loop,Sunrise_Sunset,DF_Matching
A-74954,4,2016-08-25 06:43:45,2016-08-25 12:43:45,34.302135,-84.224184,0.585,Ball Ground,Cherokee,GA,30107-3546,US/Eastern,KCNI,2016-08-25 06:35:00,69.8,,88.0,30.23,5.0,Calm,,,Clear,False,False,False,False,False,False,False,False,False,False,False,False,False,Night,34.3_-84.2
A-74956,4,2016-08-25 06:43:45,2016-08-25 12:43:45,34.306239,-84.21521,0.585,Ball Ground,Forsyth,GA,30107,US/Eastern,KCNI,2016-08-25 06:35:00,69.8,,88.0,30.23,5.0,Calm,,,Clear,False,False,False,False,False,False,False,False,False,False,False,False,False,Night,34.3_-84.2
A-2648333,4,2018-06-27 15:58:01,2018-06-27 21:58:01,34.302565,-84.222786,0.498,Ball Ground,Forsyth,GA,30107,US/Eastern,KCNI,2018-06-27 15:55:00,87.8,,52.0,30.03,10.0,WSW,4.6,,Overcast,False,False,False,False,False,False,False,False,False,False,False,False,False,Day,34.3_-84.2
A-2648334,4,2018-06-27 15:58:01,2018-06-27 21:58:01,34.30624,-84.215283,0.498,Cumming,Forsyth,GA,30028,US/Eastern,KCNI,2018-06-27 15:55:00,87.8,,52.0,30.03,10.0,WSW,4.6,,Overcast,False,False,False,False,False,False,False,False,False,False,False,False,False,Day,34.3_-84.2
