ID,Severity,Start_Time,End_Time,Start_Lat,Start_Lng,Distance(mi),City,County,State,Zipcode,Timezone,Airport_Code,Weather_Timestamp,Temperature(F),Wind_Chill(F),Humidity(%),Pressure(in),Visibility(mi),Wind_Direction,Wind_Speed(mph),Precipitation(in),Weather_Condition,Amenity,Bump,Crossing,Give_Way,Junction,No_Exit,Railway,Roundabout,Station,Stop,Traffic_Calming,Traffic_Signal,Turning_Loop,Sunrise_Sunset,DF_Matching
A-2720953,2,2017-12-20 05:31:20,2017-12-20 11:31:20,31.24749000000001,-84.07425,0.0,Sale City,Mitchell,GA,31784-3503,US/Eastern,KMGR,2017-12-20 05:35:00,64.4,,94.0,30.07,7.0,Calm,,,Overcast,False,False,False,False,False,False,False,False,False,False,False,False,False,Night,31.2_-84.0
A-2720954,2,2017-12-20 05:31:20,2017-12-20 11:31:20,31.24749000000001,-84.07425,0.0,Sale City,Mitchell,GA,31784-3503,US/Eastern,KMGR,2017-12-20 05:35:00,64.4,,94.0,30.07,7.0,Calm,,,Overcast,False,False,False,False,False,False,False,False,False,False,False,False,False,Night,31.2_-84.0
A-2744683,4,2017-10-24 17:28:11,2017-10-24 23:28:11,31.24749000000001,-84.07425,0.0,Sale City,Mitchell,GA,31784-3503,US/Eastern,KMGR,2017-10-24 17:35:00,71.6,,43.0,29.9,10.0,WNW,4.6,,Clear,False,False,False,False,False,False,False,False,False,False,False,False,False,Day,31.2_-84.0
A-2744685,4,2017-10-24 17:28:11,2017-10-24 23:28:11,31.24749000000001,-84.07425,0.0,Sale City,Mitchell,GA,31784-3503,US/Eastern,KMGR,2017-10-24 17:35:00,71.6,,43.0,29.9,10.0,WNW,4.6,,Clear,False,False,False,False,False,False,False,False,False,False,False,False,False,Day,31.2_-84.0
