ID,Severity,Start_Time,End_Time,Start_Lat,Start_Lng,Distance(mi),City,County,State,Zipcode,Timezone,Airport_Code,Weather_Timestamp,Temperature(F),Wind_Chill(F),Humidity(%),Pressure(in),Visibility(mi),Wind_Direction,Wind_Speed(mph),Precipitation(in),Weather_Condition,Amenity,Bump,Crossing,Give_Way,Junction,No_Exit,Railway,Roundabout,Station,Stop,Traffic_Calming,Traffic_Signal,Turning_Loop,Sunrise_Sunset,DF_Matching
A-51056,4,2016-11-02 19:34:55,2016-11-03 01:34:55,34.58031,-84.61825,0.107,Ellijay,Gilmer,GA,30540,US/Eastern,KDNN,2016-11-02 19:35:00,69.8,,68.0,30.28,10.0,Calm,,,Clear,False,False,False,False,False,False,False,False,False,False,False,False,False,Night,34.5_-84.6
A-1757952,2,2020-10-01 13:39:00,2020-10-01 22:45:00,34.565123,-84.609736,0.38,Talking Rock,Gilmer,GA,30175-5803,US/Eastern,KCNI,2020-10-01 13:30:00,72.0,72.0,53.0,28.75,10.0,WNW,5.0,0.0,Fair,False,False,False,False,False,False,False,False,False,False,False,False,False,Day,34.5_-84.6
A-2524776,4,2019-02-18 17:26:13,2019-02-18 17:56:06,34.580283,-84.63622600000002,0.7140000000000001,Talking Rock,Gilmer,GA,30175,US/Eastern,KCNI,2019-02-18 17:35:00,48.2,,54.0,30.25,10.0,WNW,6.9,,Clear,False,False,False,False,False,False,False,False,False,False,False,False,False,Day,34.5_-84.6
A-2683552,4,2018-03-30 09:26:15,2018-03-30 15:26:15,34.582059,-84.623866,0.7140000000000001,Ellijay,Gilmer,GA,30540,US/Eastern,KDNN,2018-03-30 09:35:00,55.4,,82.0,30.1,10.0,NW,8.1,,Mostly Cloudy,False,False,False,False,False,False,False,False,False,False,False,False,False,Day,34.5_-84.6
A-2683553,4,2018-03-30 09:26:15,2018-03-30 15:26:15,34.580283,-84.63622600000002,0.7140000000000001,Talking Rock,Gilmer,GA,30175,US/Eastern,KCNI,2018-03-30 09:35:00,57.2,,67.0,30.08,10.0,WNW,11.5,,Overcast,False,False,False,False,False,False,False,False,False,False,False,False,False,Day,34.5_-84.6
A-2715674,4,2017-12-08 13:36:24,2017-12-08 19:36:24,34.58031,-84.61825,1.051,Ellijay,Gilmer,GA,30540,US/Eastern,KDNN,2017-12-08 13:35:00,32.0,28.7,100.0,30.06,3.0,North,3.5,,Light Snow,False,False,False,False,False,False,False,False,False,False,False,False,False,Day,34.5_-84.6
A-2715698,4,2017-12-08 17:34:07,2017-12-08 23:34:07,34.58031,-84.61825,1.051,Ellijay,Gilmer,GA,30540,US/Eastern,KDNN,2017-12-08 17:35:00,32.0,27.5,100.0,29.99,4.0,North,4.6,,Light Snow,False,False,False,False,False,False,False,False,False,False,False,False,False,Night,34.5_-84.6
