ID,Severity,Start_Time,End_Time,Start_Lat,Start_Lng,Distance(mi),City,County,State,Zipcode,Timezone,Airport_Code,Weather_Timestamp,Temperature(F),Wind_Chill(F),Humidity(%),Pressure(in),Visibility(mi),Wind_Direction,Wind_Speed(mph),Precipitation(in),Weather_Condition,Amenity,Bump,Crossing,Give_Way,Junction,No_Exit,Railway,Roundabout,Station,Stop,Traffic_Calming,Traffic_Signal,Turning_Loop,Sunrise_Sunset,DF_Matching
A-810530,2,2021-10-22 17:03:00,2021-10-22 19:45:00,33.252375,-81.955783,0.015,Augusta,Richmond,GA,30906,US/Eastern,KAGS,2021-10-22 16:53:00,83.0,83.0,31.0,29.77,10.0,W,9.0,0.0,Fair,False,False,False,False,False,False,False,False,False,False,False,False,False,Day,33.2_-81.9
A-2547773,4,2018-11-30 07:12:49,2018-11-30 07:42:19,33.237443,-81.90462600000002,0.634,Waynesboro,Burke,GA,30830-7216,US/Eastern,KAGS,2018-11-30 06:53:00,48.9,,86.0,30.15,10.0,Calm,,,Overcast,False,False,False,False,False,False,False,False,False,False,False,False,False,Day,33.2_-81.9
A-2767494,4,2017-08-21 06:27:10,2017-08-21 12:27:10,33.29139,-81.959101,0.416,Augusta,Richmond,GA,30906-9791,US/Eastern,KAGS,2017-08-21 06:28:00,77.0,,94.0,30.15,1.0,Calm,,,Mist,False,False,False,False,False,False,False,False,False,False,False,False,False,Night,33.2_-81.9
A-2770420,4,2017-08-28 05:21:10,2017-08-28 11:21:10,33.246722,-81.953303,0.413,Hephzibah,Richmond,GA,30815-4265,US/Eastern,KAGS,2017-08-28 04:53:00,70.0,,63.0,29.99,10.0,NE,6.9,,Clear,False,False,False,False,False,False,False,False,False,False,False,False,False,Night,33.2_-81.9
