ID,Severity,Start_Time,End_Time,Start_Lat,Start_Lng,Distance(mi),City,County,State,Zipcode,Timezone,Airport_Code,Weather_Timestamp,Temperature(F),Wind_Chill(F),Humidity(%),Pressure(in),Visibility(mi),Wind_Direction,Wind_Speed(mph),Precipitation(in),Weather_Condition,Amenity,Bump,Crossing,Give_Way,Junction,No_Exit,Railway,Roundabout,Station,Stop,Traffic_Calming,Traffic_Signal,Turning_Loop,Sunrise_Sunset,DF_Matching
A-207814,4,2017-06-27 18:12:14,2017-06-28 00:12:14,34.388745,-85.181993,0.337,Armuchee,Floyd,GA,30105-2140,US/Eastern,KRMG,2017-06-27 17:53:00,82.9,,39.0,30.03,10.0,NNE,8.1,,Clear,False,False,False,False,False,False,False,False,False,False,False,False,False,Day,34.3_-85.1
A-2728276,4,2017-11-09 23:53:23,2017-11-10 05:53:23,34.38557,-85.17814,2.729,Armuchee,Floyd,GA,30105-2321,US/Eastern,KRMG,2017-11-09 23:53:00,43.0,,100.0,30.17,5.0,Calm,,,Partly Cloudy,False,False,False,False,False,False,False,False,False,False,False,True,False,Night,34.3_-85.1
A-2796594,4,2019-05-27 00:22:32,2019-05-27 00:51:59,34.333834,-85.172302,0.267,Rome,Floyd,GA,30165-7714,US/Eastern,KRMG,2019-05-27 00:53:00,72.0,72.0,81.0,29.39,10.0,CALM,0.0,0.0,Fair,False,False,False,False,False,False,False,False,False,False,False,False,False,Night,34.3_-85.1
A-2796596,4,2019-05-27 00:22:32,2019-05-27 00:51:59,34.337703000000005,-85.17233900000002,0.267,Rome,Floyd,GA,30165-9711,US/Eastern,KRMG,2019-05-27 00:53:00,72.0,72.0,81.0,29.39,10.0,CALM,0.0,0.0,Fair,False,False,False,False,False,False,False,False,False,False,False,False,False,Night,34.3_-85.1
A-2800371,4,2019-05-02 07:07:42,2019-05-02 07:34:33,34.308174,-85.172938,0.201,Rome,Floyd,GA,30165-8650,US/Eastern,KRMG,2019-05-02 06:53:00,65.0,65.0,90.0,29.48,9.0,CALM,0.0,0.0,Fair,False,False,False,False,False,False,False,False,False,False,False,False,False,Day,34.3_-85.1
A-2800372,4,2019-05-02 07:07:42,2019-05-02 07:34:33,34.311021999999994,-85.17225,0.201,Rome,Floyd,GA,30165-8650,US/Eastern,KRMG,2019-05-02 06:53:00,65.0,65.0,90.0,29.48,9.0,CALM,0.0,0.0,Fair,False,False,False,False,False,False,False,False,False,False,False,False,False,Day,34.3_-85.1
