ID,Severity,Start_Time,End_Time,Start_Lat,Start_Lng,Distance(mi),City,County,State,Zipcode,Timezone,Airport_Code,Weather_Timestamp,Temperature(F),Wind_Chill(F),Humidity(%),Pressure(in),Visibility(mi),Wind_Direction,Wind_Speed(mph),Precipitation(in),Weather_Condition,Amenity,Bump,Crossing,Give_Way,Junction,No_Exit,Railway,Roundabout,Station,Stop,Traffic_Calming,Traffic_Signal,Turning_Loop,Sunrise_Sunset,DF_Matching
A-191140,4,2017-05-18 22:57:48,2017-05-19 04:57:48,32.350968,-81.291943,0.488,Springfield,Effingham,GA,31329,US/Eastern,KSAV,2017-05-18 22:53:00,73.0,,71.0,30.13,10.0,SE,8.1,,Scattered Clouds,False,False,False,False,False,False,False,False,False,False,False,False,False,Night,32.3_-81.2
A-1217090,2,2021-08-30 18:01:50,2021-08-30 19:06:00,32.339832,-81.260363,0.748,Rincon,Effingham,GA,31326-3324,US/Eastern,KSAV,2021-08-30 17:53:00,87.0,87.0,63.0,29.87,10.0,SSE,10.0,0.0,Fair,False,False,False,False,False,False,False,False,False,False,False,False,False,Day,32.3_-81.2
A-1428695,2,2021-08-30 17:38:00,2021-08-30 20:00:00,32.34610900000001,-81.267626,0.151,Rincon,Effingham,GA,31326-3331,US/Eastern,KSAV,2021-08-30 17:53:00,87.0,87.0,63.0,29.87,10.0,SSE,10.0,0.0,Fair,False,False,False,False,False,False,False,False,False,False,False,False,False,Day,32.3_-81.2
A-2769167,4,2017-08-24 07:54:45,2017-08-24 13:54:45,32.351440000000004,-81.298491,1.694,Springfield,Effingham,GA,31329-5200,US/Eastern,KSAV,2017-08-24 07:53:00,78.1,,87.0,29.88,10.0,SSW,8.1,,Partly Cloudy,False,False,False,False,False,False,False,False,False,False,False,False,False,Day,32.3_-81.2
A-2794327,4,2019-05-21 15:40:32,2019-05-21 16:09:28,32.35151,-81.299221,0.426,Springfield,Effingham,GA,31329,US/Eastern,KSAV,2019-05-21 15:53:00,91.0,91.0,52.0,29.87,10.0,SE,12.0,0.0,Partly Cloudy,False,False,False,False,False,False,False,False,False,False,False,False,False,Day,32.3_-81.2
