ID,Severity,Start_Time,End_Time,Start_Lat,Start_Lng,Distance(mi),City,County,State,Zipcode,Timezone,Airport_Code,Weather_Timestamp,Temperature(F),Wind_Chill(F),Humidity(%),Pressure(in),Visibility(mi),Wind_Direction,Wind_Speed(mph),Precipitation(in),Weather_Condition,Amenity,Bump,Crossing,Give_Way,Junction,No_Exit,Railway,Roundabout,Station,Stop,Traffic_Calming,Traffic_Signal,Turning_Loop,Sunrise_Sunset,DF_Matching
A-80096,2,2016-06-22 05:52:09,2016-06-22 11:52:09,32.148736,-84.82769300000002,0.025,Lumpkin,Stewart,GA,31815,US/Central,KEUF,2016-06-22 05:58:00,64.0,,87.0,30.11,10.0,Calm,,,Clear,False,False,False,False,False,False,False,False,False,False,False,False,False,Night,32.1_-84.8
A-1220103,2,2021-12-21 14:14:00,2021-12-21 15:29:00,32.104721999999995,-84.812747,1.38,Lumpkin,Stewart,GA,31815,US/Central,KEUF,2021-12-21 13:58:00,45.0,45.0,86.0,29.6,10.0,VAR,3.0,0.0,Cloudy,False,False,False,False,False,False,False,False,False,False,False,False,False,Day,32.1_-84.8
A-1887894,4,2020-11-26 02:47:00,2020-11-26 05:00:00,32.14808,-84.82730500000002,0.025,Lumpkin,Stewart,GA,31815-5934,US/Central,KEUF,2020-11-26 02:58:00,69.0,69.0,90.0,29.75,10.0,S,6.0,0.0,Cloudy,False,False,False,False,False,False,False,False,False,False,False,False,False,Night,32.1_-84.8
A-2787774,4,2019-05-07 10:02:01,2019-05-07 10:31:15,32.101795,-84.811631,1.031,Lumpkin,Stewart,GA,31815,US/Central,KEUF,,,,,,,,,,,False,False,False,False,False,False,False,False,False,False,False,False,False,Day,32.1_-84.8
