ID,Severity,Start_Time,End_Time,Start_Lat,Start_Lng,Distance(mi),City,County,State,Zipcode,Timezone,Airport_Code,Weather_Timestamp,Temperature(F),Wind_Chill(F),Humidity(%),Pressure(in),Visibility(mi),Wind_Direction,Wind_Speed(mph),Precipitation(in),Weather_Condition,Amenity,Bump,Crossing,Give_Way,Junction,No_Exit,Railway,Roundabout,Station,Stop,Traffic_Calming,Traffic_Signal,Turning_Loop,Sunrise_Sunset,DF_Matching
A-86591,4,2016-07-16 23:30:16,2016-07-17 05:30:16,33.17709,-83.40476,1.5930000000000002,Milledgeville,Baldwin,GA,31061-9430,US/Eastern,KMLJ,2016-07-16 23:35:00,71.6,,100.0,30.16,10.0,Calm,,,Clear,False,False,False,False,False,False,False,False,False,False,False,False,False,Night,33.1_-83.4
A-86592,4,2016-07-16 23:30:16,2016-07-17 05:30:16,33.196,-83.42052,1.5930000000000002,Eatonton,Putnam,GA,31024-6757,US/Eastern,KMLJ,2016-07-16 23:35:00,71.6,,100.0,30.16,10.0,Calm,,,Clear,False,False,False,False,False,False,False,False,False,False,False,False,False,Night,33.1_-83.4
A-202218,2,2017-06-06 10:28:05,2017-06-06 16:28:05,33.15562,-83.45299999999997,0.0,Haddock,Jones,GA,31033,US/Eastern,KMLJ,2017-06-06 10:35:00,77.0,,89.0,29.81,10.0,NW,3.5,,Overcast,False,False,False,False,False,False,False,False,False,False,False,False,False,Day,33.1_-83.4
A-202219,2,2017-06-06 10:28:05,2017-06-06 16:28:05,33.15562,-83.45299999999997,0.0,Haddock,Jones,GA,31033,US/Eastern,KMLJ,2017-06-06 10:35:00,77.0,,89.0,29.81,10.0,NW,3.5,,Overcast,False,False,False,False,False,False,False,False,False,False,False,False,False,Day,33.1_-83.4
