ID,Severity,Start_Time,End_Time,Start_Lat,Start_Lng,Distance(mi),City,County,State,Zipcode,Timezone,Airport_Code,Weather_Timestamp,Temperature(F),Wind_Chill(F),Humidity(%),Pressure(in),Visibility(mi),Wind_Direction,Wind_Speed(mph),Precipitation(in),Weather_Condition,Amenity,Bump,Crossing,Give_Way,Junction,No_Exit,Railway,Roundabout,Station,Stop,Traffic_Calming,Traffic_Signal,Turning_Loop,Sunrise_Sunset,DF_Matching
A-84122,4,2016-07-06 14:39:21,2016-07-06 20:39:21,33.679428,-83.270652,0.046,Greensboro,Greene,GA,30642-1836,US/Eastern,K3J7,2016-07-06 14:35:00,71.6,,94.0,30.11,1.8,West,6.9,,Heavy Thunderstorms and Rain,False,False,False,False,False,False,False,False,False,False,False,False,False,Day,33.6_-83.2
A-84124,4,2016-07-06 14:39:21,2016-07-06 20:39:21,33.679988,-83.2711,0.046,Greensboro,Greene,GA,30642-1836,US/Eastern,K3J7,2016-07-06 14:35:00,71.6,,94.0,30.11,1.8,West,6.9,,Heavy Thunderstorms and Rain,False,False,False,False,False,False,False,False,False,False,False,False,False,Day,33.6_-83.2
A-86317,4,2016-07-14 12:38:51,2016-07-14 18:38:51,33.682189,-83.27229,1.585,Greensboro,Greene,GA,30642-1836,US/Eastern,K3J7,2016-07-14 12:35:00,93.2,,49.0,30.07,10.0,NW,3.5,,Clear,False,False,False,False,False,False,False,False,False,False,False,False,False,Day,33.6_-83.2
A-258592,4,2021-11-01 17:01:00,2021-11-01 20:15:00,33.64358,-83.230007,2.085,Union Point,Greene,GA,30669,US/Eastern,K3J7,2021-11-01 16:55:00,70.0,70.0,53.0,29.43,10.0,CALM,0.0,0.0,Fair,False,False,False,False,False,False,False,False,False,False,False,False,False,Day,33.6_-83.2
A-1074841,4,2021-11-01 17:01:00,2021-11-01 19:15:00,33.64358,-83.230007,2.085,Union Point,Greene,GA,30669,US/Eastern,K3J7,2021-11-01 16:55:00,70.0,70.0,53.0,29.43,10.0,CALM,0.0,0.0,Fair,False,False,False,False,False,False,False,False,False,False,False,False,False,Day,33.6_-83.2
