ID,Severity,Start_Time,End_Time,Start_Lat,Start_Lng,Distance(mi),City,County,State,Zipcode,Timezone,Airport_Code,Weather_Timestamp,Temperature(F),Wind_Chill(F),Humidity(%),Pressure(in),Visibility(mi),Wind_Direction,Wind_Speed(mph),Precipitation(in),Weather_Condition,Amenity,Bump,Crossing,Give_Way,Junction,No_Exit,Railway,Roundabout,Station,Stop,Traffic_Calming,Traffic_Signal,Turning_Loop,Sunrise_Sunset,DF_Matching
A-158086,4,2017-03-17 02:47:18,2017-03-17 08:47:18,31.743174,-84.414222,0.865,Dawson,Terrell,GA,39842-4521,US/Eastern,KABY,2017-03-17 02:53:00,37.0,,79.0,30.39,7.0,Calm,,,Clear,False,False,False,False,False,False,False,False,False,False,False,False,False,Night,31.7_-84.4
A-219598,2,2017-07-20 13:58:25,2017-07-20 19:58:25,31.77246400000001,-84.44815,0.081,Dawson,Terrell,GA,39842,US/Eastern,KABY,2017-07-20 13:53:00,93.9,,54.0,30.09,10.0,West,5.8,,Mostly Cloudy,False,False,False,False,False,False,False,False,False,False,False,False,False,Day,31.7_-84.4
A-219599,2,2017-07-20 14:02:10,2017-07-20 20:02:10,31.77363,-84.44811,0.081,Dawson,Terrell,GA,39842-1624,US/Eastern,KABY,2017-07-20 13:53:00,93.9,,54.0,30.09,10.0,West,5.8,,Mostly Cloudy,False,False,True,False,False,False,False,False,False,False,False,True,False,Day,31.7_-84.4
A-2571292,2,2018-11-06 08:47:15,2018-11-06 09:16:38,31.719197,-84.45102,1.505,Dawson,Terrell,GA,39842-4557,US/Eastern,KABY,2018-11-06 08:53:00,77.0,,84.0,30.03,7.0,SSW,9.2,,Overcast,False,False,False,False,False,False,False,False,False,False,False,False,False,Day,31.7_-84.4
A-2710552,4,2018-01-30 16:25:04,2018-01-30 22:25:04,31.76997,-84.497132,0.27,Dawson,Terrell,GA,39842,US/Eastern,KABY,2018-01-30 16:53:00,54.0,,24.0,30.31,10.0,NNE,8.1,,Clear,False,False,False,False,False,False,False,False,False,False,False,False,False,Day,31.7_-84.4
