ID,Severity,Start_Time,End_Time,Start_Lat,Start_Lng,Distance(mi),City,County,State,Zipcode,Timezone,Airport_Code,Weather_Timestamp,Temperature(F),Wind_Chill(F),Humidity(%),Pressure(in),Visibility(mi),Wind_Direction,Wind_Speed(mph),Precipitation(in),Weather_Condition,Amenity,Bump,Crossing,Give_Way,Junction,No_Exit,Railway,Roundabout,Station,Stop,Traffic_Calming,Traffic_Signal,Turning_Loop,Sunrise_Sunset,DF_Matching
A-87505,4,2016-07-20 16:15:47,2016-07-20 22:15:47,34.574213,-85.284389,0.347,Trion,Chattooga,GA,30753-5105,US/Eastern,KRMG,2016-07-20 15:53:00,95.0,,41.0,30.09,10.0,SE,9.2,,Partly Cloudy,False,False,False,False,False,False,False,False,False,False,False,False,False,Day,34.5_-85.2
A-1786035,4,2020-11-26 06:06:00,2020-11-26 09:45:00,34.582338,-85.282487,0.081,Trion,Chattooga,GA,30753-5109,US/Eastern,KRMG,2020-11-26 05:53:00,59.0,59.0,96.0,29.37,0.25,CALM,0.0,0.0,Fog,False,False,False,False,False,False,False,False,False,False,False,False,False,Night,34.5_-85.2
A-1803169,2,2020-11-26 06:06:00,2020-11-26 09:45:00,34.581278000000005,-85.28250200000002,0.049,Trion,Chattooga,GA,30753-5103,US/Eastern,KRMG,2020-11-26 05:53:00,59.0,59.0,96.0,29.37,0.25,CALM,0.0,0.0,Fog,False,False,False,False,False,False,False,False,False,False,False,False,False,Night,34.5_-85.2
A-1829243,2,2020-11-26 06:06:00.000000000,2020-11-26 09:45:00.000000000,34.582338,-85.282487,0.081,Trion,Chattooga,GA,30753-5109,US/Eastern,KRMG,2020-11-26 05:53:00,59.0,59.0,96.0,29.37,0.25,CALM,0.0,0.0,Fog,False,False,False,False,False,False,False,False,False,False,False,False,False,Night,34.5_-85.2
