ID,Severity,Start_Time,End_Time,Start_Lat,Start_Lng,Distance(mi),City,County,State,Zipcode,Timezone,Airport_Code,Weather_Timestamp,Temperature(F),Wind_Chill(F),Humidity(%),Pressure(in),Visibility(mi),Wind_Direction,Wind_Speed(mph),Precipitation(in),Weather_Condition,Amenity,Bump,Crossing,Give_Way,Junction,No_Exit,Railway,Roundabout,Station,Stop,Traffic_Calming,Traffic_Signal,Turning_Loop,Sunrise_Sunset,DF_Matching
A-65394,2,2016-10-11 09:56:53,2016-10-11 15:56:53,33.456472999999995,-83.90369399999999,0.01,Covington,Newton,GA,30016-5503,US/Eastern,K9A1,2016-10-11 09:45:00,57.0,57.0,67.0,29.24,10.0,ENE,7.0,,Fair,False,False,False,False,False,False,False,False,False,False,False,False,False,Day,33.4_-83.9
A-87179,4,2016-07-19 17:38:52,2016-07-19 23:38:52,33.48879,-83.91695,1.044,Covington,Newton,GA,30016-5563,US/Eastern,K9A1,2016-07-19 17:45:00,97.0,97.0,47.0,29.01,10.0,NE,6.0,,Fair,False,False,False,False,False,False,False,False,False,False,False,False,False,Day,33.4_-83.9
A-2502083,4,2019-03-11 11:18:06,2019-03-11 11:47:31,33.482146,-83.91552800000002,0.632,Covington,Newton,GA,30016-5547,US/Eastern,K9A1,2019-03-11 10:56:00,66.0,66.0,43.0,29.1,10.0,E,7.0,0.0,Cloudy,False,False,False,False,False,False,False,False,False,False,False,False,False,Day,33.4_-83.9
A-2502084,4,2019-03-11 11:18:06,2019-03-11 11:47:31,33.473355,-83.912515,0.632,Covington,Newton,GA,30016-8558,US/Eastern,K9A1,2019-03-11 10:56:00,66.0,66.0,43.0,29.1,10.0,E,7.0,0.0,Cloudy,False,False,False,False,False,False,False,False,False,False,False,False,False,Day,33.4_-83.9
A-2645363,4,2018-06-19 10:22:00,2018-06-19 16:22:00,33.470705,-83.911433,0.185,Covington,Newton,GA,30016-6300,US/Eastern,K9A1,2018-06-19 09:56:00,84.0,84.0,67.0,28.95,10.0,VAR,5.0,0.0,Fair,False,False,False,False,False,False,False,False,False,False,False,False,False,Day,33.4_-83.9
A-2704106,4,2018-01-16 05:25:51,2018-01-16 11:25:51,33.490246,-83.96499200000002,1.534,Covington,Newton,GA,30016-5007,US/Eastern,K9A1,2018-01-16 04:56:00,23.0,23.0,88.0,,10.0,CALM,0.0,0.0,Fair,False,False,False,False,False,False,False,False,False,False,False,False,False,Night,33.4_-83.9
A-2705415,2,2018-01-18 20:17:13,2018-01-19 02:17:13,33.44112,-83.99913000000002,0.0,Mcdonough,Henry,GA,30252-5735,US/Eastern,K9A1,2018-01-18 19:56:00,34.0,29.0,35.0,29.18,10.0,W,6.0,0.0,Fair,False,False,False,False,False,False,False,False,False,False,False,False,False,Night,33.4_-83.9
A-2754837,4,2017-09-21 01:33:57,2017-09-21 07:33:57,33.487212,-83.949895,0.696,Covington,Newton,GA,30016,US/Eastern,K9A1,2017-09-21 06:45:00,66.0,66.0,94.0,28.94,10.0,CALM,0.0,,Fair,False,False,False,False,False,False,False,False,False,False,False,False,False,Night,33.4_-83.9
A-2754838,4,2017-09-21 01:33:57,2017-09-21 07:33:57,33.480296,-83.94111,0.696,Covington,Newton,GA,30016-5525,US/Eastern,K9A1,2017-09-21 06:45:00,66.0,66.0,94.0,28.94,10.0,CALM,0.0,,Fair,False,False,False,False,False,False,False,False,False,False,False,False,False,Night,33.4_-83.9
