ID,Severity,Start_Time,End_Time,Start_Lat,Start_Lng,Distance(mi),City,County,State,Zipcode,Timezone,Airport_Code,Weather_Timestamp,Temperature(F),Wind_Chill(F),Humidity(%),Pressure(in),Visibility(mi),Wind_Direction,Wind_Speed(mph),Precipitation(in),Weather_Condition,Amenity,Bump,Crossing,Give_Way,Junction,No_Exit,Railway,Roundabout,Station,Stop,Traffic_Calming,Traffic_Signal,Turning_Loop,Sunrise_Sunset,DF_Matching
A-488903,2,2021-12-01 09:52:00.000000000,2021-12-01 12:45:00.000000000,31.417959000000003,-83.35685600000002,0.144,Enigma,Berrien,GA,31749,US/Eastern,KTMA,,,,,,,,,,,False,False,False,False,False,False,False,False,False,False,False,False,False,Day,31.4_-83.3
A-882774,2,2021-12-11 17:04:09,2021-12-11 17:25:06,31.418699,-83.390711,0.362,Tifton,Tift,GA,31794-9256,US/Eastern,KTMA,2021-12-11 16:55:00,76.0,76.0,70.0,29.6,,S,10.0,0.0,,False,False,False,False,False,False,False,False,False,False,False,False,False,Day,31.4_-83.3
A-1072407,2,2021-12-01 10:48:00,2021-12-01 11:21:30,31.417959000000003,-83.35685600000002,0.625,Enigma,Berrien,GA,31749,US/Eastern,KTMA,,,,,,,,,,,False,False,False,False,False,False,False,False,False,False,False,False,False,Day,31.4_-83.3
A-1383372,2,2021-12-11 16:10:00,2021-12-11 18:15:00,31.418434,-83.384578,0.132,Enigma,Tift,GA,31749,US/Eastern,KTMA,2021-12-11 16:15:00,78.0,78.0,65.0,29.6,,SSW,12.0,0.0,,False,False,False,False,False,False,False,False,False,False,False,False,False,Day,31.4_-83.3
A-1401951,2,2021-12-01 09:52:00.000000000,2021-12-01 12:45:00.000000000,31.417959000000003,-83.35685600000002,0.144,Enigma,Berrien,GA,31749,US/Eastern,KTMA,,,,,,,,,,,False,False,False,False,False,False,False,False,False,False,False,False,False,Day,31.4_-83.3
A-1481836,2,2021-12-22 07:38:00,2021-12-22 10:30:00,31.417099,-83.351534,0.1939999999999999,Enigma,Berrien,GA,31749,US/Eastern,KTMA,2021-12-22 07:35:00,40.0,35.0,95.0,29.55,10.0,W,8.0,0.0,Fair,False,False,False,False,False,False,False,False,False,False,False,False,False,Day,31.4_-83.3
A-2513178,4,2019-03-03 19:32:13,2019-03-03 20:01:49,31.412371000000004,-83.324134,0.752,Enigma,Berrien,GA,31749,US/Eastern,KTMA,2019-03-03 19:35:00,66.9,,100.0,29.8,7.0,West,10.4,,Heavy Thunderstorms and Rain,False,False,False,False,False,False,False,False,False,False,False,False,False,Night,31.4_-83.3
