ID,Severity,Start_Time,End_Time,Start_Lat,Start_Lng,Distance(mi),City,County,State,Zipcode,Timezone,Airport_Code,Weather_Timestamp,Temperature(F),Wind_Chill(F),Humidity(%),Pressure(in),Visibility(mi),Wind_Direction,Wind_Speed(mph),Precipitation(in),Weather_Condition,Amenity,Bump,Crossing,Give_Way,Junction,No_Exit,Railway,Roundabout,Station,Stop,Traffic_Calming,Traffic_Signal,Turning_Loop,Sunrise_Sunset,DF_Matching
A-90033,4,2016-07-29 10:22:20,2016-07-29 16:22:20,32.55869000000001,-84.23902,0.216,Butler,Taylor,GA,31006-4505,US/Eastern,K6A1,,,,,,,,,,,False,False,False,False,False,False,False,False,False,False,False,False,False,Day,32.5_-84.2
A-90037,4,2016-07-29 10:22:20,2016-07-29 16:22:20,32.557158,-84.238091,0.034,Butler,Taylor,GA,31006,US/Eastern,K6A1,,,,,,,,,,,False,False,False,False,False,False,False,False,False,True,False,False,False,Day,32.5_-84.2
A-175735,3,2017-04-14 07:55:15,2017-04-14 13:55:15,32.54443,-84.24257,0.047,Butler,Taylor,GA,31006,US/Eastern,K6A1,2017-04-14 07:55:00,59.9,,96.0,30.29,10.0,Calm,,,,False,False,False,False,False,False,False,False,False,False,False,True,False,Day,32.5_-84.2
A-1066671,2,2021-11-18 16:55:00,2021-11-18 18:10:00,32.558658,-84.237527,0.057,Butler,Taylor,GA,31006-4518,US/Eastern,K6A1,2021-11-18 16:55:00,75.0,75.0,57.0,29.72,10.0,SW,5.0,0.0,Mostly Cloudy,False,False,True,False,False,False,True,False,False,False,False,False,False,Day,32.5_-84.2
A-1850971,4,2020-11-27 13:32:00,2020-11-27 15:45:00,32.547043,-84.250761,0.133,Butler,Taylor,GA,31006,US/Eastern,K6A1,2020-11-27 13:35:00,73.0,73.0,47.0,29.65,10.0,CALM,0.0,0.0,Fair,False,False,False,False,False,False,False,False,False,False,False,False,False,Day,32.5_-84.2
A-2515536,4,2019-02-04 10:35:59,2019-02-04 11:05:15,32.54401,-84.225414,0.996,Butler,Taylor,GA,31006,US/Eastern,K6A1,2019-02-04 10:35:00,52.0,52.0,100.0,29.68,0.25,CALM,0.0,0.0,Fog,False,False,False,False,False,False,False,False,False,False,False,False,False,Day,32.5_-84.2
A-2572747,4,2018-11-08 13:20:13,2018-11-08 15:20:02,32.55368,-84.26353,0.142,Butler,Taylor,GA,31006,US/Eastern,K6A1,2018-11-08 13:15:00,64.6,,99.0,30.07,4.0,ENE,4.6,,Light Drizzle,False,False,False,False,False,False,False,False,False,False,False,False,False,Day,32.5_-84.2
A-2821051,4,2019-07-01 19:25:07,2019-07-01 19:53:25,32.578751000000004,-84.23837900000002,0.446,Butler,Taylor,GA,31006,US/Eastern,K6A1,2019-07-01 19:35:00,91.0,91.0,53.0,29.52,10.0,W,6.0,0.0,Partly Cloudy,False,False,False,False,False,False,False,False,False,False,False,False,False,Day,32.5_-84.2
