ID,Severity,Start_Time,End_Time,Start_Lat,Start_Lng,Distance(mi),City,County,State,Zipcode,Timezone,Airport_Code,Weather_Timestamp,Temperature(F),Wind_Chill(F),Humidity(%),Pressure(in),Visibility(mi),Wind_Direction,Wind_Speed(mph),Precipitation(in),Weather_Condition,Amenity,Bump,Crossing,Give_Way,Junction,No_Exit,Railway,Roundabout,Station,Stop,Traffic_Calming,Traffic_Signal,Turning_Loop,Sunrise_Sunset,DF_Matching
A-81278,3,2016-06-24 21:43:49,2016-06-25 03:43:49,34.25287,-85.35526999999998,0.039,Rome,Floyd,GA,30165,US/Eastern,KRMG,2016-06-24 21:53:00,82.9,,63.0,29.98,10.0,Calm,,,Clear,False,False,False,False,False,False,False,False,False,False,False,False,False,Night,34.2_-85.3
A-559252,2,2021-11-16 17:20:00,2021-11-16 18:35:00,34.252694,-85.356123,0.024,Rome,Floyd,GA,30165,US/Eastern,KRMG,2021-11-16 16:53:00,73.0,73.0,51.0,29.44,10.0,CALM,0.0,0.0,Partly Cloudy,False,False,False,False,False,False,False,False,False,False,False,False,False,Day,34.2_-85.3
A-858602,2,2021-12-04 20:01:00,2021-12-04 23:00:00,34.262137,-85.308379,0.1669999999999999,Rome,Floyd,GA,30165-9265,US/Eastern,KRMG,2021-12-04 19:53:00,63.0,63.0,84.0,29.42,7.0,WSW,3.0,0.0,Cloudy,False,False,False,False,False,False,False,False,False,False,False,False,False,Night,34.2_-85.3
A-1812245,2,2020-11-24 01:29:00,2020-11-24 04:15:00,34.258078999999995,-85.3434,0.0289999999999999,Rome,Floyd,GA,30165,US/Eastern,KRMG,2020-11-24 01:53:00,34.0,,85.0,29.55,10.0,,,0.0,Fair,False,False,False,False,False,False,False,False,False,False,False,False,False,Night,34.2_-85.3
A-2573547,4,2018-11-09 22:49:37,2018-11-09 23:19:01,34.262195,-85.309979,0.102,Rome,Floyd,GA,30165,US/Eastern,KRMG,2018-11-09 22:53:00,44.1,40.8,76.0,30.19,10.0,NNW,5.8,,Clear,False,False,False,False,False,False,False,False,False,False,False,False,False,Night,34.2_-85.3
A-2573548,4,2018-11-09 22:49:37,2018-11-09 23:19:01,34.26226,-85.311758,0.102,Rome,Floyd,GA,30165-9208,US/Eastern,KRMG,2018-11-09 22:53:00,44.1,40.8,76.0,30.19,10.0,NNW,5.8,,Clear,False,False,False,False,False,False,False,False,False,False,False,False,False,Night,34.2_-85.3
