ID,Severity,Start_Time,End_Time,Start_Lat,Start_Lng,Distance(mi),City,County,State,Zipcode,Timezone,Airport_Code,Weather_Timestamp,Temperature(F),Wind_Chill(F),Humidity(%),Pressure(in),Visibility(mi),Wind_Direction,Wind_Speed(mph),Precipitation(in),Weather_Condition,Amenity,Bump,Crossing,Give_Way,Junction,No_Exit,Railway,Roundabout,Station,Stop,Traffic_Calming,Traffic_Signal,Turning_Loop,Sunrise_Sunset,DF_Matching
A-1533827,2,2021-01-04 16:07:00,2021-01-04 20:15:00,34.413009,-85.154238,0.168,Armuchee,Floyd,GA,30105-2427,US/Eastern,KRMG,2021-01-04 15:53:00,57.0,57.0,44.0,29.32,10.0,SW,7.0,0.0,Fair,False,False,False,False,False,False,False,False,False,True,False,False,False,Day,34.4_-85.1
A-1593687,2,2021-01-04 16:07:00,2021-01-04 17:22:00,34.413009,-85.154238,0.168,Armuchee,Floyd,GA,30105-2427,US/Eastern,KRMG,2021-01-04 15:53:00,57.0,57.0,44.0,29.32,10.0,SW,7.0,0.0,Fair,False,False,False,False,False,False,False,False,False,True,False,False,False,Day,34.4_-85.1
A-1604886,2,2021-01-04 16:07:00,2021-01-04 20:15:00,34.41228,-85.157051,0.07,Armuchee,Floyd,GA,30105-2420,US/Eastern,KRMG,2021-01-04 15:53:00,57.0,57.0,44.0,29.32,10.0,SW,7.0,0.0,Fair,False,False,False,False,False,False,False,False,False,True,False,False,False,Day,34.4_-85.1
A-1610645,2,2021-01-04 17:23:30,2021-01-04 18:35:00,34.410981,-85.161222,0.254,Armuchee,Floyd,GA,30105-2237,US/Eastern,KRMG,2021-01-04 16:53:00,55.0,55.0,51.0,29.32,10.0,CALM,0.0,0.0,Fair,False,False,False,False,False,False,False,False,False,True,False,False,False,Day,34.4_-85.1
A-1665191,2,2021-01-04 16:07:00,2021-01-04 17:22:00,34.41228,-85.157051,0.07,Armuchee,Floyd,GA,30105-2420,US/Eastern,KRMG,2021-01-04 15:53:00,57.0,57.0,44.0,29.32,10.0,SW,7.0,0.0,Fair,False,False,False,False,False,False,False,False,False,True,False,False,False,Day,34.4_-85.1
