ID,Severity,Start_Time,End_Time,Start_Lat,Start_Lng,Distance(mi),City,County,State,Zipcode,Timezone,Airport_Code,Weather_Timestamp,Temperature(F),Wind_Chill(F),Humidity(%),Pressure(in),Visibility(mi),Wind_Direction,Wind_Speed(mph),Precipitation(in),Weather_Condition,Amenity,Bump,Crossing,Give_Way,Junction,No_Exit,Railway,Roundabout,Station,Stop,Traffic_Calming,Traffic_Signal,Turning_Loop,Sunrise_Sunset,DF_Matching
A-43637,2,2017-01-11 09:18:18,2017-01-11 15:18:18,31.46143,-83.61478000000002,0.0,Tifton,Tift,GA,31793-6704,US/Eastern,KTMA,2017-01-11 09:15:00,56.3,,96.0,30.38,10.0,SSE,5.8,,Clear,False,False,False,False,False,False,False,False,False,False,False,False,False,Day,31.4_-83.6
A-428559,2,2021-10-11 04:41:00,2021-10-11 08:00:00,31.480611,-83.687279,0.216,Sumner,Worth,GA,31789,US/Eastern,KTMA,2021-10-11 04:35:00,64.0,64.0,98.0,29.55,10.0,CALM,0.0,0.0,Fair,False,False,False,False,False,False,False,False,False,False,False,False,False,Night,31.4_-83.6
A-691782,2,2021-10-11 04:56:30,2021-10-11 05:28:30,31.482376,-83.692161,0.529,Sumner,Worth,GA,31789,US/Eastern,KTMA,2021-10-11 04:55:00,64.0,64.0,97.0,29.55,10.0,CALM,0.0,0.0,Fair,False,False,False,False,False,False,False,False,False,False,False,False,False,Night,31.4_-83.6
A-800482,4,2021-10-11 04:41:00,2021-10-11 06:45:00,31.480611,-83.687279,0.216,Sumner,Worth,GA,31789,US/Eastern,KTMA,2021-10-11 04:35:00,64.0,64.0,98.0,29.55,10.0,CALM,0.0,0.0,Fair,False,False,False,False,False,False,False,False,False,False,False,False,False,Night,31.4_-83.6
