ID,Severity,Start_Time,End_Time,Start_Lat,Start_Lng,Distance(mi),City,County,State,Zipcode,Timezone,Airport_Code,Weather_Timestamp,Temperature(F),Wind_Chill(F),Humidity(%),Pressure(in),Visibility(mi),Wind_Direction,Wind_Speed(mph),Precipitation(in),Weather_Condition,Amenity,Bump,Crossing,Give_Way,Junction,No_Exit,Railway,Roundabout,Station,Stop,Traffic_Calming,Traffic_Signal,Turning_Loop,Sunrise_Sunset,DF_Matching
A-34977,2,2016-12-12 06:21:39,2016-12-12 12:21:39,33.66652,-84.03335,1.836,Conyers,Rockdale,GA,30012,US/Eastern,K9A1,2016-12-12 06:45:00,45.0,45.0,71.0,28.94,10.0,CALM,0.0,,Cloudy,False,False,False,False,False,False,False,False,False,False,False,False,False,Night,33.6_-84.0
A-34999,3,2016-12-12 06:53:43,2016-12-12 12:53:43,33.65446,-84.00786,1.089,Conyers,Rockdale,GA,30012,US/Eastern,K9A1,2016-12-12 06:45:00,45.0,45.0,71.0,28.94,10.0,CALM,0.0,,Cloudy,False,False,False,False,False,False,False,False,False,False,False,False,False,Night,33.6_-84.0
A-36028,2,2016-12-14 11:01:09,2016-12-14 17:01:09,33.65318,-84.00610999999998,0.095,Conyers,Rockdale,GA,30013,US/Eastern,K9A1,2016-12-14 10:45:00,48.0,45.0,76.0,29.01,10.0,W,7.0,,Fair,False,False,False,False,False,False,False,False,False,False,False,True,False,Day,33.6_-84.0
A-40003,2,2016-12-27 18:42:50,2016-12-28 00:42:50,33.66658,-84.03393,0.534,Conyers,Rockdale,GA,30012,US/Eastern,K9A1,2016-12-27 18:45:00,64.0,,83.0,29.01,10.0,,,,Cloudy,False,False,False,False,True,False,False,False,False,False,False,False,False,Night,33.6_-84.0
A-46334,3,2017-01-21 17:53:22,2017-01-21 23:53:22,33.68572,-84.06567,2.254,Conyers,Rockdale,GA,30012,US/Eastern,K9A1,2017-01-21 17:45:00,63.0,63.0,77.0,28.53,7.0,ENE,6.0,,Cloudy,False,False,False,False,True,False,False,False,False,False,False,False,False,Day,33.6_-84.0
A-53325,2,2016-11-10 09:27:54,2016-11-10 15:27:54,33.69825,-84.08423,0.906,Conyers,DeKalb,GA,30012,US/Eastern,K9A1,2016-11-10 09:45:00,50.0,50.0,62.0,29.09,7.0,WSW,5.0,,Partly Cloudy,False,False,False,False,True,False,False,False,False,False,False,False,False,Day,33.6_-84.0
A-54157,3,2016-11-14 08:34:54,2016-11-14 14:34:54,33.652159999999995,-84.00200000000002,0.373,Conyers,Rockdale,GA,30013,US/Eastern,K9A1,2016-11-14 08:45:00,46.0,44.0,76.0,28.96,5.0,W,5.0,,Smoke,False,False,False,False,True,False,False,False,False,False,False,False,False,Day,33.6_-84.0
A-57859,3,2016-11-27 13:29:17,2016-11-27 19:29:17,33.652159999999995,-84.00200000000002,0.373,Conyers,Rockdale,GA,30013,US/Eastern,K9A1,2016-11-27 13:45:00,57.0,57.0,36.0,29.04,10.0,CALM,0.0,,Cloudy,False,False,False,False,True,False,False,False,False,False,False,False,False,Day,33.6_-84.0
A-60728,3,2016-09-22 19:55:58,2016-09-23 01:55:58,33.653191,-84.006097,0.001,Conyers,Rockdale,GA,30013,US/Eastern,K9A1,2016-09-22 19:45:00,82.0,82.0,58.0,28.88,10.0,CALM,0.0,,Mostly Cloudy,False,False,False,False,False,False,False,False,False,False,False,True,False,Night,33.6_-84.0
A-61116,2,2016-09-23 18:09:50,2016-09-24 00:09:50,33.65498,-84.0103,0.45,Conyers,Rockdale,GA,30012,US/Eastern,K9A1,2016-09-23 17:45:00,88.0,88.0,49.0,28.89,10.0,VAR,6.0,,Partly Cloudy,False,False,False,False,True,False,False,False,False,False,False,False,False,Day,33.6_-84.0
A-61825,2,2016-09-27 09:16:13,2016-09-27 15:16:13,33.652159999999995,-84.00200000000002,0.373,Conyers,Rockdale,GA,30013,US/Eastern,K9A1,2016-09-27 09:45:00,72.0,72.0,83.0,28.87,10.0,CALM,0.0,,Fair,False,False,False,False,True,False,False,False,False,False,False,False,False,Day,33.6_-84.0
A-63313,3,2016-10-02 17:56:55,2016-10-02 23:56:55,33.66658,-84.03393,0.534,Conyers,Rockdale,GA,30012,US/Eastern,K9A1,2016-10-02 17:45:00,79.0,79.0,42.0,28.91,10.0,WNW,6.0,,Cloudy,False,False,False,False,True,False,False,False,False,False,False,False,False,Day,33.6_-84.0
A-65035,3,2016-10-08 09:45:34,2016-10-08 15:45:34,33.66171,-84.02468,0.599,Conyers,Rockdale,GA,30012,US/Eastern,K9A1,2016-10-08 09:45:00,75.0,75.0,73.0,28.7,10.0,NNW,12.0,,Cloudy,False,False,False,False,False,False,False,False,False,False,False,False,False,Day,33.6_-84.0
A-67554,2,2016-10-18 17:59:57,2016-10-18 23:59:57,33.65498,-84.0103,0.45,Conyers,Rockdale,GA,30012,US/Eastern,K9A1,2016-10-18 17:45:00,82.0,82.0,45.0,28.89,10.0,SW,5.0,,Partly Cloudy,False,False,False,False,True,False,False,False,False,False,False,False,False,Day,33.6_-84.0
A-71388,3,2016-08-12 10:09:04,2016-08-12 16:09:04,33.653191,-84.006097,0.001,Conyers,Rockdale,GA,30013,US/Eastern,K9A1,2016-08-12 09:45:00,79.0,79.0,89.0,28.93,7.0,E,7.0,,Mostly Cloudy,False,False,False,False,False,False,False,False,False,False,False,True,False,Day,33.6_-84.0
A-75292,3,2016-08-26 06:16:59,2016-08-26 12:16:59,33.65498,-84.0103,0.45,Conyers,Rockdale,GA,30012,US/Eastern,K9A1,2016-08-26 06:45:00,72.0,72.0,94.0,28.98,10.0,CALM,0.0,,Fair,False,False,False,False,True,False,False,False,False,False,False,False,False,Night,33.6_-84.0
A-76798,3,2016-08-31 16:56:50,2016-08-31 22:56:50,33.680620000000005,-84.06195,0.381,Conyers,Rockdale,GA,30012,US/Eastern,K9A1,2016-08-31 20:45:00,81.0,81.0,61.0,28.79,10.0,CALM,0.0,,Fair,False,False,False,False,True,False,False,False,False,False,False,False,False,Day,33.6_-84.0
A-79567,3,2016-09-10 20:39:00,2016-09-11 02:39:00,33.66467,-84.03153,0.051,Conyers,Rockdale,GA,30094-5102,US/Eastern,K9A1,2016-09-10 20:45:00,81.0,81.0,58.0,28.93,10.0,SSW,6.0,,Fair,False,False,False,False,False,False,False,False,False,False,False,False,False,Night,33.6_-84.0
A-84584,4,2016-07-07 20:09:36,2016-07-08 02:09:36,33.651535,-84.007992,0.325,Conyers,Rockdale,GA,30013-1286,US/Eastern,K9A1,2016-07-07 19:45:00,90.0,90.0,52.0,28.9,10.0,W,17.0,,Partly Cloudy,False,False,False,False,False,False,False,False,False,False,False,False,False,Day,33.6_-84.0
A-87304,3,2016-07-20 07:13:54,2016-07-20 13:13:54,33.66171,-84.02468,0.599,Conyers,Rockdale,GA,30012,US/Eastern,K9A1,2016-07-20 06:45:00,72.0,72.0,94.0,29.04,10.0,CALM,0.0,,Fair,False,False,False,False,False,False,False,False,False,False,False,False,False,Day,33.6_-84.0
A-89128,3,2016-07-26 18:24:47,2016-07-27 00:24:47,33.652159999999995,-84.00200000000002,0.373,Conyers,Rockdale,GA,30013,US/Eastern,K9A1,2016-07-26 18:45:00,91.0,91.0,43.0,28.86,10.0,SSW,7.0,,Fair,False,False,False,False,True,False,False,False,False,False,False,False,False,Day,33.6_-84.0
A-141105,2,2017-02-10 15:13:42,2017-02-10 21:13:42,33.66658,-84.03393,0.534,Conyers,Rockdale,GA,30012,US/Eastern,K9A1,2017-02-10 14:45:00,59.0,59.0,20.0,29.17,10.0,SSW,7.0,,Fair,False,False,False,False,True,False,False,False,False,False,False,False,False,Day,33.6_-84.0
A-157371,4,2017-03-15 09:05:44,2017-03-15 15:05:44,33.65255,-84.00305,1.544,Conyers,Rockdale,GA,30013,US/Eastern,K9A1,2017-03-15 08:45:00,27.0,16.0,55.0,29.07,10.0,WNW,12.0,,Fair,False,False,False,False,False,False,False,False,False,False,False,False,False,Day,33.6_-84.0
A-157638,3,2017-03-15 20:46:55,2017-03-16 02:46:55,33.652159999999995,-84.00200000000002,0.373,Conyers,Rockdale,GA,30013,US/Eastern,K9A1,2017-03-15 20:45:00,36.0,29.0,33.0,29.13,10.0,WNW,9.0,,Fair,False,False,False,False,True,False,False,False,False,False,False,False,False,Night,33.6_-84.0
A-174544,2,2017-04-10 12:36:29,2017-04-10 18:36:29,33.68572,-84.06567,0.55,Conyers,Rockdale,GA,30012,US/Eastern,K9A1,2017-04-10 12:45:00,73.0,73.0,44.0,29.17,10.0,SSW,7.0,,Fair,False,False,False,False,True,False,False,False,False,False,False,False,False,Day,33.6_-84.0
A-176840,2,2017-04-19 09:59:46,2017-04-19 15:59:46,33.65498,-84.0103,0.45,Conyers,Rockdale,GA,30012,US/Eastern,K9A1,2017-04-19 09:45:00,61.0,61.0,94.0,29.17,2.0,ENE,9.0,,Fog,False,False,False,False,True,False,False,False,False,False,False,False,False,Day,33.6_-84.0
A-180597,3,2017-05-04 08:06:27,2017-05-04 14:06:27,33.68332,-84.00058,0.024,Conyers,Rockdale,GA,30012,US/Eastern,K9A1,2017-05-04 07:45:00,63.0,63.0,72.0,28.82,7.0,CALM,0.0,,Cloudy,False,False,False,False,False,False,False,False,False,False,False,True,False,Day,33.6_-84.0
A-188415,3,2017-05-08 15:48:32,2017-05-08 21:48:32,33.68572,-84.06567,0.352,Conyers,Rockdale,GA,30012,US/Eastern,K9A1,2017-05-08 15:45:00,75.0,75.0,44.0,28.93,10.0,W,10.0,,Fair,False,False,False,False,True,False,False,False,False,False,False,False,False,Day,33.6_-84.0
A-188742,4,2017-05-09 15:30:32,2017-05-09 21:30:32,33.679469,-84.061339,1.4369999999999998,Conyers,Rockdale,GA,30012,US/Eastern,K9A1,2017-05-09 15:45:00,84.0,84.0,37.0,28.91,10.0,W,12.0,,Fair,False,False,False,False,False,False,False,False,False,False,False,False,False,Day,33.6_-84.0
A-191594,4,2017-05-20 23:56:17,2017-05-21 05:56:17,33.66171,-84.02468,2.85,Conyers,Rockdale,GA,30012,US/Eastern,K9A1,2017-05-20 20:45:00,68.0,68.0,94.0,28.96,7.0,CALM,0.0,,Mostly Cloudy,False,False,False,False,False,False,False,False,False,False,False,False,False,Night,33.6_-84.0
A-191600,4,2017-05-21 02:59:17,2017-05-21 08:59:17,33.69825,-84.08423,3.401,Conyers,DeKalb,GA,30012,US/Eastern,K9A1,2017-05-21 06:45:00,66.0,66.0,94.0,28.97,4.0,E,10.0,,Cloudy,False,False,False,False,True,False,False,False,False,False,False,False,False,Night,33.6_-84.0
A-192602,3,2017-05-24 14:38:46,2017-05-24 20:38:46,33.66658,-84.03393,1.578,Conyers,Rockdale,GA,30012,US/Eastern,K9A1,2017-05-24 14:45:00,77.0,77.0,61.0,28.4,10.0,SW,12.0,,Cloudy,False,False,False,False,True,False,False,False,False,False,False,False,False,Day,33.6_-84.0
A-193158,3,2017-05-26 06:29:49,2017-05-26 12:29:49,33.655324,-84.010987,0.0,Conyers,Rockdale,GA,30012,US/Eastern,K9A1,2017-05-26 06:45:00,52.0,52.0,88.0,28.88,10.0,CALM,0.0,,Fair,False,False,False,False,False,False,False,False,False,False,False,False,False,Day,33.6_-84.0
A-193614,3,2017-05-28 06:47:48,2017-05-28 12:47:48,33.69748,-84.08314,1.625,Conyers,DeKalb,GA,30012,US/Eastern,K9A1,2017-05-28 06:45:00,64.0,64.0,94.0,28.9,3.0,WNW,7.0,,Mostly Cloudy,False,False,False,False,False,False,False,False,False,False,False,False,False,Day,33.6_-84.0
A-193621,3,2017-05-28 06:59:48,2017-05-28 13:11:48,33.69789,-84.08388000000002,1.676,Conyers,DeKalb,GA,30012,US/Eastern,K9A1,2017-05-28 06:45:00,64.0,64.0,94.0,28.9,3.0,WNW,7.0,,Mostly Cloudy,False,False,False,False,False,False,False,False,False,False,False,False,False,Day,33.6_-84.0
A-193623,3,2017-05-28 07:11:48,2017-05-28 13:46:18,33.68572,-84.06567,0.352,Conyers,Rockdale,GA,30012,US/Eastern,K9A1,2017-05-28 06:45:00,64.0,64.0,94.0,28.9,3.0,WNW,7.0,,Mostly Cloudy,False,False,False,False,True,False,False,False,False,False,False,False,False,Day,33.6_-84.0
A-194412,2,2017-05-31 18:25:57,2017-06-01 00:25:57,33.66658,-84.03393,0.534,Conyers,Rockdale,GA,30012,US/Eastern,K9A1,2017-05-31 18:45:00,82.0,82.0,51.0,28.94,10.0,W,8.0,,Fair,False,False,False,False,True,False,False,False,False,False,False,False,False,Day,33.6_-84.0
A-209486,3,2017-07-05 14:05:32,2017-07-05 20:05:32,33.66658,-84.03393,0.534,Conyers,Rockdale,GA,30012,US/Eastern,K9A1,2017-07-05 13:45:00,88.0,88.0,62.0,29.03,10.0,W,7.0,,Mostly Cloudy,False,False,False,False,True,False,False,False,False,False,False,False,False,Day,33.6_-84.0
A-229152,2,2021-09-08 07:01:00,2021-09-08 08:16:00,33.665085999999995,-84.021914,0.143,Conyers,Rockdale,GA,30012-5374,US/Eastern,K9A1,2021-09-08 07:05:00,70.0,70.0,100.0,,0.5,CALM,0.0,0.0,Fog,False,False,False,False,False,False,False,False,False,False,False,False,False,Night,33.6_-84.0
A-246295,2,2021-11-18 13:40:00.000000000,2021-11-18 18:45:00.000000000,33.655156,-84.01043299999998,1.153,Conyers,Rockdale,GA,30012,US/Eastern,K9A1,2021-11-18 13:56:00,72.0,72.0,55.0,29.05,10.0,WSW,12.0,0.0,Mostly Cloudy,False,False,False,False,True,False,False,False,False,False,False,False,False,Day,33.6_-84.0
A-268649,2,2021-10-21 21:25:30,2021-10-21 22:48:30,33.68099,-84.0622,1.078,Conyers,Rockdale,GA,30012,US/Eastern,K9A1,2021-10-21 20:56:00,65.0,65.0,90.0,28.95,10.0,SSW,3.0,0.0,Fair,False,False,False,False,True,False,False,False,False,False,False,False,False,Night,33.6_-84.0
A-281131,2,2021-11-12 06:30:00,2021-11-12 07:45:00,33.62990300000001,-84.091608,0.6659999999999999,Conyers,Rockdale,GA,30094,US/Eastern,K9A1,2021-11-12 06:56:00,48.0,48.0,93.0,28.97,10.0,W,3.0,0.0,Fair,False,False,False,False,False,False,False,False,False,False,False,False,False,Night,33.6_-84.0
A-300493,2,2021-11-23 06:08:00,2021-11-23 07:33:00,33.660893,-84.023771,0.863,Conyers,Rockdale,GA,30012,US/Eastern,K9A1,2021-11-23 05:56:00,31.0,31.0,72.0,29.03,10.0,CALM,0.0,0.0,Fair,False,False,False,False,False,False,False,False,False,False,False,False,False,Night,33.6_-84.0
A-302374,2,2021-10-10 12:41:34,2021-10-10 14:52:01,33.671892,-84.048903,4.793,Conyers,Rockdale,GA,30012,US/Eastern,K9A1,2021-10-10 12:56:00,,,,28.92,10.0,VAR,5.0,0.0,Partly Cloudy,False,False,False,False,False,False,False,False,False,False,False,False,False,Day,33.6_-84.0
A-323887,2,2021-12-26 13:35:00,2021-12-26 14:52:00,33.663191999999995,-84.026816,1.408,Conyers,Rockdale,GA,30012,US/Eastern,K9A1,2021-12-26 13:37:00,72.0,72.0,60.0,28.89,10.0,VAR,5.0,0.0,Partly Cloudy,False,False,False,False,False,False,False,False,False,False,False,False,False,Day,33.6_-84.0
A-378136,2,2021-12-12 13:53:00,2021-12-12 15:08:00,33.636923,-84.014452,0.067,Conyers,Rockdale,GA,30013-2049,US/Eastern,K9A1,2021-12-12 13:56:00,56.0,56.0,45.0,29.13,10.0,VAR,3.0,0.0,Fair,False,False,False,False,False,False,False,False,False,False,False,False,False,Day,33.6_-84.0
A-395456,2,2021-08-15 02:47:00,2021-08-15 04:45:00,33.685551000000004,-84.06535500000003,1.394,Conyers,Rockdale,GA,30012,US/Eastern,K9A1,2021-08-15 02:56:00,71.0,71.0,90.0,29.0,10.0,NE,3.0,0.0,Partly Cloudy,False,False,False,False,True,False,False,False,False,False,False,False,False,Night,33.6_-84.0
A-399879,2,2021-12-02 07:20:00,2021-12-02 08:55:00,33.666583,-84.03355400000002,1.898,Conyers,Rockdale,GA,30012,US/Eastern,K9A1,2021-12-02 06:56:00,47.0,42.0,77.0,28.95,10.0,W,10.0,0.0,Fair,False,False,False,False,False,False,False,False,False,False,False,False,False,Night,33.6_-84.0
A-430256,2,2021-10-21 21:51:00.000000000,2021-10-21 23:06:00.000000000,33.685551000000004,-84.06535500000003,1.394,Conyers,Rockdale,GA,30012,US/Eastern,K9A1,2021-10-21 21:56:00,63.0,63.0,93.0,28.94,10.0,SSW,3.0,0.0,Fair,False,False,False,False,True,False,False,False,False,False,False,False,False,Night,33.6_-84.0
A-449664,2,2021-12-02 07:20:00.000000000,2021-12-02 09:45:00.000000000,33.666583,-84.03355400000002,1.898,Conyers,Rockdale,GA,30012,US/Eastern,K9A1,2021-12-02 06:56:00,47.0,42.0,77.0,28.95,10.0,W,10.0,0.0,Fair,False,False,False,False,False,False,False,False,False,False,False,False,False,Night,33.6_-84.0
A-472296,4,2021-11-23 06:08:00,2021-11-23 07:33:00,33.654459,-84.007977,1.091,Conyers,Rockdale,GA,30012,US/Eastern,K9A1,2021-11-23 05:56:00,31.0,31.0,72.0,29.03,10.0,CALM,0.0,0.0,Fair,False,False,False,False,False,False,False,False,False,False,False,False,False,Night,33.6_-84.0
A-476141,2,2021-12-22 23:27:00,2021-12-23 02:28:00,33.674607,-84.05565899999998,1.6569999999999998,Conyers,Rockdale,GA,30012,US/Eastern,K9A1,2021-12-22 23:56:00,37.0,37.0,57.0,28.97,10.0,W,3.0,0.0,Fair,False,False,False,False,False,False,False,False,False,False,False,False,False,Night,33.6_-84.0
A-489211,2,2021-12-05 05:11:00.000000000,2021-12-05 06:26:00.000000000,33.654953000000006,-84.00417900000002,0.075,Conyers,Rockdale,GA,30013,US/Eastern,K9A1,2021-12-05 05:14:00,48.0,48.0,100.0,29.0,4.0,CALM,0.0,0.0,Mostly Cloudy,False,False,False,False,False,False,False,False,False,False,False,False,False,Night,33.6_-84.0
A-489954,2,2021-10-10 14:37:00,2021-10-10 17:15:00,33.666673,-84.03420799999998,0.746,Conyers,Rockdale,GA,30012,US/Eastern,K9A1,2021-10-10 14:56:00,,,,28.88,10.0,CALM,0.0,0.0,Fair,False,False,False,False,True,False,False,False,False,False,False,False,False,Day,33.6_-84.0
A-514859,4,2021-11-12 06:30:00.000000000,2021-11-12 11:45:00.000000000,33.625021999999994,-84.082881,1.513,Conyers,Rockdale,GA,30094,US/Eastern,K9A1,2021-11-12 06:56:00,48.0,48.0,93.0,28.97,10.0,W,3.0,0.0,Fair,False,False,False,False,False,False,False,False,False,False,False,False,False,Night,33.6_-84.0
A-524290,2,2021-12-22 18:56:00,2021-12-22 20:27:00,33.660096,-84.022631,1.081,Conyers,Rockdale,GA,30012,US/Eastern,K9A1,2021-12-22 18:56:00,44.0,40.0,45.0,28.9,10.0,W,8.0,0.0,Fair,False,False,False,False,False,False,False,False,False,False,False,False,False,Night,33.6_-84.0
A-538703,2,2021-12-16 14:18:43,2021-12-16 19:30:44,33.686693,-84.06618,2.779,Conyers,Rockdale,GA,30012,US/Eastern,K9A1,2021-12-16 14:20:00,63.0,63.0,72.0,29.08,10.0,SW,3.0,0.0,Mostly Cloudy,False,False,False,False,False,False,False,False,False,False,False,False,False,Day,33.6_-84.0
A-544093,2,2021-09-10 16:20:00,2021-09-10 17:47:00,33.698233,-84.084216,0.966,Conyers,DeKalb,GA,30012,US/Eastern,K9A1,2021-09-10 15:56:00,81.0,81.0,44.0,28.96,10.0,E,3.0,0.0,Mostly Cloudy,False,False,False,False,True,False,False,False,False,False,False,False,False,Day,33.6_-84.0
A-562608,4,2021-12-30 07:09:00,2021-12-30 09:15:00,33.667386,-84.035788,2.8310000000000004,Conyers,Rockdale,GA,30012,US/Eastern,K9A1,2021-12-30 07:15:00,64.0,64.0,94.0,28.79,4.0,CALM,0.0,0.02,T-Storm,False,False,False,False,False,False,False,False,False,False,False,False,False,Night,33.6_-84.0
A-575709,2,2021-06-14 17:14:35,2021-06-14 19:35:42,33.663124,-84.026958,1.099,Conyers,Rockdale,GA,30012,US/Eastern,K9A1,2021-06-14 17:29:00,88.0,88.0,58.0,28.76,10.0,CALM,0.0,0.0,Fair,False,False,False,False,False,False,False,False,False,False,False,False,False,Day,33.6_-84.0
A-578141,2,2021-11-22 20:37:00,2021-11-22 21:56:00,33.681002,-84.062415,1.901,Conyers,Rockdale,GA,30012,US/Eastern,K9A1,2021-11-22 20:56:00,44.0,44.0,55.0,28.92,10.0,VAR,3.0,0.0,Fair,False,False,False,False,False,False,False,False,False,False,False,False,False,Night,33.6_-84.0
A-615203,2,2021-12-03 12:04:00,2021-12-03 14:15:00,33.666669,-84.034198,0.5770000000000001,Conyers,Rockdale,GA,30012,US/Eastern,K9A1,2021-12-03 11:56:00,70.0,70.0,44.0,28.96,10.0,VAR,3.0,0.0,Fair,False,False,False,False,True,False,False,False,False,False,False,False,False,Day,33.6_-84.0
A-655175,2,2021-10-10 14:37:51,2021-10-10 16:59:25,33.695694,-84.079802,3.74,Conyers,DeKalb,GA,30012,US/Eastern,K9A1,2021-10-10 14:56:00,,,,28.88,10.0,CALM,0.0,0.0,Fair,False,False,False,False,False,False,False,False,False,False,False,False,False,Day,33.6_-84.0
A-680899,2,2021-10-09 02:33:00,2021-10-09 03:48:00,33.658353000000005,-84.020012,1.273,Conyers,Rockdale,GA,30012,US/Eastern,K9A1,2021-10-09 02:29:00,,,,,10.0,CALM,0.0,0.0,Cloudy,False,False,False,False,False,False,False,False,False,False,False,False,False,Night,33.6_-84.0
A-756483,2,2021-12-23 00:01:00,2021-12-23 01:16:00,33.683199,-84.063732,0.905,Conyers,Rockdale,GA,30012,US/Eastern,K9A1,2021-12-23 00:56:00,36.0,36.0,59.0,28.99,10.0,W,3.0,0.0,Fair,False,False,False,False,False,False,False,False,False,False,False,False,False,Night,33.6_-84.0
A-765167,4,2021-11-11 23:35:00,2021-11-12 01:30:00,33.680616,-84.061943,0.3929999999999999,Conyers,Rockdale,GA,30012,US/Eastern,K9A1,2021-11-11 23:56:00,59.0,59.0,93.0,28.88,10.0,W,6.0,0.0,Cloudy,False,False,False,False,True,False,False,False,False,False,False,False,False,Night,33.6_-84.0
A-803086,2,2021-12-07 22:23:00.000000000,2021-12-07 23:38:00.000000000,33.654168,-84.005063,0.018,Conyers,Rockdale,GA,30013,US/Eastern,K9A1,2021-12-07 22:27:00,46.0,44.0,62.0,28.94,10.0,E,6.0,0.0,Light Rain,False,False,False,False,False,False,False,False,False,False,False,True,False,Night,33.6_-84.0
A-879679,2,2021-08-24 09:37:00,2021-08-24 11:00:00,33.698233,-84.084216,0.966,Conyers,DeKalb,GA,30012,US/Eastern,K9A1,2021-08-24 09:56:00,84.0,84.0,69.0,28.95,10.0,CALM,0.0,0.0,Fair,False,False,False,False,True,False,False,False,False,False,False,False,False,Day,33.6_-84.0
A-915582,2,2021-09-04 01:07:00,2021-09-04 02:22:00,33.698233,-84.084216,0.966,Conyers,DeKalb,GA,30012,US/Eastern,K9A1,2021-09-04 00:56:00,,,,28.95,10.0,CALM,0.0,0.0,Fair,False,False,False,False,True,False,False,False,False,False,False,False,False,Night,33.6_-84.0
A-945010,2,2021-12-27 16:43:00,2021-12-27 18:02:00,33.697525,-84.083207,1.296,Lithonia,DeKalb,GA,30038,US/Eastern,KATL,2021-12-27 16:52:00,69.0,69.0,68.0,28.86,10.0,SW,9.0,0.0,Mostly Cloudy,False,False,False,False,False,False,False,False,False,False,False,False,False,Day,33.6_-84.0
A-1045004,4,2021-11-23 06:08:00,2021-11-23 08:00:00,33.658353000000005,-84.020012,0.593,Conyers,Rockdale,GA,30012,US/Eastern,K9A1,2021-11-23 05:56:00,31.0,31.0,72.0,29.03,10.0,CALM,0.0,0.0,Fair,False,False,False,False,False,False,False,False,False,False,False,False,False,Night,33.6_-84.0
A-1045047,2,2021-12-23 00:01:00,2021-12-23 01:16:00,33.680616,-84.061943,0.3929999999999999,Conyers,Rockdale,GA,30012,US/Eastern,K9A1,2021-12-23 00:56:00,36.0,36.0,59.0,28.99,10.0,W,3.0,0.0,Fair,False,False,False,False,True,False,False,False,False,False,False,False,False,Night,33.6_-84.0
A-1062769,2,2021-12-16 14:18:43,2021-12-16 19:21:45,33.668755,-84.039653,4.654,Conyers,Rockdale,GA,30012,US/Eastern,K9A1,2021-12-16 14:20:00,63.0,63.0,72.0,29.08,10.0,SW,3.0,0.0,Mostly Cloudy,False,False,False,False,False,False,False,False,False,False,False,False,False,Day,33.6_-84.0
A-1081458,4,2021-06-14 17:30:00,2021-06-14 18:49:07,33.662248,-84.025701,1.006,Conyers,Rockdale,GA,30012,US/Eastern,K9A1,2021-06-14 17:29:00,88.0,88.0,58.0,28.76,10.0,CALM,0.0,0.0,Fair,False,False,False,False,False,False,False,False,False,False,False,False,False,Day,33.6_-84.0
A-1095613,2,2021-10-09 02:33:00,2021-10-09 05:45:00,33.655039,-84.010487,0.48,Conyers,Rockdale,GA,30012,US/Eastern,K9A1,2021-10-09 02:29:00,,,,,10.0,CALM,0.0,0.0,Cloudy,False,False,False,False,True,False,False,False,False,False,False,False,False,Night,33.6_-84.0
A-1110174,2,2021-12-18 13:19:00,2021-12-18 15:45:00,33.698233,-84.084216,0.966,Conyers,DeKalb,GA,30012,US/Eastern,K9A1,2021-12-18 12:56:00,64.0,64.0,96.0,28.92,2.0,WSW,9.0,0.02,Rain,False,False,False,False,True,False,False,False,False,False,False,False,False,Day,33.6_-84.0
A-1171684,2,2021-11-20 08:18:00,2021-11-20 09:47:00,33.655039,-84.010487,0.48,Conyers,Rockdale,GA,30012,US/Eastern,K9A1,2021-11-20 07:56:00,37.0,32.0,62.0,29.32,10.0,ENE,7.0,0.0,Fair,False,False,False,False,True,False,False,False,False,False,False,False,False,Day,33.6_-84.0
A-1176469,2,2021-12-01 21:33:30,2021-12-01 21:46:30,33.652421000000004,-84.002763,1.5530000000000002,Conyers,Rockdale,GA,30013,US/Eastern,K9A1,2021-12-01 21:56:00,52.0,52.0,61.0,28.99,10.0,WSW,8.0,0.0,Fair,False,False,False,False,False,False,False,False,False,False,False,False,False,Night,33.6_-84.0
A-1202981,2,2021-12-12 13:44:00,2021-12-12 16:00:00,33.638124,-84.01430400000002,0.0069999999999999,Conyers,Rockdale,GA,30013,US/Eastern,K9A1,2021-12-12 13:56:00,56.0,56.0,45.0,29.13,10.0,VAR,3.0,0.0,Fair,False,False,False,False,False,False,False,False,False,False,False,False,False,Day,33.6_-84.0
A-1206840,4,2021-11-12 06:30:00.000000000,2021-11-12 07:45:00.000000000,33.62990300000001,-84.091608,0.6659999999999999,Conyers,Rockdale,GA,30094,US/Eastern,K9A1,2021-11-12 06:56:00,48.0,48.0,93.0,28.97,10.0,W,3.0,0.0,Fair,False,False,False,False,False,False,False,False,False,False,False,False,False,Night,33.6_-84.0
A-1223532,2,2021-08-21 13:11:00,2021-08-21 14:45:00,33.642977,-84.014383,0.037,Conyers,Rockdale,GA,30013-1291,US/Eastern,K9A1,2021-08-21 12:56:00,,,,28.84,10.0,VAR,3.0,0.0,Mostly Cloudy,False,False,True,False,False,False,False,False,False,False,False,True,False,Day,33.6_-84.0
A-1262566,2,2021-09-16 23:42:00,2021-09-17 01:45:00,33.681002,-84.062415,1.901,Conyers,Rockdale,GA,30012,US/Eastern,K9A1,2021-09-16 23:56:00,70.0,70.0,97.0,28.98,10.0,E,7.0,0.0,Cloudy,False,False,False,False,False,False,False,False,False,False,False,False,False,Night,33.6_-84.0
A-1290472,2,2021-09-16 23:42:00,2021-09-17 01:06:00,33.663748,-84.02761600000002,1.35,Conyers,Rockdale,GA,30012,US/Eastern,K9A1,2021-09-16 23:56:00,70.0,70.0,97.0,28.98,10.0,E,7.0,0.0,Cloudy,False,False,False,False,False,False,False,False,False,False,False,False,False,Night,33.6_-84.0
A-1293490,2,2021-10-09 02:38:30.000000000,2021-10-09 03:14:30.000000000,33.658353000000005,-84.020012,1.072,Conyers,Rockdale,GA,30012,US/Eastern,K9A1,2021-10-09 02:47:00,,,,28.94,10.0,NE,3.0,0.0,Mostly Cloudy,False,False,False,False,False,False,False,False,False,False,False,False,False,Night,33.6_-84.0
A-1316616,2,2021-12-02 06:21:00,2021-12-02 08:45:00,33.685551000000004,-84.06535500000003,1.394,Conyers,Rockdale,GA,30012,US/Eastern,K9A1,2021-12-02 05:56:00,40.0,40.0,89.0,28.95,10.0,CALM,0.0,0.0,Fair,False,False,False,False,True,False,False,False,False,False,False,False,False,Night,33.6_-84.0
A-1319757,2,2021-11-11 23:12:30,2021-11-12 01:25:00,33.677254,-84.05933399999998,0.67,Conyers,Rockdale,GA,30012,US/Eastern,K9A1,2021-11-11 23:09:00,59.0,59.0,94.0,28.89,10.0,WSW,7.0,0.0,Cloudy,False,False,False,False,False,False,False,False,False,False,False,False,False,Night,33.6_-84.0
A-1366282,2,2021-11-22 09:32:00,2021-11-22 11:08:00,33.658634,-84.00003199999998,0.011,Conyers,Rockdale,GA,30013-1269,US/Eastern,K9A1,2021-11-22 09:51:00,55.0,55.0,88.0,28.88,6.0,W,6.0,0.01,Mostly Cloudy,False,False,False,False,False,False,False,False,False,False,False,False,False,Day,33.6_-84.0
A-1383575,2,2021-12-01 20:54:00,2021-12-01 22:21:00,33.652424,-84.002778,2.145,Conyers,Rockdale,GA,30013,US/Eastern,K9A1,2021-12-01 20:56:00,51.0,51.0,66.0,28.99,10.0,CALM,0.0,0.0,Fair,False,False,False,False,False,False,False,False,False,False,False,False,False,Night,33.6_-84.0
A-1402657,2,2021-11-23 06:08:00.000000000,2021-11-23 08:00:00.000000000,33.658353000000005,-84.020012,0.593,Conyers,Rockdale,GA,30012,US/Eastern,K9A1,2021-11-23 05:56:00,31.0,31.0,72.0,29.03,10.0,CALM,0.0,0.0,Fair,False,False,False,False,False,False,False,False,False,False,False,False,False,Night,33.6_-84.0
A-1420294,2,2021-11-18 15:26:20,2021-11-18 19:56:21,33.674607,-84.05565899999998,3.654,Conyers,Rockdale,GA,30012,US/Eastern,K9A1,2021-11-18 14:56:00,72.0,72.0,55.0,29.05,10.0,W,8.0,0.0,Mostly Cloudy,False,False,False,False,False,False,False,False,False,False,False,False,False,Day,33.6_-84.0
A-1422434,2,2021-09-18 16:02:00,2021-09-18 17:29:00,33.697525,-84.083207,1.296,Lithonia,DeKalb,GA,30038,US/Eastern,KATL,2021-09-18 15:52:00,82.0,82.0,62.0,28.97,10.0,SE,8.0,0.0,Cloudy,False,False,False,False,False,False,False,False,False,False,False,False,False,Day,33.6_-84.0
A-1459315,2,2021-09-04 01:39:30,2021-09-04 03:19:00,33.698233,-84.084216,0.966,Conyers,DeKalb,GA,30012,US/Eastern,K9A1,2021-09-04 01:56:00,,,,28.95,10.0,CALM,0.0,0.0,Fair,False,False,False,False,True,False,False,False,False,False,False,False,False,Night,33.6_-84.0
A-1471044,2,2021-08-15 03:05:00,2021-08-15 03:38:30,33.685551000000004,-84.06535500000003,1.394,Conyers,Rockdale,GA,30012,US/Eastern,K9A1,2021-08-15 02:56:00,71.0,71.0,90.0,29.0,10.0,NE,3.0,0.0,Partly Cloudy,False,False,False,False,True,False,False,False,False,False,False,False,False,Night,33.6_-84.0
A-1750989,2,2020-10-04 02:18:00,2020-10-05 07:00:00,33.685551000000004,-84.06535500000003,1.394,Conyers,Rockdale,GA,30012,US/Eastern,K9A1,2020-10-04 01:56:00,49.0,49.0,100.0,29.05,10.0,CALM,0.0,0.0,Fair,False,False,False,False,True,False,False,False,False,False,False,False,False,Night,33.6_-84.0
A-1757979,4,2020-12-19 08:27:00,2020-12-19 10:30:00,33.654459,-84.007977,1.091,Conyers,Rockdale,GA,30012,US/Eastern,K9A1,2020-12-19 08:56:00,,,,29.24,10.0,CALM,0.0,0.0,Fair,False,False,False,False,False,False,False,False,False,False,False,False,False,Day,33.6_-84.0
A-1761142,2,2020-11-27 21:16:00,2020-11-27 22:31:00,33.681002,-84.062415,1.901,Conyers,Rockdale,GA,30012,US/Eastern,K9A1,2020-11-27 20:56:00,,,,28.94,10.0,CALM,0.0,0.0,Fair,False,False,False,False,False,False,False,False,False,False,False,False,False,Night,33.6_-84.0
A-1765114,2,2020-10-17 08:49:00,2020-10-17 10:04:00,33.681002,-84.062415,1.901,Conyers,Rockdale,GA,30012,US/Eastern,K9A1,2020-10-17 08:56:00,,,,29.19,6.0,NE,6.0,0.0,Haze,False,False,False,False,False,False,False,False,False,False,False,False,False,Day,33.6_-84.0
A-1771015,2,2020-10-18 12:49:00,2020-10-18 14:45:00,33.655039,-84.010487,0.48,Conyers,Rockdale,GA,30012,US/Eastern,K9A1,2020-10-18 12:56:00,,,,,10.0,E,7.0,0.0,Fair,False,False,False,False,True,False,False,False,False,False,False,False,False,Day,33.6_-84.0
A-1775593,2,2020-10-29 21:07:00,2020-10-29 22:20:31,33.651982000000004,-84.001711,1.391,Conyers,Rockdale,GA,30013,US/Eastern,K9A1,2020-10-29 20:56:00,67.0,67.0,52.0,28.56,10.0,WSW,18.0,0.0,Mostly Cloudy,False,False,False,False,True,False,False,False,False,False,False,False,False,Night,33.6_-84.0
A-1779294,2,2020-10-13 20:48:00,2020-10-13 22:04:30,33.662248,-84.025701,1.006,Conyers,Rockdale,GA,30012,US/Eastern,K9A1,2020-10-13 20:56:00,63.0,63.0,81.0,28.89,10.0,CALM,0.0,0.0,Fair,False,False,False,False,False,False,False,False,False,False,False,False,False,Night,33.6_-84.0
A-1781223,2,2020-11-12 12:55:00,2020-11-12 15:53:00,33.655156,-84.01043299999998,3.793,Conyers,Rockdale,GA,30012,US/Eastern,K9A1,2020-11-12 12:56:00,68.0,68.0,87.0,28.76,10.0,W,8.0,0.0,Cloudy,False,False,False,False,True,False,False,False,False,False,False,False,False,Day,33.6_-84.0
A-1792142,4,2020-12-25 03:46:00,2020-12-25 05:09:00,33.680616,-84.061943,0.3929999999999999,Conyers,Rockdale,GA,30012,US/Eastern,K9A1,2020-12-25 03:56:00,,,,28.76,10.0,W,7.0,0.0,Fair,False,False,False,False,True,False,False,False,False,False,False,False,False,Night,33.6_-84.0
A-1796316,2,2020-11-27 21:15:00,2020-11-27 22:30:00,33.685723,-84.065676,0.376,Conyers,Rockdale,GA,30012,US/Eastern,K9A1,2020-11-27 20:56:00,,,,28.94,10.0,CALM,0.0,0.0,Fair,False,False,False,False,True,False,False,False,False,False,False,False,False,Night,33.6_-84.0
A-1804042,2,2020-09-21 03:01:00,2020-09-21 04:45:30,33.668044,-84.037646,1.814,Conyers,Rockdale,GA,30012,US/Eastern,K9A1,2020-09-21 02:56:00,,,,29.22,10.0,ENE,10.0,0.0,Fair,False,False,False,False,False,False,False,False,False,False,False,False,False,Night,33.6_-84.0
A-1804960,2,2020-12-19 08:27:00,2020-12-19 09:42:00,33.654459,-84.007977,1.091,Conyers,Rockdale,GA,30012,US/Eastern,K9A1,2020-12-19 08:56:00,,,,29.24,10.0,CALM,0.0,0.0,Fair,False,False,False,False,False,False,False,False,False,False,False,False,False,Day,33.6_-84.0
A-1811670,2,2020-09-21 03:21:00,2020-09-21 04:36:00,33.666583,-84.03355400000002,1.898,Conyers,Rockdale,GA,30012,US/Eastern,K9A1,2020-09-21 02:56:00,,,,29.22,10.0,ENE,10.0,0.0,Fair,False,False,False,False,False,False,False,False,False,False,False,False,False,Night,33.6_-84.0
A-1813836,2,2020-11-27 21:39:35,2020-11-27 21:54:27,33.681002,-84.062415,1.901,Conyers,Rockdale,GA,30012,US/Eastern,K9A1,2020-11-27 21:56:00,,,,28.94,10.0,CALM,0.0,0.0,Partly Cloudy,False,False,False,False,False,False,False,False,False,False,False,False,False,Night,33.6_-84.0
A-1835516,2,2020-12-19 08:11:30.000000000,2020-12-19 09:55:30.000000000,33.654459,-84.007977,1.091,Conyers,Rockdale,GA,30012,US/Eastern,K9A1,2020-12-19 07:56:00,,,,29.24,10.0,VAR,3.0,0.0,Fair,False,False,False,False,False,False,False,False,False,False,False,False,False,Day,33.6_-84.0
A-1849145,2,2020-11-12 13:07:00,2020-11-12 16:15:00,33.674607,-84.05565899999998,1.6569999999999998,Conyers,Rockdale,GA,30012,US/Eastern,K9A1,2020-11-12 13:15:00,70.0,70.0,83.0,28.76,10.0,WSW,10.0,0.0,Fair,False,False,False,False,False,False,False,False,False,False,False,False,False,Day,33.6_-84.0
A-1861559,2,2020-10-13 21:22:00,2020-10-13 22:37:00,33.65197,-84.001711,0.3989999999999999,Conyers,Rockdale,GA,30013,US/Eastern,K9A1,2020-10-13 20:56:00,63.0,63.0,81.0,28.89,10.0,CALM,0.0,0.0,Fair,False,False,False,False,True,False,False,False,False,False,False,False,False,Night,33.6_-84.0
A-1882118,2,2020-12-19 08:11:30,2020-12-19 09:44:00,33.65253,-84.002705,1.3230000000000002,Conyers,Rockdale,GA,30013,US/Eastern,K9A1,2020-12-19 07:56:00,,,,29.24,10.0,VAR,3.0,0.0,Fair,False,False,False,False,False,False,False,False,False,False,False,False,False,Day,33.6_-84.0
A-1900846,2,2020-10-26 07:37:00,2020-10-26 15:45:00,33.653644,-84.005679,0.0409999999999999,Conyers,Rockdale,GA,30012,US/Eastern,K9A1,2020-10-26 07:23:00,61.0,61.0,100.0,28.96,0.5,ENE,5.0,0.0,Fog,False,False,False,False,False,False,False,False,False,False,False,False,False,Night,33.6_-84.0
A-1920313,2,2020-12-19 08:11:30,2020-12-19 09:54:00,33.654459,-84.007977,1.091,Conyers,Rockdale,GA,30012,US/Eastern,K9A1,2020-12-19 07:56:00,,,,29.24,10.0,VAR,3.0,0.0,Fair,False,False,False,False,False,False,False,False,False,False,False,False,False,Day,33.6_-84.0
A-1938994,2,2020-11-19 16:00:30.000000000,2020-11-19 20:39:00.000000000,33.653765,-84.005608,4.788,Conyers,Rockdale,GA,30012,US/Eastern,K9A1,2020-11-19 15:56:00,59.0,59.0,27.0,29.35,10.0,ESE,6.0,0.0,Fair,False,False,False,False,False,False,False,False,False,False,False,False,False,Day,33.6_-84.0
A-1940681,2,2020-10-04 02:16:30.000000000,2020-10-04 05:07:30.000000000,33.685551000000004,-84.06535500000003,1.394,Conyers,Rockdale,GA,30012,US/Eastern,K9A1,2020-10-04 01:56:00,49.0,49.0,100.0,29.05,10.0,CALM,0.0,0.0,Fair,False,False,False,False,True,False,False,False,False,False,False,False,False,Night,33.6_-84.0
A-1948256,4,2020-10-17 08:49:00,2020-10-17 11:00:00,33.681002,-84.062415,1.901,Conyers,Rockdale,GA,30012,US/Eastern,K9A1,2020-10-17 08:56:00,,,,29.19,6.0,NE,6.0,0.0,Haze,False,False,False,False,False,False,False,False,False,False,False,False,False,Day,33.6_-84.0
A-1965326,2,2020-10-29 20:24:00,2020-10-29 21:39:00,33.680616,-84.061943,0.3929999999999999,Conyers,Rockdale,GA,30012,US/Eastern,K9A1,2020-10-29 19:56:00,71.0,71.0,51.0,28.54,10.0,WSW,16.0,0.0,Fair,False,False,False,False,True,False,False,False,False,False,False,False,False,Night,33.6_-84.0
A-1991051,2,2020-10-13 21:22:00,2020-10-13 22:37:00,33.655039,-84.010487,0.48,Conyers,Rockdale,GA,30012,US/Eastern,K9A1,2020-10-13 20:56:00,63.0,63.0,81.0,28.89,10.0,CALM,0.0,0.0,Fair,False,False,False,False,True,False,False,False,False,False,False,False,False,Night,33.6_-84.0
A-1991582,2,2020-10-29 21:07:00,2020-10-29 23:07:08,33.651982000000004,-84.001711,1.391,Conyers,Rockdale,GA,30013,US/Eastern,K9A1,2020-10-29 20:56:00,67.0,67.0,52.0,28.56,10.0,WSW,18.0,0.0,Mostly Cloudy,False,False,False,False,True,False,False,False,False,False,False,False,False,Night,33.6_-84.0
A-1994716,2,2020-10-01 18:02:00,2020-10-01 19:17:00,33.661776,-84.024778,0.604,Conyers,Rockdale,GA,30012,US/Eastern,K9A1,2020-10-01 17:56:00,74.0,74.0,57.0,28.84,10.0,WNW,8.0,0.0,Fair,False,False,False,False,False,False,False,False,False,False,False,False,False,Day,33.6_-84.0
A-2077446,1,2020-05-28 14:22:40,2020-05-28 14:52:40,33.698170000000005,-84.08439,0.0,Lithonia,DeKalb,GA,30038,US/Eastern,KATL,2020-05-28 13:52:00,81.0,81.0,62.0,28.94,10.0,WSW,9.0,0.0,Partly Cloudy,False,False,False,False,True,False,False,False,False,False,False,False,False,Day,33.6_-84.0
A-2080031,1,2020-05-30 00:28:37,2020-05-30 01:28:37,33.65205,-84.0021,2.073,Conyers,Rockdale,GA,30013,US/Eastern,K9A1,2020-05-30 00:56:00,68.0,68.0,100.0,28.93,10.0,CALM,0.0,0.0,Fair,False,False,False,False,True,False,False,False,False,False,False,False,False,Night,33.6_-84.0
A-2112718,3,2020-05-12 05:25:37,2020-05-12 05:40:37,33.66171,-84.02468,0.0,Conyers,Rockdale,GA,30012,US/Eastern,K9A1,2020-05-12 04:56:00,42.0,42.0,92.0,29.08,10.0,CALM,0.0,0.0,Fair,False,False,False,False,False,False,False,False,False,False,False,False,False,Night,33.6_-84.0
A-2119069,2,2020-05-15 16:25:16,2020-05-15 16:40:16,33.69825,-84.08423,0.0,Conyers,DeKalb,GA,30012,US/Eastern,K9A1,2020-05-15 15:56:00,79.0,79.0,48.0,28.96,10.0,S,8.0,0.0,Fair,False,False,False,False,True,False,False,False,False,False,False,False,False,Day,33.6_-84.0
A-2120848,3,2020-05-16 15:29:28,2020-05-16 16:14:28,33.66161,-84.02478,0.0,Conyers,Rockdale,GA,30012,US/Eastern,K9A1,2020-05-16 15:56:00,83.0,83.0,42.0,28.89,10.0,CALM,0.0,0.0,Partly Cloudy,False,False,False,False,False,False,False,False,False,False,False,False,False,Day,33.6_-84.0
A-2123813,4,2020-05-18 13:25:40,2020-05-18 13:55:40,33.68056,-84.06209,2.42,Conyers,Rockdale,GA,30012,US/Eastern,K9A1,2020-05-18 12:56:00,77.0,77.0,79.0,28.73,8.0,ESE,7.0,0.0,Cloudy,False,False,False,False,False,False,False,False,False,False,False,False,False,Day,33.6_-84.0
A-2128373,4,2020-05-20 10:42:22,2020-05-20 11:12:22,33.69825,-84.08423,1.384,Conyers,DeKalb,GA,30012,US/Eastern,K9A1,2020-05-20 10:56:00,56.0,56.0,97.0,28.83,7.0,ENE,8.0,0.0,Cloudy,False,False,False,False,True,False,False,False,False,False,False,False,False,Day,33.6_-84.0
A-2130577,2,2020-05-21 17:00:01,2020-05-21 17:15:01,33.65205,-84.0021,0.0,Conyers,Rockdale,GA,30013,US/Eastern,K9A1,2020-05-21 16:56:00,71.0,71.0,63.0,28.91,10.0,VAR,3.0,0.0,Mostly Cloudy,False,False,False,False,True,False,False,False,False,False,False,False,False,Day,33.6_-84.0
A-2139416,2,2020-06-23 12:22:02,2020-06-23 12:52:02,33.698170000000005,-84.08439,0.0,Lithonia,DeKalb,GA,30038,US/Eastern,KATL,2020-06-23 12:52:00,80.0,80.0,67.0,28.85,10.0,WSW,15.0,0.0,Cloudy,False,False,False,False,True,False,False,False,False,False,False,False,False,Day,33.6_-84.0
A-2142004,2,2020-06-24 11:06:14,2020-06-24 11:36:14,33.69825,-84.08423,0.0,Conyers,DeKalb,GA,30012,US/Eastern,K9A1,2020-06-24 10:56:00,79.0,79.0,72.0,28.86,10.0,W,8.0,0.0,Fair,False,False,False,False,True,False,False,False,False,False,False,False,False,Day,33.6_-84.0
A-2155707,1,2020-06-06 05:11:36,2020-06-06 06:11:36,33.68056,-84.06209,2.42,Conyers,Rockdale,GA,30012,US/Eastern,K9A1,2020-06-06 04:56:00,69.0,69.0,100.0,28.87,10.0,W,3.0,0.0,Fair,False,False,False,False,False,False,False,False,False,False,False,False,False,Night,33.6_-84.0
A-2168799,2,2020-06-12 09:40:06,2020-06-12 10:10:06,33.65205,-84.0021,0.0,Conyers,Rockdale,GA,30013,US/Eastern,K9A1,2020-06-12 09:56:00,76.0,76.0,64.0,29.05,10.0,ENE,9.0,0.0,Fair,False,False,False,False,True,False,False,False,False,False,False,False,False,Day,33.6_-84.0
A-2171212,4,2020-06-13 10:52:01,2020-06-13 11:52:01,33.68056,-84.06209,2.42,Conyers,Rockdale,GA,30012,US/Eastern,K9A1,2020-06-13 10:56:00,79.0,79.0,48.0,29.01,10.0,NNE,9.0,0.0,Fair,False,False,False,False,False,False,False,False,False,False,False,False,False,Day,33.6_-84.0
A-2171218,4,2020-06-13 11:34:15,2020-06-13 16:18:50,33.68572,-84.06567,2.787,Conyers,Rockdale,GA,30012,US/Eastern,K9A1,2020-06-13 11:56:00,81.0,81.0,47.0,29.02,10.0,VAR,3.0,0.0,Fair,False,False,False,False,True,False,False,False,False,False,False,False,False,Day,33.6_-84.0
A-2187020,4,2020-06-20 05:00:39,2020-06-20 05:15:39,33.698170000000005,-84.08439,1.71,Lithonia,DeKalb,GA,30038,US/Eastern,KATL,2020-06-20 04:52:00,70.0,70.0,76.0,28.97,10.0,E,3.0,0.0,Fair,False,False,False,False,True,False,False,False,False,False,False,False,False,Night,33.6_-84.0
A-2187029,4,2020-06-20 07:04:17,2020-06-20 07:49:17,33.698170000000005,-84.08439,1.71,Lithonia,DeKalb,GA,30038,US/Eastern,KATL,2020-06-20 06:52:00,68.0,68.0,81.0,29.0,10.0,CALM,0.0,0.0,Fair,False,False,False,False,True,False,False,False,False,False,False,False,False,Day,33.6_-84.0
A-2203698,2,2020-03-17 17:16:48,2020-03-17 17:45:18,33.69846,-84.08492,0.2789999999999999,Lithonia,DeKalb,GA,30038,US/Eastern,KATL,2020-03-17 16:52:00,66.0,66.0,73.0,29.11,10.0,VAR,5.0,0.0,Mostly Cloudy,False,False,False,False,False,False,False,False,False,False,False,False,False,Day,33.6_-84.0
A-2245490,2,2020-04-08 17:19:38,2020-04-08 17:54:36,33.698170000000005,-84.08439,0.0,Lithonia,DeKalb,GA,30038,US/Eastern,KATL,2020-04-08 16:52:00,79.0,79.0,60.0,28.72,10.0,W,9.0,0.0,Cloudy,False,False,False,False,True,False,False,False,False,False,False,False,False,Day,33.6_-84.0
A-2262647,3,2020-04-17 21:48:49,2020-04-17 22:33:49,33.65205,-84.0021,0.0,Conyers,Rockdale,GA,30013,US/Eastern,K9A1,2020-04-17 21:56:00,60.0,60.0,55.0,28.91,10.0,S,3.0,0.0,Fair,False,False,False,False,True,False,False,False,False,False,False,False,False,Night,33.6_-84.0
A-2282961,1,2020-04-29 11:15:52,2020-04-29 11:45:52,33.69825,-84.08423,0.0,Conyers,DeKalb,GA,30012,US/Eastern,K9A1,2020-04-29 10:56:00,69.0,69.0,58.0,28.8,10.0,S,12.0,0.0,Fair,False,False,False,False,True,False,False,False,False,False,False,False,False,Day,33.6_-84.0
A-2282964,1,2020-04-29 11:52:49,2020-04-29 12:22:49,33.69825,-84.08423,0.0,Conyers,DeKalb,GA,30012,US/Eastern,K9A1,2020-04-29 11:56:00,69.0,69.0,68.0,28.8,10.0,S,10.0,0.0,Partly Cloudy,False,False,False,False,True,False,False,False,False,False,False,False,False,Day,33.6_-84.0
A-2282970,1,2020-04-29 13:13:27,2020-04-29 13:43:27,33.69825,-84.08423,0.0,Conyers,DeKalb,GA,30012,US/Eastern,K9A1,2020-04-29 12:56:00,70.0,70.0,71.0,28.74,10.0,S,13.0,0.0,Cloudy,False,False,False,False,True,False,False,False,False,False,False,False,False,Day,33.6_-84.0
A-2294381,3,2020-01-10 15:41:36,2020-01-10 16:10:47,33.66426,-84.02863,1.3730000000000002,Conyers,Rockdale,GA,30012,US/Eastern,K9A1,2020-01-10 15:56:00,62.0,62.0,72.0,29.2,9.0,E,10.0,0.0,Cloudy,False,False,False,False,False,False,False,False,False,False,False,False,False,Day,33.6_-84.0
A-2325242,2,2020-02-03 15:18:21,2020-02-03 15:46:54,33.651533,-84.00097099999998,0.0,Conyers,Rockdale,GA,30013,US/Eastern,K9A1,2020-02-03 14:56:00,74.0,74.0,26.0,28.91,10.0,SW,13.0,0.0,Fair,False,False,False,False,False,False,False,False,False,False,False,False,False,Day,33.6_-84.0
A-2336036,3,2020-02-11 07:06:05,2020-02-11 07:35:25,33.680620000000005,-84.06195,0.381,Conyers,Rockdale,GA,30012,US/Eastern,K9A1,2020-02-11 07:04:00,63.0,63.0,100.0,28.88,7.0,SSW,13.0,0.0,Cloudy,False,False,False,False,True,False,False,False,False,False,False,False,False,Night,33.6_-84.0
A-2344962,2,2020-02-18 18:47:21,2020-02-18 19:16:22,33.680620000000005,-84.06195,0.381,Conyers,Rockdale,GA,30012,US/Eastern,K9A1,2020-02-18 18:56:00,55.0,55.0,100.0,28.96,2.0,NE,3.0,0.31,Light Rain,False,False,False,False,True,False,False,False,False,False,False,False,False,Night,33.6_-84.0
A-2351531,3,2020-02-24 08:21:50,2020-02-24 08:49:43,33.66171,-84.02468,0.599,Conyers,Rockdale,GA,30012,US/Eastern,K9A1,2020-02-24 07:56:00,44.0,44.0,100.0,28.94,5.0,CALM,0.0,0.03,Light Rain,False,False,False,False,False,False,False,False,False,False,False,False,False,Day,33.6_-84.0
A-2387598,2,2019-12-12 16:25:38,2019-12-12 16:55:32,33.67955,-84.06121,0.466,Conyers,Rockdale,GA,30012,US/Eastern,K9A1,2019-12-12 15:56:00,48.0,44.0,42.0,29.24,10.0,NE,9.0,0.0,Cloudy,False,False,False,False,False,False,False,False,False,False,False,False,False,Day,33.6_-84.0
A-2387606,2,2019-12-12 19:25:50,2019-12-12 19:53:12,33.680620000000005,-84.06195,0.381,Conyers,Rockdale,GA,30012,US/Eastern,K9A1,2019-12-12 19:31:00,43.0,36.0,66.0,29.2,10.0,ENE,13.0,0.0,Cloudy,False,False,False,False,True,False,False,False,False,False,False,False,False,Night,33.6_-84.0
A-2389481,3,2019-12-13 07:14:42,2019-12-13 07:44:33,33.69825,-84.08423,0.954,Conyers,DeKalb,GA,30012,US/Eastern,K9A1,2019-12-13 06:56:00,36.0,28.0,100.0,29.01,8.0,ENE,13.0,0.15,Rain,False,False,False,False,True,False,False,False,False,False,False,False,False,Night,33.6_-84.0
A-2389525,4,2019-12-13 18:59:46,2019-12-13 19:29:28,33.69789,-84.08388000000002,1.3430000000000002,Conyers,DeKalb,GA,30012,US/Eastern,K9A1,2019-12-13 18:56:00,42.0,39.0,100.0,28.72,2.0,ENE,5.0,0.01,Light Rain,False,False,False,False,False,False,False,False,False,False,False,False,False,Night,33.6_-84.0
A-2414891,4,2019-10-12 08:15:15,2019-10-12 08:44:34,33.652159999999995,-84.00200000000002,0.373,Conyers,Rockdale,GA,30013,US/Eastern,K9A1,2019-10-12 08:15:00,57.0,57.0,94.0,28.94,7.0,CALM,0.0,0.0,Fair,False,False,False,False,True,False,False,False,False,False,False,False,False,Day,33.6_-84.0
A-2418039,4,2019-10-15 11:43:18,2019-10-15 12:11:04,33.61908,-84.08041,0.429,Conyers,Rockdale,GA,30094,US/Eastern,K9A1,2019-10-15 11:56:00,67.0,67.0,68.0,28.96,10.0,E,7.0,0.0,Mostly Cloudy,False,False,False,False,False,False,False,False,False,False,False,False,False,Day,33.6_-84.0
A-2418040,4,2019-10-15 11:43:18,2019-10-15 12:11:04,33.624959999999994,-84.0828,0.429,Conyers,Rockdale,GA,30094-6028,US/Eastern,K9A1,2019-10-15 11:56:00,67.0,67.0,68.0,28.96,10.0,E,7.0,0.0,Mostly Cloudy,False,False,False,False,False,False,False,False,False,False,False,False,False,Day,33.6_-84.0
A-2438307,3,2019-10-30 17:36:59,2019-10-30 18:06:07,33.68572,-84.06567,0.352,Conyers,Rockdale,GA,30012,US/Eastern,K9A1,2019-10-30 17:56:00,67.0,67.0,100.0,28.87,0.5,ESE,9.0,0.0,Light Rain,False,False,False,False,True,False,False,False,False,False,False,False,False,Day,33.6_-84.0
A-2449377,2,2019-11-07 17:56:06,2019-11-07 22:01:44,33.66658,-84.03393,0.23,Conyers,Rockdale,GA,30012,US/Eastern,K9A1,2019-11-07 17:56:00,64.0,64.0,90.0,28.95,10.0,S,3.0,0.0,Mostly Cloudy,False,False,False,False,True,False,False,False,False,False,False,False,False,Night,33.6_-84.0
A-2493784,4,2019-09-14 00:49:26,2019-09-14 01:18:24,33.68572,-84.06567,2.787,Conyers,Rockdale,GA,30012,US/Eastern,K9A1,2019-09-14 00:49:00,72.0,72.0,100.0,29.12,8.0,CALM,0.0,0.0,Mostly Cloudy,False,False,False,False,True,False,False,False,False,False,False,False,False,Night,33.6_-84.0
A-2520253,4,2019-02-11 13:16:27,2019-02-11 13:46:07,33.66171,-84.02468,0.599,Conyers,Rockdale,GA,30012,US/Eastern,K9A1,2019-02-11 12:56:00,47.0,47.0,100.0,28.99,1.0,CALM,0.0,0.0,Fog,False,False,False,False,False,False,False,False,False,False,False,False,False,Day,33.6_-84.0
A-2523382,4,2019-02-15 15:58:30,2019-02-15 16:28:24,33.66171,-84.02468,0.599,Conyers,Rockdale,GA,30012,US/Eastern,K9A1,2019-02-15 15:56:00,60.0,60.0,80.0,28.71,10.0,SW,8.0,0.0,Cloudy,False,False,False,False,False,False,False,False,False,False,False,False,False,Day,33.6_-84.0
A-2532738,3,2019-01-04 20:43:00,2019-01-04 21:12:24,33.680620000000005,-84.06195,0.381,Conyers,Rockdale,GA,30012,US/Eastern,K9A1,2019-01-04 20:37:00,48.0,44.0,82.0,28.66,10.0,W,9.0,0.0,Cloudy,False,False,False,False,True,False,False,False,False,False,False,False,False,Night,33.6_-84.0
A-2534068,3,2019-01-07 12:23:30,2019-01-07 12:53:27,33.66658,-84.03393,0.534,Conyers,Rockdale,GA,30012,US/Eastern,K9A1,2019-01-07 11:56:00,63.0,63.0,54.0,29.12,10.0,SE,7.0,0.0,Fair,False,False,False,False,True,False,False,False,False,False,False,False,False,Day,33.6_-84.0
A-2539938,2,2019-01-17 11:23:13,2019-01-17 11:52:55,33.653658,-84.005548,0.0,Conyers,Rockdale,GA,30013,US/Eastern,K9A1,2019-01-17 10:56:00,45.0,45.0,71.0,29.11,10.0,VAR,3.0,0.0,Fair,False,False,False,False,False,False,False,False,False,False,False,False,False,Day,33.6_-84.0
A-2543224,4,2019-01-23 23:50:39,2019-01-24 00:20:33,33.66171,-84.02468,0.599,Conyers,Rockdale,GA,30012,US/Eastern,K9A1,2019-01-23 23:49:00,52.0,52.0,100.0,28.57,1.0,E,5.0,0.12,Rain,False,False,False,False,False,False,False,False,False,False,False,False,False,Night,33.6_-84.0
A-2565653,3,2018-12-27 02:49:00,2018-12-27 03:18:37,33.66658,-84.03393,0.534,Conyers,Rockdale,GA,30012,US/Eastern,K9A1,2018-12-27 02:56:00,46.0,41.0,61.0,29.23,10.0,ENE,10.0,0.0,Cloudy,False,False,False,False,True,False,False,False,False,False,False,False,False,Night,33.6_-84.0
A-2572745,3,2018-11-08 13:04:27,2018-11-08 13:34:06,33.680620000000005,-84.06195,0.381,Conyers,Rockdale,GA,30012,US/Eastern,K9A1,2018-11-08 12:56:00,60.0,60.0,78.0,28.98,10.0,NE,6.0,0.0,Cloudy,False,False,False,False,True,False,False,False,False,False,False,False,False,Day,33.6_-84.0
A-2580627,4,2018-11-21 18:30:08,2018-11-21 18:59:21,33.685848,-84.065558,1.467,Conyers,Rockdale,GA,30012,US/Eastern,K9A1,2018-11-21 17:56:00,52.0,52.0,41.0,29.08,10.0,WNW,5.0,0.0,Fair,False,False,False,False,True,False,False,False,False,False,False,False,False,Night,33.6_-84.0
A-2583100,4,2018-11-26 11:50:08,2018-11-26 12:19:33,33.63817,-84.01442,0.595,Conyers,Rockdale,GA,30013,US/Eastern,K9A1,2018-11-26 11:56:00,42.0,36.0,67.0,28.76,10.0,W,12.0,0.0,Cloudy,False,False,False,False,False,False,False,False,False,False,False,False,False,Day,33.6_-84.0
A-2598759,2,2018-10-25 17:45:02,2018-10-25 18:14:42,33.66171,-84.02468,0.599,Conyers,Rockdale,GA,30012,US/Eastern,K9A1,2018-10-25 17:56:00,55.0,55.0,57.0,28.92,10.0,ENE,6.0,0.0,Cloudy,False,False,False,False,False,False,False,False,False,False,False,False,False,Day,33.6_-84.0
A-2604813,3,2018-09-06 17:49:14,2018-09-06 18:19:03,33.66171,-84.02468,0.599,Conyers,Rockdale,GA,30012,US/Eastern,K9A1,2018-09-06 17:56:00,83.0,83.0,67.0,28.98,10.0,CALM,0.0,0.0,Partly Cloudy,False,False,False,False,False,False,False,False,False,False,False,False,False,Day,33.6_-84.0
A-2609328,3,2018-09-14 11:55:55,2018-09-14 12:25:47,33.66658,-84.03393,0.2739999999999999,Conyers,Rockdale,GA,30012,US/Eastern,K9A1,2018-09-14 11:56:00,87.0,87.0,61.0,28.87,10.0,WNW,7.0,0.0,Fair,False,False,False,False,True,False,False,False,False,False,False,False,False,Day,33.6_-84.0
A-2620719,2,2018-08-13 14:19:30,2018-08-13 20:19:30,33.652159999999995,-84.00200000000002,0.373,Conyers,Rockdale,GA,30013,US/Eastern,K9A1,2018-08-13 13:56:00,86.0,86.0,49.0,28.93,10.0,CALM,0.0,0.0,Fair,False,False,False,False,True,False,False,False,False,False,False,False,False,Day,33.6_-84.0
A-2622179,4,2018-08-16 17:50:09,2018-08-16 18:19:59,33.68572,-84.06567,2.254,Conyers,Rockdale,GA,30012,US/Eastern,K9A1,2018-08-16 17:56:00,84.0,84.0,67.0,29.0,10.0,SSE,10.0,0.0,Fair,False,False,False,False,True,False,False,False,False,False,False,False,False,Day,33.6_-84.0
A-2622663,4,2018-08-17 19:30:14,2018-08-17 20:00:07,33.69789,-84.08388000000002,1.676,Conyers,DeKalb,GA,30012,US/Eastern,K9A1,2018-08-17 19:56:00,78.0,78.0,81.0,28.97,10.0,SSE,7.0,0.0,Fair,False,False,False,False,False,False,False,False,False,False,False,False,False,Day,33.6_-84.0
A-2623504,4,2018-08-20 18:21:17,2018-08-20 18:50:53,33.66652,-84.03335,1.836,Conyers,Rockdale,GA,30012,US/Eastern,K9A1,2018-08-20 18:37:00,77.0,77.0,89.0,28.93,7.0,SW,8.0,0.02,Heavy Rain,False,False,False,False,False,False,False,False,False,False,False,False,False,Day,33.6_-84.0
A-2623505,4,2018-08-20 18:25:51,2018-08-20 23:25:29,33.680620000000005,-84.06195,0.381,Conyers,Rockdale,GA,30012,US/Eastern,K9A1,2018-08-20 18:37:00,77.0,77.0,89.0,28.93,7.0,SW,8.0,0.02,Heavy Rain,False,False,False,False,True,False,False,False,False,False,False,False,False,Day,33.6_-84.0
A-2624837,2,2018-08-23 11:37:57,2018-08-23 12:07:40,33.664827,-84.029661,0.263,Conyers,Rockdale,GA,30012,US/Eastern,K9A1,2018-08-23 11:56:00,78.0,78.0,62.0,28.99,10.0,NE,8.0,0.0,Fair,False,False,False,False,False,False,False,False,False,False,False,False,False,Day,33.6_-84.0
A-2627486,2,2018-08-29 12:26:12,2018-08-29 12:56:00,33.65318,-84.00610999999998,0.095,Conyers,Rockdale,GA,30013,US/Eastern,K9A1,2018-08-29 12:56:00,78.0,78.0,93.0,29.04,10.0,CALM,0.0,0.07,Light Rain,False,False,False,False,False,False,False,False,False,False,False,True,False,Day,33.6_-84.0
A-2631882,3,2018-07-11 13:56:20,2018-07-11 19:56:20,33.652157,-84.001995,0.373,Conyers,Rockdale,GA,30013,US/Eastern,K9A1,2018-07-11 13:56:00,89.0,89.0,50.0,28.92,10.0,CALM,0.0,0.0,Cloudy,False,False,False,False,True,False,False,False,False,False,False,False,False,Day,33.6_-84.0
A-2632991,3,2018-07-13 18:01:27,2018-07-13 18:30:51,33.66171,-84.02468,0.599,Conyers,Rockdale,GA,30012,US/Eastern,K9A1,2018-07-13 17:56:00,88.0,88.0,65.0,28.96,8.0,VAR,6.0,0.0,Mostly Cloudy,False,False,False,False,False,False,False,False,False,False,False,False,False,Day,33.6_-84.0
A-2634271,2,2018-07-17 08:06:38,2018-07-17 08:36:21,33.69825,-84.08423,0.906,Conyers,DeKalb,GA,30012,US/Eastern,K9A1,2018-07-17 07:56:00,72.0,72.0,100.0,28.93,1.0,WSW,5.0,0.01,Fog,False,False,False,False,True,False,False,False,False,False,False,False,False,Day,33.6_-84.0
A-2646543,2,2018-06-21 14:40:01,2018-06-21 20:40:01,33.652159999999995,-84.00200000000002,0.373,Conyers,Rockdale,GA,30013,US/Eastern,K9A1,2018-06-21 14:56:00,88.0,88.0,55.0,28.74,10.0,WSW,16.0,0.0,Partly Cloudy,False,False,False,False,True,False,False,False,False,False,False,False,False,Day,33.6_-84.0
A-2652642,2,2018-05-08 17:29:05,2018-05-08 23:29:05,33.68572,-84.06567,0.352,Conyers,Rockdale,GA,30012,US/Eastern,K9A1,2018-05-08 17:56:00,78.0,78.0,46.0,28.96,10.0,SSE,5.0,0.0,Mostly Cloudy,False,False,False,False,True,False,False,False,False,False,False,False,False,Day,33.6_-84.0
A-2659668,2,2018-05-29 07:30:54,2018-05-29 13:30:54,33.652159999999995,-84.00200000000002,0.373,Conyers,Rockdale,GA,30013,US/Eastern,K9A1,2018-05-29 07:38:00,72.0,72.0,94.0,28.71,2.0,ESE,9.0,0.06,Light Rain,False,False,False,False,True,False,False,False,False,False,False,False,False,Day,33.6_-84.0
A-2660878,4,2018-04-02 08:34:31,2018-04-02 14:34:31,33.64137,-84.0145,0.152,Conyers,Rockdale,GA,30013,US/Eastern,K9A1,2018-04-02 08:56:00,61.0,61.0,60.0,28.89,10.0,WSW,7.0,0.0,Fair,False,False,False,False,False,False,False,False,False,False,False,False,False,Day,33.6_-84.0
A-2660879,4,2018-04-02 08:34:31,2018-04-02 14:34:31,33.643571,-84.01448,0.152,Conyers,Rockdale,GA,30013-1295,US/Eastern,K9A1,2018-04-02 08:56:00,61.0,61.0,60.0,28.89,10.0,WSW,7.0,0.0,Fair,False,False,False,False,False,False,False,False,False,False,False,False,False,Day,33.6_-84.0
A-2668579,4,2018-04-23 09:41:28,2018-04-23 15:41:28,33.65498,-84.0103,2.57,Conyers,Rockdale,GA,30012,US/Eastern,K9A1,2018-04-23 09:34:00,59.0,59.0,94.0,28.91,4.0,ENE,9.0,0.08,Rain,False,False,False,False,True,False,False,False,False,False,False,False,False,Day,33.6_-84.0
A-2671784,2,2018-03-01 12:53:06,2018-03-01 18:53:06,33.652159999999995,-84.00200000000002,0.228,Conyers,Rockdale,GA,30013,US/Eastern,K9A1,2018-03-01 12:56:00,,,,28.64,10.0,W,9.0,0.06,Mostly Cloudy,False,False,False,False,True,False,False,False,False,False,False,False,False,Day,33.6_-84.0
A-2673601,3,2018-03-06 15:00:35,2018-03-06 21:00:35,33.683903,-84.06421,0.257,Conyers,Rockdale,GA,30012,US/Eastern,K9A1,2018-03-06 14:56:00,52.0,52.0,89.0,28.63,10.0,CALM,0.0,0.01,Mostly Cloudy,False,False,False,False,False,False,False,False,False,False,False,False,False,Day,33.6_-84.0
A-2674588,3,2018-03-08 20:53:01,2018-03-09 02:53:01,33.65498,-84.0103,0.45,Conyers,Rockdale,GA,30012,US/Eastern,K9A1,2018-03-08 20:56:00,37.0,31.0,48.0,28.93,10.0,NW,8.0,0.0,Fair,False,False,False,False,True,False,False,False,False,False,False,False,False,Night,33.6_-84.0
A-2687601,3,2018-02-07 05:48:12,2018-02-07 11:48:12,33.680851000000004,-84.062291,2.44,Conyers,Rockdale,GA,30012,US/Eastern,K9A1,2018-02-07 05:56:00,57.0,57.0,96.0,,10.0,S,8.0,0.0,Light Rain,False,False,False,False,True,False,False,False,False,False,False,False,False,Night,33.6_-84.0
A-2692817,3,2018-02-19 11:39:31,2018-02-19 17:39:31,33.6852,-84.06531,0.31,Conyers,Rockdale,GA,30012,US/Eastern,K9A1,2018-02-19 11:56:00,57.0,57.0,100.0,29.23,1.0,E,7.0,0.0,Light Rain,False,False,False,False,False,False,False,False,False,False,False,False,False,Day,33.6_-84.0
A-2695914,2,2018-02-26 15:57:35,2018-02-26 21:57:35,33.680620000000005,-84.06195,0.381,Conyers,Rockdale,GA,30012,US/Eastern,K9A1,2018-02-26 15:56:00,64.0,64.0,63.0,29.03,10.0,VAR,7.0,0.0,Cloudy,False,False,False,False,True,False,False,False,False,False,False,False,False,Day,33.6_-84.0
A-2698017,4,2018-01-03 13:22:07,2018-01-03 19:22:07,33.60816,-84.09532,0.0,Conyers,Rockdale,GA,30094-3921,US/Eastern,K9A1,2018-01-03 12:56:00,36.0,31.0,24.0,28.99,10.0,WNW,6.0,0.0,Fair,False,False,False,False,False,False,False,False,False,False,False,False,False,Day,33.6_-84.0
A-2699709,4,2018-01-06 17:33:13,2018-01-06 23:33:13,33.680620000000005,-84.06195,0.381,Conyers,Rockdale,GA,30012,US/Eastern,K9A1,2018-01-06 17:56:00,33.0,26.0,20.0,29.28,10.0,WNW,8.0,0.0,Fair,False,False,False,False,True,False,False,False,False,False,False,False,False,Day,33.6_-84.0
A-2700148,2,2018-01-08 08:15:59,2018-01-08 14:15:59,33.68572,-84.06567,0.352,Conyers,Rockdale,GA,30012,US/Eastern,K9A1,2018-01-08 07:56:00,29.0,22.0,41.0,29.18,10.0,ENE,7.0,0.0,Partly Cloudy,False,False,False,False,True,False,False,False,False,False,False,False,False,Day,33.6_-84.0
A-2700196,3,2018-01-08 16:55:44,2018-01-08 22:55:44,33.66171,-84.02468,0.599,Conyers,Rockdale,GA,30012,US/Eastern,K9A1,2018-01-08 16:56:00,35.0,31.0,89.0,29.08,7.0,NE,5.0,0.02,Light Rain,False,False,False,False,False,False,False,False,False,False,False,False,False,Day,33.6_-84.0
A-2702752,4,2018-01-12 02:34:51,2018-01-12 08:34:51,33.66171,-84.02468,2.85,Conyers,Rockdale,GA,30012,US/Eastern,K9A1,2018-01-12 02:33:00,57.0,57.0,100.0,,0.25,CALM,0.0,0.0,Fog,False,False,False,False,False,False,False,False,False,False,False,False,False,Night,33.6_-84.0
A-2704143,3,2018-01-16 10:37:52,2018-01-16 16:37:52,33.69825,-84.08423,0.906,Conyers,DeKalb,GA,30012,US/Eastern,K9A1,2018-01-16 10:56:00,43.0,38.0,47.0,29.29,10.0,SW,9.0,0.0,Fair,False,False,False,False,True,False,False,False,False,False,False,False,False,Day,33.6_-84.0
A-2712869,3,2017-12-02 06:24:22,2017-12-02 12:24:22,33.65498,-84.0103,0.45,Conyers,Rockdale,GA,30012,US/Eastern,K9A1,2017-12-02 05:56:00,51.0,51.0,100.0,,5.0,NNE,5.0,0.0,Partly Cloudy,False,False,False,False,True,False,False,False,False,False,False,False,False,Night,33.6_-84.0
A-2712963,4,2017-12-03 02:26:37,2017-12-03 08:26:37,33.66652,-84.03335,2.251,Conyers,Rockdale,GA,30012,US/Eastern,K9A1,2017-12-03 02:16:00,55.0,55.0,94.0,,0.25,CALM,0.0,0.0,Fog,False,False,False,False,False,False,False,False,False,False,False,False,False,Night,33.6_-84.0
A-2716951,2,2017-12-12 02:06:22,2017-12-12 08:06:22,33.652159999999995,-84.00200000000002,0.373,Conyers,Rockdale,GA,30013,US/Eastern,K9A1,2017-12-12 01:56:00,36.0,36.0,86.0,28.76,10.0,CALM,0.0,0.0,Fair,False,False,False,False,True,False,False,False,False,False,False,False,False,Night,33.6_-84.0
A-2721580,2,2017-12-21 06:34:45,2017-12-21 12:34:45,33.652159999999995,-84.00200000000002,0.373,Conyers,Rockdale,GA,30013,US/Eastern,K9A1,2017-12-21 06:56:00,51.0,51.0,92.0,28.75,5.0,NE,6.0,0.0,Cloudy,False,False,False,False,True,False,False,False,False,False,False,False,False,Night,33.6_-84.0
A-2725785,4,2017-11-04 19:11:45,2017-11-05 01:11:45,33.65221,-84.00723,0.0,Conyers,Rockdale,GA,30013,US/Eastern,K9A1,2017-11-04 18:56:00,69.0,69.0,84.0,28.95,10.0,CALM,0.0,0.0,Cloudy,False,False,False,False,False,False,False,False,False,False,False,False,False,Night,33.6_-84.0
A-2727168,2,2017-11-08 13:28:16,2017-11-08 19:28:16,33.654242,-84.00843,0.0,Conyers,Rockdale,GA,30012,US/Eastern,K9A1,2017-11-08 13:31:00,61.0,61.0,82.0,28.91,10.0,SW,6.0,0.0,Cloudy,False,False,False,False,False,False,False,False,False,False,False,False,False,Day,33.6_-84.0
A-2729516,2,2017-11-14 16:01:38,2017-11-14 22:01:38,33.680620000000005,-84.06195,0.381,Conyers,Rockdale,GA,30012,US/Eastern,K9A1,2017-11-14 15:56:00,58.0,58.0,56.0,29.06,10.0,E,9.0,0.0,Fair,False,False,False,False,True,False,False,False,False,False,False,False,False,Day,33.6_-84.0
A-2740003,2,2017-10-11 21:29:38,2017-10-12 03:29:38,33.680620000000005,-84.06195,0.381,Conyers,Rockdale,GA,30012,US/Eastern,K9A1,2017-10-11 21:56:00,73.0,73.0,90.0,,10.0,CALM,0.0,,Fair,False,False,False,False,True,False,False,False,False,False,False,False,False,Night,33.6_-84.0
A-2750821,3,2017-09-11 14:55:40,2017-09-11 20:55:40,33.680620000000005,-84.06195,0.381,Conyers,Rockdale,GA,30012,US/Eastern,K9A1,2017-09-11 14:45:00,59.0,59.0,94.0,28.57,3.0,NE,30.0,,Cloudy / Windy,False,False,False,False,True,False,False,False,False,False,False,False,False,Day,33.6_-84.0
A-2751665,3,2017-09-13 06:50:27,2017-09-13 12:50:27,33.66171,-84.02468,0.599,Conyers,Rockdale,GA,30012,US/Eastern,K9A1,2017-09-13 06:50:00,59.0,59.0,100.0,28.78,2.0,ESE,3.0,,Fog,False,False,False,False,False,False,False,False,False,False,False,False,False,Night,33.6_-84.0
A-2752118,4,2017-09-14 07:39:59,2017-09-14 13:39:59,33.654693,-84.009294,2.516,Conyers,Rockdale,GA,30012,US/Eastern,K9A1,2017-09-14 07:45:00,66.0,66.0,88.0,28.86,5.0,CALM,0.0,,Cloudy,False,False,False,False,False,False,False,False,False,False,False,False,False,Day,33.6_-84.0
A-2757514,2,2017-09-28 08:52:00,2017-09-28 14:52:00,33.650934,-84.00008199999998,0.0,Conyers,Rockdale,GA,30013,US/Eastern,K9A1,2017-09-28 08:56:00,72.0,72.0,84.0,28.85,10.0,CALM,0.0,,Fair,False,False,False,False,False,False,False,False,False,False,False,False,False,Day,33.6_-84.0
A-2762092,3,2017-08-08 03:50:51,2017-08-08 09:50:51,33.652159999999995,-84.00200000000002,0.373,Conyers,Rockdale,GA,30013,US/Eastern,K9A1,2017-08-08 06:45:00,70.0,70.0,100.0,28.9,3.0,W,6.0,,Light Rain,False,False,False,False,True,False,False,False,False,False,False,False,False,Night,33.6_-84.0
A-2768016,2,2017-08-22 11:57:00,2017-08-22 17:57:00,33.691651,-84.072076,0.0,Conyers,Rockdale,GA,30012,US/Eastern,K9A1,2017-08-22 11:45:00,86.0,86.0,66.0,29.02,10.0,SSW,6.0,,Mostly Cloudy,False,False,False,False,False,False,False,False,False,False,False,False,False,Day,33.6_-84.0
A-2779842,3,2019-04-18 13:32:21,2019-04-18 14:02:02,33.680620000000005,-84.06195,0.381,Conyers,Rockdale,GA,30012,US/Eastern,K9A1,2019-04-18 13:56:00,75.0,75.0,62.0,28.84,10.0,SSE,13.0,0.0,Mostly Cloudy,False,False,False,False,True,False,False,False,False,False,False,False,False,Day,33.6_-84.0
A-2779843,3,2019-04-18 12:59:20,2019-04-18 13:27:06,33.680620000000005,-84.06195,0.381,Conyers,Rockdale,GA,30012,US/Eastern,K9A1,2019-04-18 12:56:00,75.0,75.0,62.0,28.87,10.0,SSW,13.0,0.0,Partly Cloudy,False,False,False,False,True,False,False,False,False,False,False,False,False,Day,33.6_-84.0
A-2785576,3,2019-04-02 16:42:05,2019-04-02 17:11:24,33.65498,-84.0103,0.45,Conyers,Rockdale,GA,30012,US/Eastern,K9A1,2019-04-02 16:56:00,62.0,62.0,30.0,28.95,10.0,VAR,5.0,0.0,Fair,False,False,False,False,True,False,False,False,False,False,False,False,False,Day,33.6_-84.0
A-2796416,3,2019-05-26 00:31:32,2019-05-26 01:01:12,33.68601,-84.06567,0.089,Conyers,Rockdale,GA,30012,US/Eastern,K9A1,2019-05-26 00:56:00,71.0,71.0,90.0,29.01,10.0,CALM,0.0,0.0,Fair,False,False,False,False,False,False,False,False,False,False,False,False,False,Night,33.6_-84.0
A-2800351,4,2019-05-02 05:31:40,2019-05-02 06:00:22,33.66652,-84.03335,1.836,Conyers,Rockdale,GA,30012,US/Eastern,K9A1,2019-05-02 05:56:00,62.0,62.0,100.0,29.07,10.0,CALM,0.0,0.0,Fair,False,False,False,False,False,False,False,False,False,False,False,False,False,Night,33.6_-84.0
A-2804625,3,2019-06-10 18:19:34,2019-06-10 18:49:04,33.65498,-84.0103,0.45,Conyers,Rockdale,GA,30012,US/Eastern,K9A1,2019-06-10 17:56:00,79.0,79.0,82.0,28.83,10.0,WNW,8.0,0.0,Mostly Cloudy,False,False,False,False,True,False,False,False,False,False,False,False,False,Day,33.6_-84.0
A-2807622,4,2019-06-18 00:23:54,2019-06-18 00:51:58,33.680851000000004,-84.062291,1.906,Conyers,Rockdale,GA,30012,US/Eastern,K9A1,2019-06-18 00:56:00,72.0,72.0,100.0,28.93,10.0,CALM,0.0,0.0,Fair,False,False,False,False,True,False,False,False,False,False,False,False,False,Night,33.6_-84.0
A-2837186,3,2019-08-06 02:27:11,2019-08-06 02:56:03,33.65446,-84.00786,1.686,Conyers,Rockdale,GA,30012,US/Eastern,K9A1,2019-08-06 02:56:00,68.0,68.0,100.0,28.85,9.0,CALM,0.0,0.0,Fair,False,False,False,False,False,False,False,False,False,False,False,False,False,Night,33.6_-84.0
A-2837728,4,2019-08-07 07:15:58,2019-08-07 07:45:05,33.65418,-84.00498,0.093,Conyers,Rockdale,GA,30013,US/Eastern,K9A1,2019-08-07 06:56:00,71.0,71.0,93.0,28.82,10.0,SW,3.0,0.0,Fair,False,False,False,True,False,False,False,False,False,False,False,True,False,Day,33.6_-84.0
A-2840394,2,2019-08-13 20:38:33,2019-08-13 21:06:58,33.652159999999995,-84.00200000000002,0.373,Conyers,Rockdale,GA,30013,US/Eastern,K9A1,2019-08-13 20:56:00,85.0,85.0,77.0,28.77,10.0,ESE,3.0,0.0,Partly Cloudy,False,False,False,False,True,False,False,False,False,False,False,False,False,Night,33.6_-84.0
A-2844560,4,2019-08-22 11:25:55,2019-08-22 11:54:47,33.645582,-84.013974,0.212,Conyers,Rockdale,GA,30013,US/Eastern,K9A1,2019-08-22 10:56:00,85.0,85.0,65.0,28.98,10.0,W,6.0,0.0,Fair,False,False,False,False,False,False,False,False,False,False,False,False,False,Day,33.6_-84.0
