ID,Severity,Start_Time,End_Time,Start_Lat,Start_Lng,Distance(mi),City,County,State,Zipcode,Timezone,Airport_Code,Weather_Timestamp,Temperature(F),Wind_Chill(F),Humidity(%),Pressure(in),Visibility(mi),Wind_Direction,Wind_Speed(mph),Precipitation(in),Weather_Condition,Amenity,Bump,Crossing,Give_Way,Junction,No_Exit,Railway,Roundabout,Station,Stop,Traffic_Calming,Traffic_Signal,Turning_Loop,Sunrise_Sunset,DF_Matching
A-1759682,2,2020-12-18 21:02:00,2020-12-18 23:45:00,33.621685,-83.085451,0.023,Union Point,Greene,GA,30669,US/Eastern,K3J7,2020-12-18 20:55:00,39.0,39.0,75.0,29.64,10.0,CALM,0.0,0.0,Fair,False,False,False,False,False,False,False,False,False,False,False,False,False,Night,33.6_-83.0
A-1892150,2,2020-12-18 21:02:00,2020-12-18 23:45:00,33.621029,-83.084467,0.073,Union Point,Greene,GA,30669-1160,US/Eastern,K3J7,2020-12-18 20:55:00,39.0,39.0,75.0,29.64,10.0,CALM,0.0,0.0,Fair,False,False,False,False,False,False,False,False,False,False,False,False,False,Night,33.6_-83.0
A-2806221,4,2019-06-13 05:09:00,2019-06-13 05:38:08,33.61517,-83.07887,0.474,Union Point,Greene,GA,30669-1483,US/Eastern,K3J7,2019-06-13 05:15:00,64.0,64.0,94.0,29.2,1.0,CALM,0.0,0.0,Fog,False,False,False,False,False,False,False,False,False,False,False,False,False,Night,33.6_-83.0
A-2806222,4,2019-06-13 05:09:00,2019-06-13 05:38:08,33.612596,-83.086499,0.474,Union Point,Greene,GA,30669-1449,US/Eastern,K3J7,2019-06-13 05:15:00,64.0,64.0,94.0,29.2,1.0,CALM,0.0,0.0,Fog,False,False,False,False,False,False,False,False,False,False,False,False,False,Night,33.6_-83.0
