ID,Severity,Start_Time,End_Time,Start_Lat,Start_Lng,Distance(mi),City,County,State,Zipcode,Timezone,Airport_Code,Weather_Timestamp,Temperature(F),Wind_Chill(F),Humidity(%),Pressure(in),Visibility(mi),Wind_Direction,Wind_Speed(mph),Precipitation(in),Weather_Condition,Amenity,Bump,Crossing,Give_Way,Junction,No_Exit,Railway,Roundabout,Station,Stop,Traffic_Calming,Traffic_Signal,Turning_Loop,Sunrise_Sunset,DF_Matching
A-64176,4,2016-10-05 09:57:50,2016-10-05 15:57:50,32.91976,-84.77015,0.264,Warm Springs,Meriwether,GA,31830-2823,US/Eastern,KLGC,2016-10-05 09:55:00,69.4,,70.0,30.16,10.0,ENE,8.1,,Clear,False,False,False,False,False,False,False,False,False,False,False,False,False,Day,32.9_-84.7
A-64177,4,2016-10-05 09:57:50,2016-10-05 15:57:50,32.917362,-84.773696,0.264,Warm Springs,Meriwether,GA,31830-2822,US/Eastern,KLGC,2016-10-05 09:55:00,69.4,,70.0,30.16,10.0,ENE,8.1,,Clear,False,False,False,False,False,False,False,False,False,False,False,False,False,Day,32.9_-84.7
A-64197,4,2016-10-05 11:28:47,2016-10-05 17:28:47,32.91976,-84.77015,0.264,Warm Springs,Meriwether,GA,31830-2823,US/Eastern,KLGC,2016-10-05 11:35:00,76.3,,57.0,30.15,10.0,East,8.1,,Clear,False,False,False,False,False,False,False,False,False,False,False,False,False,Day,32.9_-84.7
A-160106,4,2017-03-24 08:12:48,2017-03-24 14:12:48,32.930657000000004,-84.737739,0.434,Warm Springs,Meriwether,GA,31830-2637,US/Eastern,KLGC,2017-03-24 08:15:00,59.0,,83.0,30.4,10.0,SE,6.9,,Overcast,False,False,False,False,False,False,False,False,False,False,False,False,False,Day,32.9_-84.7
A-220050,4,2017-07-21 22:54:46,2017-07-22 04:54:46,32.96918400000001,-84.711712,0.075,Greenville,Meriwether,GA,30222,US/Eastern,KCCO,2017-07-21 22:55:00,81.0,,81.0,30.06,10.0,SSW,4.6,,Scattered Clouds,False,False,False,False,False,False,False,False,False,False,False,False,False,Night,32.9_-84.7
A-220051,4,2017-07-21 22:54:46,2017-07-22 04:54:46,32.968468,-84.71073299999998,0.045,Greenville,Meriwether,GA,30222-4114,US/Eastern,KCCO,2017-07-21 22:55:00,81.0,,81.0,30.06,10.0,SSW,4.6,,Scattered Clouds,False,False,False,False,False,False,False,False,False,False,False,False,False,Night,32.9_-84.7
A-746520,2,2021-12-30 22:06:00,2021-12-30 23:21:00,32.9146,-84.748359,1.025,Warm Springs,Meriwether,GA,31830-2534,US/Eastern,KLGC,2021-12-30 22:15:00,63.0,63.0,94.0,29.23,10.0,CALM,0.0,,Cloudy,False,False,False,False,False,False,False,False,False,False,False,False,False,Night,32.9_-84.7
A-1226332,2,2021-10-25 17:14:00,2021-10-25 22:00:00,32.935262,-84.731401,1.767,Greenville,Meriwether,GA,30222,US/Eastern,KCCO,2021-10-25 17:15:00,75.0,75.0,73.0,28.8,10.0,WSW,3.0,,Mostly Cloudy,False,False,False,False,False,False,False,False,False,False,False,False,False,Day,32.9_-84.7
A-2693421,4,2018-02-20 16:48:30,2018-02-20 22:48:30,32.95723,-84.70738,0.0,Greenville,Meriwether,GA,30222-4420,US/Eastern,KCCO,2018-02-20 16:55:00,74.7,,61.0,30.3,10.0,SE,11.5,,Overcast,False,False,False,False,False,False,False,False,False,False,False,False,False,Day,32.9_-84.7
