ID,Severity,Start_Time,End_Time,Start_Lat,Start_Lng,Distance(mi),City,County,State,Zipcode,Timezone,Airport_Code,Weather_Timestamp,Temperature(F),Wind_Chill(F),Humidity(%),Pressure(in),Visibility(mi),Wind_Direction,Wind_Speed(mph),Precipitation(in),Weather_Condition,Amenity,Bump,Crossing,Give_Way,Junction,No_Exit,Railway,Roundabout,Station,Stop,Traffic_Calming,Traffic_Signal,Turning_Loop,Sunrise_Sunset,DF_Matching
A-577205,2,2021-12-18 10:43:00,2021-12-18 14:00:00,32.96918,-81.764987,0.119,Sardis,Burke,GA,30456-2054,US/Eastern,KJYL,2021-12-18 10:35:00,67.0,67.0,96.0,29.97,10.0,SSW,5.0,0.0,Fair,False,False,False,False,False,False,False,False,False,False,False,False,False,Day,32.9_-81.7
A-2648320,4,2018-06-27 13:56:31,2018-06-27 19:56:31,32.959610999999995,-81.747598,0.523,Sardis,Burke,GA,30456,US/Eastern,KJYL,2018-06-27 14:15:00,89.6,,65.0,30.06,10.0,WNW,5.8,,Clear,False,False,False,False,False,False,False,False,False,False,False,False,False,Day,32.9_-81.7
A-2648321,4,2018-06-27 13:56:31,2018-06-27 19:56:31,32.953025,-81.743162,0.523,Sardis,Burke,GA,30456-2123,US/Eastern,KJYL,2018-06-27 14:15:00,89.6,,65.0,30.06,10.0,WNW,5.8,,Clear,False,False,False,False,False,False,False,False,False,False,False,False,False,Day,32.9_-81.7
A-2797877,4,2019-05-29 16:04:32,2019-05-29 16:32:39,32.969962,-81.763006,0.013,Sardis,Burke,GA,30456-2019,US/Eastern,KJYL,2019-05-29 15:55:00,100.0,100.0,27.0,29.68,10.0,WNW,8.0,0.0,Partly Cloudy,False,False,False,False,False,False,False,False,False,False,False,False,False,Day,32.9_-81.7
A-2797878,4,2019-05-29 16:04:32,2019-05-29 16:32:39,32.970018,-81.762786,0.013,Sardis,Burke,GA,30456-2094,US/Eastern,KJYL,2019-05-29 15:55:00,100.0,100.0,27.0,29.68,10.0,WNW,8.0,0.0,Partly Cloudy,False,False,False,False,False,False,False,False,False,False,False,False,False,Day,32.9_-81.7
