ID,Severity,Start_Time,End_Time,Start_Lat,Start_Lng,Distance(mi),City,County,State,Zipcode,Timezone,Airport_Code,Weather_Timestamp,Temperature(F),Wind_Chill(F),Humidity(%),Pressure(in),Visibility(mi),Wind_Direction,Wind_Speed(mph),Precipitation(in),Weather_Condition,Amenity,Bump,Crossing,Give_Way,Junction,No_Exit,Railway,Roundabout,Station,Stop,Traffic_Calming,Traffic_Signal,Turning_Loop,Sunrise_Sunset,DF_Matching
A-2631851,4,2018-07-11 05:53:18,2018-07-11 11:53:18,33.232519,-84.950396,0.365,Hogansville,Heard,GA,30230-3782,US/Eastern,KCCO,2018-07-11 05:55:00,72.5,,88.0,30.05,10.0,Calm,,,Clear,False,False,False,False,False,False,False,False,False,False,False,False,False,Night,33.2_-84.9
A-2631852,4,2018-07-11 05:53:18,2018-07-11 11:53:18,33.23266,-84.956716,0.365,Hogansville,Heard,GA,30230,US/Eastern,KCCO,2018-07-11 05:55:00,72.5,,88.0,30.05,10.0,Calm,,,Clear,False,False,False,False,False,False,False,False,False,False,False,False,False,Night,33.2_-84.9
A-2650585,4,2018-05-02 10:55:26,2018-05-02 16:55:26,33.239231,-84.997416,1.618,Hogansville,Heard,GA,30230,US/Eastern,KCCO,2018-05-02 10:55:00,73.0,,53.0,30.34,10.0,Calm,,,Clear,False,False,False,False,False,False,False,False,False,False,False,False,False,Day,33.2_-84.9
A-2650586,4,2018-05-02 10:55:26,2018-05-02 16:55:26,33.23266,-84.97054399999998,1.618,Hogansville,Heard,GA,30230,US/Eastern,KCCO,2018-05-02 10:55:00,73.0,,53.0,30.34,10.0,Calm,,,Clear,False,False,False,False,False,False,False,False,False,False,False,False,False,Day,33.2_-84.9
A-2698651,4,2018-01-04 17:31:45,2018-01-04 23:31:45,33.23941,-84.99798,0.0,Hogansville,Heard,GA,30230-3733,US/Eastern,KCCO,2018-01-04 17:35:00,32.0,23.0,20.0,30.14,10.0,NNW,11.5,,Clear,False,False,False,False,False,False,False,False,False,False,False,False,False,Day,33.2_-84.9
