ID,Severity,Start_Time,End_Time,Start_Lat,Start_Lng,Distance(mi),City,County,State,Zipcode,Timezone,Airport_Code,Weather_Timestamp,Temperature(F),Wind_Chill(F),Humidity(%),Pressure(in),Visibility(mi),Wind_Direction,Wind_Speed(mph),Precipitation(in),Weather_Condition,Amenity,Bump,Crossing,Give_Way,Junction,No_Exit,Railway,Roundabout,Station,Stop,Traffic_Calming,Traffic_Signal,Turning_Loop,Sunrise_Sunset,DF_Matching
A-2299470,4,2020-01-14 13:10:41,2020-01-14 13:39:52,31.35106,-84.07231999999998,1.704,Baconton,Mitchell,GA,31716,US/Eastern,KABY,2020-01-14 12:53:00,75.0,75.0,73.0,30.06,10.0,CALM,0.0,0.0,Cloudy,False,False,False,False,False,False,False,False,False,False,False,False,False,Day,31.3_-84.0
A-2299471,4,2020-01-14 13:10:41,2020-01-14 13:39:52,31.33172,-84.09023,1.704,Baconton,Mitchell,GA,31716-7325,US/Eastern,KABY,2020-01-14 12:53:00,75.0,75.0,73.0,30.06,10.0,CALM,0.0,0.0,Cloudy,False,False,False,False,False,False,False,False,False,False,False,False,False,Day,31.3_-84.0
A-2805602,4,2019-06-12 09:53:17,2019-06-12 10:21:07,31.365799,-84.051632,0.496,Baconton,Mitchell,GA,31716-7204,US/Eastern,KABY,2019-06-12 09:53:00,77.0,77.0,88.0,29.74,10.0,E,6.0,0.0,Cloudy,False,False,False,False,False,False,False,False,False,False,False,False,False,Day,31.3_-84.0
A-2805603,4,2019-06-12 09:53:17,2019-06-12 10:21:07,31.369940000000003,-84.04476,0.496,Baconton,Mitchell,GA,31716-7209,US/Eastern,KABY,2019-06-12 09:53:00,77.0,77.0,88.0,29.74,10.0,E,6.0,0.0,Cloudy,False,False,False,False,False,False,False,False,False,False,False,False,False,Day,31.3_-84.0
