ID,Severity,Start_Time,End_Time,Start_Lat,Start_Lng,Distance(mi),City,County,State,Zipcode,Timezone,Airport_Code,Weather_Timestamp,Temperature(F),Wind_Chill(F),Humidity(%),Pressure(in),Visibility(mi),Wind_Direction,Wind_Speed(mph),Precipitation(in),Weather_Condition,Amenity,Bump,Crossing,Give_Way,Junction,No_Exit,Railway,Roundabout,Station,Stop,Traffic_Calming,Traffic_Signal,Turning_Loop,Sunrise_Sunset,DF_Matching
A-44018,2,2017-01-12 09:20:34,2017-01-12 15:20:34,31.548499,-83.890493,0.062,Sylvester,Worth,GA,31791-7630,US/Eastern,KABY,2017-01-12 08:53:00,53.1,,93.0,30.39,6.0,Calm,,,Clear,False,False,False,False,False,False,False,False,False,False,False,False,False,Day,31.5_-83.8
A-78694,4,2016-09-07 18:04:00,2016-09-08 00:04:00,31.53054,-83.83533,0.118,Sylvester,Worth,GA,31791,US/Eastern,KABY,2016-09-07 17:53:00,90.0,,38.0,30.13,10.0,SSE,6.9,,Clear,False,False,True,False,False,False,False,False,False,False,False,True,False,Day,31.5_-83.8
A-88907,4,2016-07-26 09:00:25,2016-07-26 15:00:25,31.5961,-83.83010999999998,2.84,Sylvester,Worth,GA,31791-3947,US/Eastern,KABY,2016-07-26 08:53:00,81.0,,79.0,30.09,10.0,ESE,3.5,,Clear,False,False,False,False,False,False,False,False,False,False,False,False,False,Day,31.5_-83.8
A-806004,2,2021-11-22 19:16:00,2021-11-22 21:43:30,31.54276,-83.87992,0.7829999999999999,Sylvester,Worth,GA,31791-3455,US/Eastern,KABY,2021-11-22 18:53:00,59.0,59.0,72.0,29.8,10.0,WNW,5.0,0.0,Fair,False,False,False,False,False,False,False,False,False,False,False,False,False,Night,31.5_-83.8
A-1143536,2,2021-11-22 19:33:00.000000000,2021-11-22 22:45:00.000000000,31.546528,-83.885802,0.353,Sylvester,Worth,GA,31791-7640,US/Eastern,KABY,2021-11-22 19:53:00,56.0,56.0,77.0,29.81,10.0,WNW,7.0,0.0,Fair,False,False,False,False,False,False,False,False,False,False,False,False,False,Night,31.5_-83.8
A-2419331,4,2019-10-16 06:00:31,2019-10-16 06:28:26,31.53054,-83.83533,0.118,Sylvester,Worth,GA,31791,US/Eastern,KABY,2019-10-16 05:53:00,72.0,72.0,97.0,29.59,4.0,SSW,8.0,0.01,Cloudy,False,False,True,False,False,False,False,False,False,False,False,True,False,Night,31.5_-83.8
A-2419336,4,2019-10-16 07:40:20,2019-10-16 08:09:06,31.53054,-83.83533,0.118,Sylvester,Worth,GA,31791,US/Eastern,KABY,2019-10-16 07:37:00,73.0,73.0,93.0,29.64,10.0,W,7.0,0.0,Cloudy,False,False,True,False,False,False,False,False,False,False,False,True,False,Day,31.5_-83.8
A-2557859,4,2018-12-13 19:25:47,2018-12-13 19:55:25,31.538615000000004,-83.866718,0.019,Sylvester,Worth,GA,31791-7634,US/Eastern,KABY,2018-12-13 19:53:00,59.0,,72.0,30.1,10.0,East,8.1,,Partly Cloudy,False,False,False,False,False,False,False,False,False,False,False,False,False,Night,31.5_-83.8
A-2633540,3,2018-07-15 17:43:24,2018-07-15 18:13:12,31.56115,-83.8306,0.0,Sylvester,Worth,GA,31791-3911,US/Eastern,KABY,2018-07-15 17:49:00,77.0,,89.0,30.04,10.0,Calm,,0.0,Light Rain,False,False,False,False,False,False,False,False,False,False,False,False,False,Day,31.5_-83.8
