ID,Severity,Start_Time,End_Time,Start_Lat,Start_Lng,Distance(mi),City,County,State,Zipcode,Timezone,Airport_Code,Weather_Timestamp,Temperature(F),Wind_Chill(F),Humidity(%),Pressure(in),Visibility(mi),Wind_Direction,Wind_Speed(mph),Precipitation(in),Weather_Condition,Amenity,Bump,Crossing,Give_Way,Junction,No_Exit,Railway,Roundabout,Station,Stop,Traffic_Calming,Traffic_Signal,Turning_Loop,Sunrise_Sunset,DF_Matching
A-137795,4,2017-01-30 23:27:21,2017-01-31 05:27:21,32.327633,-82.323464,0.155,Lyons,Toombs,GA,30436-5902,US/Eastern,KVDI,2017-01-30 23:35:00,44.6,41.4,76.0,30.16,10.0,SW,5.8,,Clear,False,False,False,False,False,False,False,False,False,False,False,False,False,Night,32.3_-82.3
A-137796,4,2017-01-30 23:27:21,2017-01-31 05:27:21,32.325410999999995,-82.323148,0.155,Lyons,Toombs,GA,30436-5972,US/Eastern,KVDI,2017-01-30 23:35:00,44.6,41.4,76.0,30.16,10.0,SW,5.8,,Clear,False,False,False,False,False,False,False,False,False,False,False,False,False,Night,32.3_-82.3
A-137803,4,2017-01-31 00:16:21,2017-01-31 06:16:21,32.325410999999995,-82.323148,0.155,Lyons,Toombs,GA,30436-5972,US/Eastern,KVDI,2017-01-31 00:15:00,44.6,43.1,76.0,30.16,10.0,SW,3.5,,Clear,False,False,False,False,False,False,False,False,False,False,False,False,False,Night,32.3_-82.3
A-137804,4,2017-01-31 00:16:21,2017-01-31 06:16:21,32.327633,-82.323464,0.155,Lyons,Toombs,GA,30436-5902,US/Eastern,KVDI,2017-01-31 00:15:00,44.6,43.1,76.0,30.16,10.0,SW,3.5,,Clear,False,False,False,False,False,False,False,False,False,False,False,False,False,Night,32.3_-82.3
