ID,Severity,Start_Time,End_Time,Start_Lat,Start_Lng,Distance(mi),City,County,State,Zipcode,Timezone,Airport_Code,Weather_Timestamp,Temperature(F),Wind_Chill(F),Humidity(%),Pressure(in),Visibility(mi),Wind_Direction,Wind_Speed(mph),Precipitation(in),Weather_Condition,Amenity,Bump,Crossing,Give_Way,Junction,No_Exit,Railway,Roundabout,Station,Stop,Traffic_Calming,Traffic_Signal,Turning_Loop,Sunrise_Sunset,DF_Matching
A-150015,4,2017-02-17 12:53:22,2017-02-17 18:53:22,33.148540000000004,-82.38672,1.146,Wrens,Jefferson,GA,30833,US/Eastern,KHQU,2017-02-17 12:55:00,69.4,,29.0,30.06,10.0,West,5.8,,Clear,False,False,False,False,False,False,False,False,False,False,False,False,False,Day,33.1_-82.3
A-150016,4,2017-02-17 12:53:22,2017-02-17 18:53:22,33.13598,-82.399666,1.146,Louisville,Jefferson,GA,30434-3229,US/Eastern,KOKZ,2017-02-17 12:55:00,66.0,66.0,34.0,29.57,10.0,WNW,3.0,,Fair,False,False,False,False,False,False,False,False,False,False,False,False,False,Day,33.1_-82.3
A-2384559,4,2019-12-10 17:08:21,2019-12-10 17:37:29,33.177409999999995,-82.39832,1.977,Wrens,Jefferson,GA,30833-4512,US/Eastern,KHQU,2019-12-10 17:15:00,63.0,63.0,93.0,29.47,10.0,N,12.0,0.0,Cloudy,False,False,False,False,False,False,False,False,False,False,False,False,False,Day,33.1_-82.3
A-2384560,4,2019-12-10 17:08:21,2019-12-10 17:37:29,33.150459999999995,-82.38686,1.977,Wrens,Jefferson,GA,30833-4012,US/Eastern,KHQU,2019-12-10 17:15:00,63.0,63.0,93.0,29.47,10.0,N,12.0,0.0,Cloudy,False,False,False,False,False,False,False,False,False,False,False,False,False,Day,33.1_-82.3
