ID,Severity,Start_Time,End_Time,Start_Lat,Start_Lng,Distance(mi),City,County,State,Zipcode,Timezone,Airport_Code,Weather_Timestamp,Temperature(F),Wind_Chill(F),Humidity(%),Pressure(in),Visibility(mi),Wind_Direction,Wind_Speed(mph),Precipitation(in),Weather_Condition,Amenity,Bump,Crossing,Give_Way,Junction,No_Exit,Railway,Roundabout,Station,Stop,Traffic_Calming,Traffic_Signal,Turning_Loop,Sunrise_Sunset,DF_Matching
A-88903,4,2016-07-26 09:00:25,2016-07-26 15:00:25,31.6361,-83.81898000000002,2.84,Sylvester,Worth,GA,31791-3953,US/Eastern,KABY,2016-07-26 08:53:00,81.0,,79.0,30.09,10.0,ESE,3.5,,Clear,False,False,False,False,False,False,False,False,False,False,False,False,False,Day,31.6_-83.8
A-204547,4,2017-06-14 13:37:04,2017-06-14 19:37:04,31.62328,-83.82441,0.0,Sylvester,Worth,GA,31791-3930,US/Eastern,KABY,2017-06-14 13:53:00,82.9,,67.0,30.09,10.0,Variable,3.5,,Mostly Cloudy,False,False,False,False,False,False,False,False,False,True,False,False,False,Day,31.6_-83.8
A-2786129,4,2019-05-03 16:52:21,2019-05-03 17:21:29,31.664582,-83.80795,1.325,Sylvester,Worth,GA,31791-4061,US/Eastern,KABY,2019-05-03 16:53:00,88.0,88.0,48.0,29.74,10.0,VAR,6.0,0.0,Partly Cloudy,False,False,False,False,False,False,False,False,False,False,False,False,False,Day,31.6_-83.8
A-2786131,4,2019-05-03 16:52:21,2019-05-03 17:21:29,31.68376,-83.80803,1.325,Ashburn,Worth,GA,31714-2457,US/Eastern,KCKF,2019-05-03 16:55:00,83.0,83.0,54.0,29.61,10.0,CALM,0.0,,Fair,False,False,False,False,False,False,False,False,False,False,False,False,False,Day,31.6_-83.8
