ID,Severity,Start_Time,End_Time,Start_Lat,Start_Lng,Distance(mi),City,County,State,Zipcode,Timezone,Airport_Code,Weather_Timestamp,Temperature(F),Wind_Chill(F),Humidity(%),Pressure(in),Visibility(mi),Wind_Direction,Wind_Speed(mph),Precipitation(in),Weather_Condition,Amenity,Bump,Crossing,Give_Way,Junction,No_Exit,Railway,Roundabout,Station,Stop,Traffic_Calming,Traffic_Signal,Turning_Loop,Sunrise_Sunset,DF_Matching
A-37488,4,2016-12-18 03:46:52,2016-12-18 09:46:52,33.769039,-84.65068000000002,4.202,Lithia Springs,Douglas,GA,30122,US/Eastern,KFTY,2016-12-18 03:53:00,69.1,,78.0,29.97,10.0,SW,11.5,,Overcast,False,False,False,False,False,False,False,False,False,False,False,False,False,Night,33.7_-84.6
A-37491,4,2016-12-18 03:52:43,2016-12-18 09:52:43,33.767428,-84.657276,3.384,Lithia Springs,Douglas,GA,30122,US/Eastern,KFTY,2016-12-18 03:53:00,69.1,,78.0,29.97,10.0,SW,11.5,,Overcast,False,False,False,False,False,False,False,False,False,False,False,False,False,Night,33.7_-84.6
A-47186,2,2017-01-25 07:09:11,2017-01-25 13:09:11,33.767428,-84.657276,0.609,Lithia Springs,Douglas,GA,30122,US/Eastern,KFTY,2017-01-25 06:53:00,36.0,,89.0,29.92,10.0,Calm,,,Clear,False,False,False,False,False,False,False,False,False,False,False,False,False,Night,33.7_-84.6
A-53306,2,2016-11-10 09:01:10,2016-11-10 15:01:10,33.77663,-84.61301999999998,0.785,Lithia Springs,Douglas,GA,30122,US/Eastern,KFTY,2016-11-10 08:53:00,48.0,,66.0,30.25,10.0,Variable,3.5,,Clear,False,False,False,False,False,False,False,False,False,False,False,False,False,Day,33.7_-84.6
A-55057,2,2016-11-16 15:50:20,2016-11-16 21:50:20,33.76953,-84.6483,0.405,Lithia Springs,Douglas,GA,30122,US/Eastern,KFTY,2016-11-16 15:53:00,72.0,,22.0,29.97,10.0,WNW,9.2,,Clear,False,False,False,False,False,False,False,False,False,False,False,False,False,Day,33.7_-84.6
A-55169,2,2016-11-16 21:46:44,2016-11-17 03:46:44,33.76953,-84.6483,0.405,Lithia Springs,Douglas,GA,30122,US/Eastern,KFTY,2016-11-16 21:53:00,46.9,,74.0,30.04,10.0,Calm,,,Clear,False,False,False,False,False,False,False,False,False,False,False,False,False,Night,33.7_-84.6
A-71725,2,2016-08-14 08:13:34,2016-08-14 14:13:34,33.77678,-84.60206,0.481,Lithia Springs,Douglas,GA,30122,US/Eastern,KFTY,2016-08-14 07:53:00,73.0,,90.0,30.1,10.0,Calm,,,Clear,False,False,False,False,True,False,False,False,False,False,False,False,False,Day,33.7_-84.6
A-73497,2,2016-08-19 16:40:11,2016-08-19 22:40:11,33.769703,-84.647477,0.4539999999999999,Lithia Springs,Douglas,GA,30122,US/Eastern,KFTY,2016-08-19 16:53:00,87.1,,49.0,29.95,10.0,WNW,4.6,,Clear,False,False,False,False,False,False,False,False,False,False,False,False,False,Day,33.7_-84.6
A-73993,2,2016-08-22 13:58:37,2016-08-22 19:58:37,33.77689,-84.61054,0.4970000000000001,Lithia Springs,Douglas,GA,30122,US/Eastern,KFTY,2016-08-22 13:53:00,86.0,,44.0,30.14,10.0,Calm,,,Clear,False,False,False,False,True,False,False,False,False,False,False,False,False,Day,33.7_-84.6
A-77782,3,2016-09-04 08:20:47,2016-09-04 14:20:47,33.76778,-84.65576,0.442,Lithia Springs,Douglas,GA,30122,US/Eastern,KFTY,2016-09-04 07:53:00,69.1,,78.0,30.17,10.0,NE,5.8,,Scattered Clouds,False,False,False,False,False,False,False,False,False,False,False,False,False,Day,33.7_-84.6
A-140031,2,2017-02-07 19:07:27,2017-02-08 01:07:27,33.77678,-84.60206,0.481,Lithia Springs,Douglas,GA,30122,US/Eastern,KFTY,2017-02-07 18:53:00,57.9,,90.0,29.78,10.0,North,3.5,0.07,Light Rain,False,False,False,False,True,False,False,False,False,False,False,False,False,Night,33.7_-84.6
A-175861,3,2017-04-14 16:26:06,2017-04-14 22:26:06,33.77678,-84.60206,0.481,Lithia Springs,Douglas,GA,30122,US/Eastern,KFTY,2017-04-14 16:53:00,82.0,,37.0,30.19,10.0,Variable,6.9,,Clear,False,False,False,False,True,False,False,False,False,False,False,False,False,Day,33.7_-84.6
A-177184,4,2017-04-20 10:54:29,2017-04-20 16:54:29,33.77642,-84.60525,0.264,Lithia Springs,Douglas,GA,30122,US/Eastern,KFTY,2017-04-20 10:53:00,72.0,,73.0,30.19,10.0,SSE,5.8,,Clear,False,False,False,False,False,False,False,False,False,False,False,False,False,Day,33.7_-84.6
A-177185,4,2017-04-20 10:54:29,2017-04-20 16:54:29,33.771043,-84.602147,0.412,Lithia Springs,Douglas,GA,30122,US/Eastern,KFTY,2017-04-20 10:53:00,72.0,,73.0,30.19,10.0,SSE,5.8,,Clear,False,False,False,False,False,False,False,False,False,False,False,False,False,Day,33.7_-84.6
A-177186,4,2017-04-20 10:54:29,2017-04-20 16:54:29,33.7764,-84.60540999999998,0.385,Lithia Springs,Douglas,GA,30122,US/Eastern,KFTY,2017-04-20 10:53:00,72.0,,73.0,30.19,10.0,SSE,5.8,,Clear,False,False,False,False,False,False,False,False,False,False,False,False,False,Day,33.7_-84.6
A-179489,4,2017-04-29 21:54:09,2017-04-30 03:54:09,33.79719,-84.64296999999998,0.392,Lithia Springs,Douglas,GA,30122,US/Eastern,KFTY,2017-04-29 21:53:00,80.1,,67.0,30.06,10.0,SE,3.5,,Partly Cloudy,False,False,False,False,False,False,False,False,False,False,False,True,False,Night,33.7_-84.6
A-191612,4,2017-05-21 05:53:17,2017-05-21 11:53:17,33.77678,-84.60206,3.287,Lithia Springs,Douglas,GA,30122,US/Eastern,KFTY,2017-05-21 05:53:00,69.1,,96.0,30.03,10.0,NNE,3.5,0.03,Light Rain,False,False,False,False,True,False,False,False,False,False,False,False,False,Night,33.7_-84.6
A-192121,2,2017-05-23 08:35:17,2017-05-23 14:35:17,33.77678,-84.60206,0.481,Lithia Springs,Douglas,GA,30122,US/Eastern,KFTY,2017-05-23 08:53:00,66.9,,100.0,29.83,7.0,SSW,5.8,0.05,Light Rain,False,False,False,False,True,False,False,False,False,False,False,False,False,Day,33.7_-84.6
A-202609,3,2017-06-07 13:18:21,2017-06-07 19:18:21,33.77678,-84.60206,0.481,Lithia Springs,Douglas,GA,30122,US/Eastern,KFTY,2017-06-07 12:53:00,77.0,,52.0,29.81,10.0,ENE,6.9,,Mostly Cloudy,False,False,False,False,True,False,False,False,False,False,False,False,False,Day,33.7_-84.6
A-204216,2,2017-06-13 14:07:03,2017-06-13 20:07:03,33.77663,-84.61301999999998,0.785,Lithia Springs,Douglas,GA,30122,US/Eastern,KFTY,2017-06-13 13:53:00,84.0,,58.0,30.07,10.0,SW,3.5,,Scattered Clouds,False,False,False,False,False,False,False,False,False,False,False,False,False,Day,33.7_-84.6
A-204432,3,2017-06-14 08:04:47,2017-06-14 14:04:47,33.776812,-84.605819,0.0,Lithia Springs,Douglas,GA,30122,US/Eastern,KFTY,2017-06-14 07:58:00,75.0,,87.0,30.09,10.0,Calm,,,Mostly Cloudy,False,False,False,False,False,False,False,False,False,False,False,False,False,Day,33.7_-84.6
A-204589,3,2017-06-14 16:02:38,2017-06-14 22:02:38,33.77663,-84.61301999999998,0.785,Lithia Springs,Douglas,GA,30122,US/Eastern,KFTY,2017-06-14 15:53:00,86.0,,59.0,29.99,10.0,SW,5.8,,Mostly Cloudy,False,False,False,False,False,False,False,False,False,False,False,False,False,Day,33.7_-84.6
A-205380,3,2017-06-18 17:24:20,2017-06-18 23:24:20,33.77678,-84.60206,0.187,Lithia Springs,Douglas,GA,30122,US/Eastern,KFTY,2017-06-18 17:53:00,77.0,,88.0,29.9,9.0,South,5.8,0.0,Light Rain,False,False,False,False,True,False,False,False,False,False,False,False,False,Day,33.7_-84.6
A-205419,2,2017-06-19 01:28:49,2017-06-19 07:28:49,33.77013,-84.64542,0.7559999999999999,Lithia Springs,Douglas,GA,30122,US/Eastern,KFTY,2017-06-19 01:53:00,73.0,,96.0,29.92,10.0,Variable,3.5,,Clear,False,False,False,False,True,False,False,False,False,False,False,False,False,Night,33.7_-84.6
A-207208,3,2017-06-24 23:23:03,2017-06-25 05:23:03,33.76728,-84.65795,3.424,Lithia Springs,Douglas,GA,30122,US/Eastern,KFTY,2017-06-24 23:20:00,73.0,,96.0,30.09,10.0,Calm,,,Partly Cloudy,False,False,False,False,True,False,False,False,False,False,False,False,False,Night,33.7_-84.6
A-207320,2,2017-06-26 01:50:03,2017-06-26 07:50:03,33.77678,-84.60206,0.481,Lithia Springs,Douglas,GA,30122,US/Eastern,KFTY,2017-06-26 01:53:00,66.0,,90.0,30.13,10.0,North,3.5,,Clear,False,False,False,False,True,False,False,False,False,False,False,False,False,Night,33.7_-84.6
A-216899,3,2017-07-10 10:58:47,2017-07-10 16:58:47,33.77678,-84.60206,0.481,Lithia Springs,Douglas,GA,30122,US/Eastern,KFTY,2017-07-10 10:53:00,82.0,,69.0,30.08,10.0,Calm,,,Clear,False,False,False,False,True,False,False,False,False,False,False,False,False,Day,33.7_-84.6
A-218756,2,2017-07-17 18:19:31,2017-07-18 00:19:31,33.77013,-84.64542,0.7559999999999999,Lithia Springs,Douglas,GA,30122,US/Eastern,KFTY,2017-07-17 17:53:00,84.0,,69.0,29.96,10.0,West,5.8,,Clear,False,False,False,False,True,False,False,False,False,False,False,False,False,Day,33.7_-84.6
A-218765,2,2017-07-17 18:51:01,2017-07-18 00:51:01,33.77678,-84.60206,0.481,Lithia Springs,Douglas,GA,30122,US/Eastern,KFTY,2017-07-17 18:53:00,86.0,,67.0,29.97,10.0,NW,3.5,,Clear,False,False,False,False,True,False,False,False,False,False,False,False,False,Day,33.7_-84.6
A-221052,2,2017-07-26 18:27:46,2017-07-27 00:27:46,33.77678,-84.60206,0.481,Lithia Springs,Douglas,GA,30122,US/Eastern,KFTY,2017-07-26 18:53:00,93.0,,45.0,30.03,10.0,ENE,6.9,,Partly Cloudy,False,False,False,False,True,False,False,False,False,False,False,False,False,Day,33.7_-84.6
A-283021,2,2021-12-02 09:19:30.000000000,2021-12-02 10:51:00.000000000,33.762203,-84.67551,3.034,Lithia Springs,Douglas,GA,30122,US/Eastern,KFTY,2021-12-02 08:53:00,48.0,48.0,86.0,29.23,10.0,CALM,0.0,0.0,Fair,False,False,False,False,False,False,False,False,False,False,False,False,False,Day,33.7_-84.6
A-326823,2,2021-12-02 09:18:00,2021-12-02 10:35:00,33.770406,-84.643203,1.094,Lithia Springs,Douglas,GA,30122,US/Eastern,KFTY,2021-12-02 08:53:00,48.0,48.0,86.0,29.23,10.0,CALM,0.0,0.0,Fair,False,False,False,False,False,False,False,False,False,False,False,False,False,Day,33.7_-84.6
A-330550,2,2021-10-16 14:40:00,2021-10-16 16:02:00,33.777009,-84.605752,1.763,Lithia Springs,Douglas,GA,30122,US/Eastern,KFTY,2021-10-16 14:53:00,68.0,68.0,49.0,29.12,10.0,NW,14.0,0.0,Light Rain,False,False,False,False,False,False,False,False,False,False,False,False,False,Day,33.7_-84.6
A-337835,2,2021-11-17 06:24:00.000000000,2021-11-17 07:45:00.000000000,33.758186,-84.689607,1.659,Douglasville,Douglas,GA,30135,US/Eastern,KFTY,2021-11-17 06:02:00,44.0,44.0,93.0,29.33,6.0,CALM,0.0,0.0,Partly Cloudy,False,False,False,False,False,False,False,False,False,False,False,False,False,Night,33.7_-84.6
A-357853,2,2021-11-23 14:07:33,2021-11-23 17:27:00,33.776852000000005,-84.611143,4.125,Lithia Springs,Douglas,GA,30122,US/Eastern,KFTY,2021-11-23 13:53:00,52.0,52.0,22.0,29.31,10.0,NW,10.0,0.0,Fair,False,False,False,False,True,False,False,False,False,False,False,False,False,Day,33.7_-84.6
A-384804,2,2021-11-22 07:52:00,2021-11-22 09:42:00,33.771983,-84.635549,1.442,Lithia Springs,Douglas,GA,30122,US/Eastern,KFTY,2021-11-22 07:53:00,55.0,55.0,93.0,29.11,4.0,WNW,8.0,0.0,Cloudy,False,False,False,False,True,False,False,False,False,False,False,False,False,Day,33.7_-84.6
A-433703,2,2021-12-21 09:23:00.000000000,2021-12-21 18:25:02.000000000,33.776785,-84.605455,4.212,Lithia Springs,Douglas,GA,30122,US/Eastern,KFTY,2021-12-21 09:53:00,42.0,42.0,62.0,29.11,10.0,E,3.0,0.0,Cloudy,False,False,False,False,False,False,False,False,False,False,False,False,False,Day,33.7_-84.6
A-442299,2,2021-09-19 13:42:00,2021-09-19 15:11:00,33.797332,-84.643524,0.0289999999999999,Lithia Springs,Douglas,GA,30122,US/Eastern,KFTY,2021-09-19 13:53:00,79.0,79.0,79.0,29.19,10.0,ESE,6.0,0.0,Partly Cloudy,False,False,False,False,False,False,False,False,False,False,False,False,False,Day,33.7_-84.6
A-478282,2,2021-12-17 06:32:00,2021-12-17 09:10:30,33.771994,-84.635552,4.009,Lithia Springs,Douglas,GA,30122,US/Eastern,KFTY,2021-12-17 06:44:00,57.0,57.0,93.0,29.32,1.0,CALM,0.0,0.0,Fog,False,False,False,False,True,False,False,False,False,False,False,False,False,Night,33.7_-84.6
A-481840,2,2021-12-08 06:28:00,2021-12-08 09:32:00,33.776852000000005,-84.611143,11.23,Lithia Springs,Douglas,GA,30122,US/Eastern,KFTY,2021-12-08 06:53:00,44.0,42.0,96.0,29.07,2.0,NNE,5.0,0.0,Light Rain,False,False,False,False,True,False,False,False,False,False,False,False,False,Night,33.7_-84.6
A-492031,2,2021-11-28 16:14:00,2021-11-28 19:45:00,33.777047,-84.611195,2.016,Lithia Springs,Douglas,GA,30122,US/Eastern,KFTY,2021-11-28 15:53:00,59.0,59.0,39.0,29.06,10.0,W,6.0,0.0,Fair,False,False,False,False,False,False,False,False,False,False,False,False,False,Day,33.7_-84.6
A-495272,2,2021-10-16 14:40:00,2021-10-16 18:00:00,33.777009,-84.605752,1.082,Lithia Springs,Douglas,GA,30122,US/Eastern,KFTY,2021-10-16 14:53:00,68.0,68.0,49.0,29.12,10.0,NW,14.0,0.0,Light Rain,False,False,False,False,False,False,False,False,False,False,False,False,False,Day,33.7_-84.6
A-501794,4,2021-11-29 06:00:00,2021-11-29 07:30:00,33.771983,-84.635549,1.442,Lithia Springs,Douglas,GA,30122,US/Eastern,KFTY,2021-11-29 05:53:00,39.0,32.0,57.0,29.18,10.0,NNW,10.0,0.0,Fair,False,False,False,False,True,False,False,False,False,False,False,False,False,Night,33.7_-84.6
A-509535,2,2021-04-22 16:25:00,2021-04-22 18:49:38,33.770159,-84.645313,3.969,Lithia Springs,Douglas,GA,30122,US/Eastern,KFTY,2021-04-22 16:53:00,62.0,62.0,23.0,29.25,10.0,NW,8.0,0.0,Fair,False,False,False,False,True,False,False,False,False,False,False,False,False,Day,33.7_-84.6
A-511085,2,2021-09-19 13:45:03,2021-09-19 15:14:13,33.793283,-84.632816,0.6409999999999999,Lithia Springs,Douglas,GA,30122,US/Eastern,KFTY,2021-09-19 13:53:00,79.0,79.0,79.0,29.19,10.0,ESE,6.0,0.0,Partly Cloudy,False,False,False,False,False,False,False,False,False,False,False,False,False,Day,33.7_-84.6
A-522524,2,2021-09-12 20:21:00,2021-09-12 21:36:00,33.768747999999995,-84.652004,0.239,Lithia Springs,Douglas,GA,30122,US/Eastern,KFTY,2021-09-12 19:53:00,80.0,80.0,58.0,29.32,10.0,ESE,3.0,0.0,Fair,False,False,False,False,False,False,False,False,False,False,False,False,False,Night,33.7_-84.6
A-542607,2,2021-11-04 09:59:00,2021-11-04 11:45:00,33.777047,-84.611195,2.016,Lithia Springs,Douglas,GA,30122,US/Eastern,KFTY,2021-11-04 09:53:00,46.0,41.0,89.0,29.35,10.0,ENE,9.0,0.02,Light Rain,False,False,False,False,False,False,False,False,False,False,False,False,False,Day,33.7_-84.6
A-544063,2,2021-09-19 10:21:00,2021-09-19 11:37:00,33.776999,-84.60558,0.455,Lithia Springs,Douglas,GA,30122,US/Eastern,KFTY,2021-09-19 10:23:00,72.0,72.0,93.0,29.23,2.0,CALM,0.0,0.04,Rain,False,False,False,False,False,False,False,False,False,False,False,False,False,Day,33.7_-84.6
A-545618,2,2021-08-23 12:57:30,2021-08-23 15:11:00,33.776852000000005,-84.611143,3.698,Lithia Springs,Douglas,GA,30122,US/Eastern,KFTY,2021-08-23 12:53:00,88.0,88.0,57.0,29.11,10.0,CALM,0.0,0.0,Fair,False,False,False,False,True,False,False,False,False,False,False,False,False,Day,33.7_-84.6
A-585055,2,2021-12-10 07:59:30,2021-12-10 19:22:19,33.776785,-84.605455,3.829,Lithia Springs,Douglas,GA,30122,US/Eastern,KFTY,2021-12-10 07:59:00,49.0,49.0,97.0,29.22,1.0,E,3.0,0.0,Light Rain,False,False,False,False,False,False,False,False,False,False,False,False,False,Day,33.7_-84.6
A-586334,2,2021-11-29 06:00:00,2021-11-29 08:15:00,33.774225,-84.624714,1.306,Lithia Springs,Douglas,GA,30122,US/Eastern,KFTY,2021-11-29 05:53:00,39.0,32.0,57.0,29.18,10.0,NNW,10.0,0.0,Fair,False,False,False,False,False,False,False,False,False,False,False,False,False,Night,33.7_-84.6
A-586493,2,2021-11-28 16:34:37,2021-11-28 16:54:37,33.777047,-84.611195,2.016,Lithia Springs,Douglas,GA,30122,US/Eastern,KFTY,2021-11-28 16:53:00,59.0,59.0,38.0,29.08,10.0,NW,7.0,0.0,Fair,False,False,False,False,False,False,False,False,False,False,False,False,False,Day,33.7_-84.6
A-587978,2,2021-10-29 13:50:40,2021-10-29 18:54:29,33.776785,-84.605455,3.556,Lithia Springs,Douglas,GA,30122,US/Eastern,KFTY,2021-10-29 13:50:00,55.0,55.0,72.0,28.66,10.0,WSW,9.0,0.0,Cloudy,False,False,False,False,False,False,False,False,False,False,False,False,False,Day,33.7_-84.6
A-651992,2,2021-12-08 08:35:00,2021-12-08 10:45:00,33.776792,-84.605636,1.628,Lithia Springs,Douglas,GA,30122,US/Eastern,KFTY,2021-12-08 08:53:00,45.0,45.0,93.0,29.09,2.0,CALM,0.0,0.0,Fog,False,False,False,False,False,False,False,False,False,False,False,False,False,Day,33.7_-84.6
A-692794,2,2021-11-29 06:00:00.000000000,2021-11-29 08:45:00.000000000,33.771983,-84.635549,1.442,Lithia Springs,Douglas,GA,30122,US/Eastern,KFTY,2021-11-29 05:53:00,39.0,32.0,57.0,29.18,10.0,NNW,10.0,0.0,Fair,False,False,False,False,True,False,False,False,False,False,False,False,False,Night,33.7_-84.6
A-709489,2,2021-12-02 20:05:00.000000000,2021-12-02 21:20:00.000000000,33.776999,-84.60558,0.3229999999999999,Lithia Springs,Douglas,GA,30122,US/Eastern,KFTY,2021-12-02 19:53:00,56.0,56.0,64.0,29.18,10.0,CALM,0.0,0.0,Fair,False,False,False,False,False,False,False,False,False,False,False,False,False,Night,33.7_-84.6
A-713934,2,2021-11-29 06:16:00,2021-11-29 10:00:00,33.764153,-84.669015,0.642,Lithia Springs,Douglas,GA,30122,US/Eastern,KFTY,2021-11-29 05:53:00,39.0,32.0,57.0,29.18,10.0,NNW,10.0,0.0,Fair,False,False,False,False,False,False,False,False,False,False,False,False,False,Night,33.7_-84.6
A-757986,2,2021-11-07 17:37:00,2021-11-07 18:52:00,33.757294,-84.6852,0.201,Douglasville,Douglas,GA,30135-1188,US/Eastern,KFTY,2021-11-07 17:53:00,59.0,59.0,39.0,29.26,10.0,WNW,3.0,0.0,Fair,False,False,False,False,False,False,False,False,False,False,False,False,False,Day,33.7_-84.6
A-820253,2,2021-10-17 14:36:22.000000000,2021-10-17 17:13:18.000000000,33.775335,-84.619563,3.089,Lithia Springs,Douglas,GA,30122,US/Eastern,KFTY,2021-10-17 14:53:00,66.0,66.0,37.0,29.25,10.0,NNW,10.0,0.0,Fair,False,False,False,False,False,False,False,False,False,False,False,False,False,Day,33.7_-84.6
A-828885,2,2021-10-29 23:48:00,2021-10-30 01:35:30,33.75929,-84.685223,0.8,Douglasville,Douglas,GA,30135,US/Eastern,KFTY,2021-10-29 23:53:00,51.0,51.0,96.0,28.74,5.0,SW,3.0,0.01,Cloudy,False,False,False,False,False,False,False,False,False,False,False,False,False,Night,33.7_-84.6
A-845966,2,2021-12-05 16:49:00,2021-12-05 18:45:00,33.777047,-84.611195,2.016,Lithia Springs,Douglas,GA,30122,US/Eastern,KFTY,2021-12-05 16:53:00,62.0,62.0,75.0,29.2,10.0,NE,6.0,0.0,Cloudy,False,False,False,False,False,False,False,False,False,False,False,False,False,Day,33.7_-84.6
A-851205,2,2021-11-29 06:00:00,2021-11-29 08:15:00,33.771983,-84.635549,1.442,Lithia Springs,Douglas,GA,30122,US/Eastern,KFTY,2021-11-29 05:53:00,39.0,32.0,57.0,29.18,10.0,NNW,10.0,0.0,Fair,False,False,False,False,True,False,False,False,False,False,False,False,False,Night,33.7_-84.6
A-863070,2,2021-09-17 14:19:48,2021-09-17 18:39:37,33.776462,-84.600418,3.967,Austell,Cobb,GA,30168,US/Eastern,KFTY,2021-09-17 14:20:00,76.0,76.0,85.0,29.25,9.0,E,5.0,0.0,Cloudy,False,False,False,False,False,False,False,False,False,False,False,False,False,Day,33.7_-84.6
A-867892,2,2021-11-28 16:29:26,2021-11-28 16:43:00,33.777047,-84.611195,2.016,Lithia Springs,Douglas,GA,30122,US/Eastern,KFTY,2021-11-28 16:53:00,59.0,59.0,38.0,29.08,10.0,NW,7.0,0.0,Fair,False,False,False,False,False,False,False,False,False,False,False,False,False,Day,33.7_-84.6
A-904822,2,2021-11-29 06:00:00,2021-11-29 08:15:00,33.771983,-84.635549,1.442,Lithia Springs,Douglas,GA,30122,US/Eastern,KFTY,2021-11-29 05:53:00,39.0,32.0,57.0,29.18,10.0,NNW,10.0,0.0,Fair,False,False,False,False,True,False,False,False,False,False,False,False,False,Night,33.7_-84.6
A-904823,2,2021-11-22 08:02:00,2021-11-22 10:30:00,33.774532,-84.62328199999997,1.025,Lithia Springs,Douglas,GA,30122,US/Eastern,KFTY,2021-11-22 07:53:00,55.0,55.0,93.0,29.11,4.0,WNW,8.0,0.0,Cloudy,False,False,False,False,False,False,False,False,False,False,False,False,False,Day,33.7_-84.6
A-925614,2,2021-10-30 00:25:00,2021-10-30 01:51:00,33.765989000000005,-84.663634,0.725,Lithia Springs,Douglas,GA,30122,US/Eastern,KFTY,2021-10-30 00:53:00,51.0,51.0,100.0,28.74,10.0,CALM,0.0,0.0,Cloudy,False,False,False,False,False,False,False,False,False,False,False,False,False,Night,33.7_-84.6
A-926376,2,2021-12-06 13:32:30,2021-12-06 17:20:00,33.776792,-84.605636,3.383,Lithia Springs,Douglas,GA,30122,US/Eastern,KFTY,2021-12-06 13:38:00,62.0,62.0,96.0,29.08,1.0,S,6.0,0.25,T-Storm,False,False,False,False,False,False,False,False,False,False,False,False,False,Day,33.7_-84.6
A-943316,2,2021-11-10 12:23:00,2021-11-10 14:45:00,33.761872,-84.67665,0.848,Lithia Springs,Douglas,GA,30122,US/Eastern,KFTY,2021-11-10 12:53:00,72.0,72.0,37.0,29.24,10.0,SW,7.0,0.0,Fair,False,False,False,False,False,False,False,False,False,False,False,False,False,Day,33.7_-84.6
A-943317,2,2021-10-19 06:41:00,2021-10-19 08:30:00,33.75929,-84.685223,0.99,Douglasville,Douglas,GA,30135,US/Eastern,KFTY,2021-10-19 06:53:00,43.0,43.0,93.0,29.31,10.0,CALM,0.0,0.0,Fair,False,False,False,False,False,False,False,False,False,False,False,False,False,Night,33.7_-84.6
A-943318,2,2021-09-21 06:43:00,2021-09-21 09:45:00,33.75929,-84.685223,0.8,Douglasville,Douglas,GA,30135,US/Eastern,KFTY,2021-09-21 06:53:00,71.0,71.0,96.0,29.17,10.0,NE,3.0,0.0,Cloudy,False,False,False,False,False,False,False,False,False,False,False,False,False,Night,33.7_-84.6
A-971431,2,2021-12-06 06:57:30,2021-12-06 09:29:00,33.771994,-84.635552,5.084,Lithia Springs,Douglas,GA,30122,US/Eastern,KFTY,2021-12-06 06:53:00,56.0,56.0,90.0,29.16,7.0,CALM,0.0,0.0,Cloudy,False,False,False,False,True,False,False,False,False,False,False,False,False,Night,33.7_-84.6
A-972338,2,2021-09-10 09:30:30.000000000,2021-09-10 12:25:00.000000000,33.776785,-84.605455,2.597,Lithia Springs,Douglas,GA,30122,US/Eastern,KFTY,2021-09-10 09:53:00,69.0,69.0,70.0,29.22,10.0,NE,5.0,0.0,Fair,False,False,False,False,False,False,False,False,False,False,False,False,False,Day,33.7_-84.6
A-990778,2,2021-10-30 00:25:00.000000000,2021-10-30 01:51:00.000000000,33.760913,-84.67983100000002,1.043,Douglasville,Douglas,GA,30135,US/Eastern,KFTY,2021-10-30 00:53:00,51.0,51.0,100.0,28.74,10.0,CALM,0.0,0.0,Cloudy,False,False,False,False,False,False,False,False,False,False,False,False,False,Night,33.7_-84.6
A-990779,2,2021-09-21 06:43:00.000000000,2021-09-21 08:45:00.000000000,33.758164,-84.68900500000002,1.031,Douglasville,Douglas,GA,30135,US/Eastern,KFTY,2021-09-21 06:53:00,71.0,71.0,96.0,29.17,10.0,NE,3.0,0.0,Cloudy,False,False,False,False,False,False,False,False,False,False,False,False,False,Night,33.7_-84.6
A-1056759,2,2021-09-17 14:44:00,2021-09-17 17:45:00,33.777047,-84.611195,2.016,Lithia Springs,Douglas,GA,30122,US/Eastern,KFTY,2021-09-17 14:46:00,76.0,76.0,82.0,29.24,10.0,SSE,9.0,0.0,Cloudy,False,False,False,False,False,False,False,False,False,False,False,False,False,Day,33.7_-84.6
A-1069261,2,2021-08-21 16:23:00.000000000,2021-08-21 18:45:00.000000000,33.776854,-84.61113,0.617,Lithia Springs,Douglas,GA,30122,US/Eastern,KFTY,2021-08-21 16:53:00,83.0,83.0,69.0,29.01,10.0,WSW,6.0,0.0,Mostly Cloudy,False,False,False,False,True,False,False,False,False,False,False,False,False,Day,33.7_-84.6
A-1073669,2,2021-09-22 13:53:00,2021-09-22 16:15:00,33.776999,-84.60558,0.3229999999999999,Lithia Springs,Douglas,GA,30122,US/Eastern,KFTY,2021-09-22 13:53:00,73.0,73.0,59.0,29.06,10.0,NW,15.0,0.0,Fair,False,False,False,False,False,False,False,False,False,False,False,False,False,Day,33.7_-84.6
A-1116402,2,2021-11-15 10:34:00,2021-11-15 11:54:00,33.776783,-84.602402,0.183,Lithia Springs,Douglas,GA,30122,US/Eastern,KFTY,2021-11-15 10:53:00,53.0,53.0,43.0,29.34,10.0,NNW,7.0,0.0,Fair,False,False,False,False,True,False,False,False,False,False,False,False,False,Day,33.7_-84.6
A-1121692,2,2021-12-12 18:02:30.000000000,2021-12-12 19:21:00.000000000,33.776462,-84.600418,3.511,Austell,Cobb,GA,30168,US/Eastern,KFTY,2021-12-12 17:53:00,50.0,50.0,54.0,29.37,10.0,CALM,0.0,0.0,Fair,False,False,False,False,False,False,False,False,False,False,False,False,False,Night,33.7_-84.6
A-1136216,2,2021-09-12 20:07:30,2021-09-12 23:16:10,33.777047,-84.611195,2.782,Lithia Springs,Douglas,GA,30122,US/Eastern,KFTY,2021-09-12 19:53:00,80.0,80.0,58.0,29.32,10.0,ESE,3.0,0.0,Fair,False,False,False,False,False,False,False,False,False,False,False,False,False,Night,33.7_-84.6
A-1142194,2,2021-10-10 08:55:00,2021-10-10 10:10:00,33.767216999999995,-84.658265,0.026,Lithia Springs,Douglas,GA,30122,US/Eastern,KFTY,2021-10-10 08:53:00,66.0,66.0,90.0,29.18,10.0,CALM,0.0,0.0,Fair,False,False,False,False,True,False,False,False,False,False,False,False,False,Day,33.7_-84.6
A-1195444,2,2021-08-12 06:43:00,2021-08-12 09:45:00,33.766254,-84.662715,2.935,Lithia Springs,Douglas,GA,30122,US/Eastern,KFTY,2021-08-12 06:53:00,70.0,70.0,93.0,29.25,7.0,CALM,0.0,0.0,Fair,False,False,False,False,False,False,False,False,False,False,False,False,False,Night,33.7_-84.6
A-1200356,2,2021-10-30 00:25:00,2021-10-30 02:45:00,33.762203,-84.67551,0.397,Lithia Springs,Douglas,GA,30122,US/Eastern,KFTY,2021-10-30 00:53:00,51.0,51.0,100.0,28.74,10.0,CALM,0.0,0.0,Cloudy,False,False,False,False,False,False,False,False,False,False,False,False,False,Night,33.7_-84.6
A-1210386,2,2021-11-28 16:14:00,2021-11-28 17:29:00,33.777047,-84.611195,2.016,Lithia Springs,Douglas,GA,30122,US/Eastern,KFTY,2021-11-28 15:53:00,59.0,59.0,39.0,29.06,10.0,W,6.0,0.0,Fair,False,False,False,False,False,False,False,False,False,False,False,False,False,Day,33.7_-84.6
A-1260312,2,2021-09-19 13:42:00,2021-09-19 15:11:00,33.797239000000005,-84.642909,0.034,Lithia Springs,Douglas,GA,30122,US/Eastern,KFTY,2021-09-19 13:53:00,79.0,79.0,79.0,29.19,10.0,ESE,6.0,0.0,Partly Cloudy,False,False,False,False,False,False,False,False,False,False,False,True,False,Day,33.7_-84.6
A-1263719,2,2021-12-06 06:57:30,2021-12-06 09:43:00,33.776852000000005,-84.611143,3.743,Lithia Springs,Douglas,GA,30122,US/Eastern,KFTY,2021-12-06 06:53:00,56.0,56.0,90.0,29.16,7.0,CALM,0.0,0.0,Cloudy,False,False,False,False,True,False,False,False,False,False,False,False,False,Night,33.7_-84.6
A-1274622,2,2021-12-14 06:17:00,2021-12-14 09:47:07,33.771994,-84.635552,6.915,Lithia Springs,Douglas,GA,30122,US/Eastern,KFTY,2021-12-14 05:53:00,30.0,30.0,92.0,29.5,10.0,CALM,0.0,0.0,Fair,False,False,False,False,True,False,False,False,False,False,False,False,False,Night,33.7_-84.6
A-1366092,2,2021-12-02 09:19:30,2021-12-02 11:00:00,33.767327,-84.657822,1.961,Lithia Springs,Douglas,GA,30122,US/Eastern,KFTY,2021-12-02 08:53:00,48.0,48.0,86.0,29.23,10.0,CALM,0.0,0.0,Fair,False,False,False,False,False,False,False,False,False,False,False,False,False,Day,33.7_-84.6
A-1388179,2,2021-10-20 11:18:00,2021-10-20 12:39:00,33.776783,-84.602402,0.193,Lithia Springs,Douglas,GA,30122,US/Eastern,KFTY,2021-10-20 10:53:00,66.0,66.0,60.0,29.4,10.0,SSW,3.0,0.0,Fair,False,False,False,False,True,False,False,False,False,False,False,False,False,Day,33.7_-84.6
A-1425434,4,2021-04-22 16:25:00,2021-04-22 18:35:55,33.770159,-84.645313,3.969,Lithia Springs,Douglas,GA,30122,US/Eastern,KFTY,2021-04-22 16:53:00,62.0,62.0,23.0,29.25,10.0,NW,8.0,0.0,Fair,False,False,False,False,True,False,False,False,False,False,False,False,False,Day,33.7_-84.6
A-1469157,2,2021-11-17 06:24:00,2021-11-17 07:45:00,33.760444,-84.682126,1.42,Douglasville,Douglas,GA,30135,US/Eastern,KFTY,2021-11-17 06:02:00,44.0,44.0,93.0,29.33,6.0,CALM,0.0,0.0,Partly Cloudy,False,False,False,False,False,False,False,False,False,False,False,False,False,Night,33.7_-84.6
A-1529594,2,2021-01-01 23:17:00,2021-01-02 00:32:00,33.760444,-84.682126,1.42,Douglasville,Douglas,GA,30135,US/Eastern,KFTY,2021-01-01 22:53:00,63.0,63.0,93.0,29.12,10.0,SSW,3.0,0.0,Mostly Cloudy,False,False,False,False,False,False,False,False,False,False,False,False,False,Night,33.7_-84.6
A-1681310,2,2021-01-04 16:46:30,2021-01-04 18:53:30,33.776852000000005,-84.611143,2.611,Lithia Springs,Douglas,GA,30122,US/Eastern,KFTY,2021-01-04 16:53:00,57.0,57.0,40.0,29.12,10.0,W,10.0,0.0,Fair,False,False,False,False,True,False,False,False,False,False,False,False,False,Day,33.7_-84.6
A-1738557,2,2020-11-18 15:15:00,2020-11-18 17:45:00,33.77048,-84.64285100000002,1.098,Lithia Springs,Douglas,GA,30122,US/Eastern,KFTY,2020-11-18 14:53:00,63.0,63.0,17.0,29.55,10.0,ENE,5.0,0.0,Fair,False,False,False,False,False,False,False,False,False,False,False,False,False,Day,33.7_-84.6
A-1738845,2,2020-12-15 12:59:30,2020-12-15 18:51:07,33.776468,-84.600402,2.084,Austell,Cobb,GA,30168,US/Eastern,KFTY,2020-12-15 12:53:00,49.0,44.0,46.0,29.24,10.0,E,12.0,0.0,Fair,False,False,False,False,False,False,False,False,False,False,False,False,False,Day,33.7_-84.6
A-1742182,2,2020-12-29 19:56:19.000000000,2020-12-29 22:34:10.000000000,33.776852000000005,-84.611143,3.424,Lithia Springs,Douglas,GA,30122,US/Eastern,KFTY,2020-12-29 19:53:00,56.0,56.0,51.0,29.41,10.0,E,6.0,0.0,Fair,False,False,False,False,True,False,False,False,False,False,False,False,False,Night,33.7_-84.6
A-1750863,2,2020-12-13 10:41:00,2020-12-13 10:57:30,33.758186,-84.689607,0.964,Douglasville,Douglas,GA,30135,US/Eastern,KFTY,2020-12-13 10:53:00,57.0,57.0,77.0,29.26,10.0,CALM,0.0,0.0,Partly Cloudy,False,False,False,False,False,False,False,False,False,False,False,False,False,Day,33.7_-84.6
A-1751939,2,2020-11-18 15:04:30,2020-11-18 17:24:00,33.767327,-84.657822,1.961,Lithia Springs,Douglas,GA,30122,US/Eastern,KFTY,2020-11-18 14:53:00,63.0,63.0,17.0,29.55,10.0,ENE,5.0,0.0,Fair,False,False,False,False,False,False,False,False,False,False,False,False,False,Day,33.7_-84.6
A-1753819,2,2020-12-08 16:43:00,2020-12-08 19:45:00,33.768613,-84.600383,0.018,Lithia Springs,Douglas,GA,30122,US/Eastern,KFTY,2020-12-08 16:53:00,45.0,40.0,48.0,29.17,10.0,WNW,9.0,0.0,Fair,False,False,False,False,False,False,False,False,False,False,False,False,False,Day,33.7_-84.6
A-1756757,2,2020-11-10 14:27:00.000000000,2020-11-10 17:45:00.000000000,33.776142,-84.61659499999998,1.142,Lithia Springs,Douglas,GA,30122,US/Eastern,KFTY,2020-11-10 14:53:00,70.0,70.0,90.0,29.1,10.0,E,9.0,0.0,Cloudy,False,False,False,False,False,False,False,False,False,False,False,False,False,Day,33.7_-84.6
A-1756758,2,2020-10-16 00:47:00.000000000,2020-10-16 02:05:00.000000000,33.777047,-84.611195,2.016,Lithia Springs,Douglas,GA,30122,US/Eastern,KFTY,2020-10-16 00:53:00,61.0,61.0,97.0,29.13,6.0,CALM,0.0,0.0,Fair,False,False,False,False,False,False,False,False,False,False,False,False,False,Night,33.7_-84.6
A-1767324,2,2020-11-14 13:32:00,2020-11-14 15:42:00,33.766254,-84.662715,2.935,Lithia Springs,Douglas,GA,30122,US/Eastern,KFTY,2020-11-14 13:53:00,71.0,71.0,34.0,29.21,10.0,VAR,5.0,0.0,Fair,False,False,False,False,False,False,False,False,False,False,False,False,False,Day,33.7_-84.6
A-1767378,2,2020-12-18 09:24:00,2020-12-18 11:45:00,33.769368,-84.649061,1.384,Lithia Springs,Douglas,GA,30122,US/Eastern,KFTY,2020-12-18 09:53:00,36.0,30.0,59.0,29.48,10.0,N,8.0,0.0,Fair,False,False,False,False,False,False,False,False,False,False,False,False,False,Day,33.7_-84.6
A-1774157,2,2020-12-07 04:49:00,2020-12-07 06:04:00,33.774514,-84.624353,1.205,Lithia Springs,Douglas,GA,30122,US/Eastern,KFTY,2020-12-07 04:49:00,39.0,39.0,100.0,28.92,1.0,CALM,0.0,0.0,Fog,False,False,False,False,False,False,False,False,False,False,False,False,False,Night,33.7_-84.6
A-1774158,2,2020-10-16 00:47:00,2020-10-16 02:05:00,33.777047,-84.611195,2.016,Lithia Springs,Douglas,GA,30122,US/Eastern,KFTY,2020-10-16 00:53:00,61.0,61.0,97.0,29.13,6.0,CALM,0.0,0.0,Fair,False,False,False,False,False,False,False,False,False,False,False,False,False,Night,33.7_-84.6
A-1774863,2,2020-11-04 13:22:00,2020-11-04 17:52:02,33.767831,-84.65557,6.283,Lithia Springs,Douglas,GA,30122,US/Eastern,KFTY,2020-11-04 12:53:00,66.0,66.0,34.0,29.47,10.0,VAR,7.0,0.0,Fair,False,False,False,False,False,False,False,False,False,False,False,False,False,Day,33.7_-84.6
A-1798371,2,2020-12-30 00:30:00,2020-12-30 01:45:00,33.777047,-84.611195,2.016,Lithia Springs,Douglas,GA,30122,US/Eastern,KFTY,2020-12-30 00:53:00,53.0,53.0,64.0,29.42,10.0,ESE,8.0,0.0,Cloudy,False,False,False,False,False,False,False,False,False,False,False,False,False,Night,33.7_-84.6
A-1798372,2,2020-11-10 14:27:00,2020-11-10 16:01:00,33.776142,-84.61659499999998,1.307,Lithia Springs,Douglas,GA,30122,US/Eastern,KFTY,2020-11-10 14:53:00,70.0,70.0,90.0,29.1,10.0,E,9.0,0.0,Cloudy,False,False,False,False,False,False,False,False,False,False,False,False,False,Day,33.7_-84.6
A-1805356,2,2020-12-30 00:30:00,2020-12-30 01:45:00,33.776999,-84.60558,0.3229999999999999,Lithia Springs,Douglas,GA,30122,US/Eastern,KFTY,2020-12-30 00:53:00,53.0,53.0,64.0,29.42,10.0,ESE,8.0,0.0,Cloudy,False,False,False,False,False,False,False,False,False,False,False,False,False,Night,33.7_-84.6
A-1805357,2,2020-11-09 15:04:00,2020-11-09 18:45:00,33.776789,-84.602397,0.505,Lithia Springs,Douglas,GA,30122,US/Eastern,KFTY,2020-11-09 14:53:00,75.0,75.0,62.0,29.25,10.0,E,6.0,0.0,Partly Cloudy,False,False,False,False,True,False,False,False,False,False,False,False,False,Day,33.7_-84.6
A-1814578,2,2020-10-26 11:56:30,2020-10-26 17:43:00,33.776792,-84.605636,3.164,Lithia Springs,Douglas,GA,30122,US/Eastern,KFTY,2020-10-26 11:53:00,66.0,66.0,90.0,29.23,10.0,ENE,6.0,0.0,Cloudy,False,False,False,False,False,False,False,False,False,False,False,False,False,Day,33.7_-84.6
A-1824299,2,2020-12-19 16:28:30,2020-12-19 23:48:25,33.776785,-84.605455,3.801,Lithia Springs,Douglas,GA,30122,US/Eastern,KFTY,2020-12-19 16:53:00,51.0,51.0,43.0,29.31,10.0,SE,6.0,0.0,Fair,False,False,False,False,False,False,False,False,False,False,False,False,False,Day,33.7_-84.6
A-1835699,2,2020-12-13 10:18:00.000000000,2020-12-13 11:33:00.000000000,33.760444,-84.682126,1.42,Douglasville,Douglas,GA,30135,US/Eastern,KFTY,2020-12-13 09:53:00,55.0,55.0,86.0,29.26,10.0,CALM,0.0,0.0,Cloudy,False,False,False,False,False,False,False,False,False,False,False,False,False,Day,33.7_-84.6
A-1842548,2,2020-12-30 00:30:00,2020-12-30 01:45:00,33.776999,-84.60558,0.3229999999999999,Lithia Springs,Douglas,GA,30122,US/Eastern,KFTY,2020-12-30 00:53:00,53.0,53.0,64.0,29.42,10.0,ESE,8.0,0.0,Cloudy,False,False,False,False,False,False,False,False,False,False,False,False,False,Night,33.7_-84.6
A-1842549,2,2020-11-09 15:04:00,2020-11-09 18:45:00,33.776789,-84.602397,0.505,Lithia Springs,Douglas,GA,30122,US/Eastern,KFTY,2020-11-09 14:53:00,75.0,75.0,62.0,29.25,10.0,E,6.0,0.0,Partly Cloudy,False,False,False,False,True,False,False,False,False,False,False,False,False,Day,33.7_-84.6
A-1845633,2,2020-10-19 20:38:00,2020-10-19 22:00:00,33.766254,-84.662715,2.935,Lithia Springs,Douglas,GA,30122,US/Eastern,KFTY,2020-10-19 20:53:00,62.0,62.0,90.0,29.29,10.0,CALM,0.0,0.0,Fair,False,False,False,False,False,False,False,False,False,False,False,False,False,Night,33.7_-84.6
A-1846484,2,2020-09-22 23:24:00,2020-09-23 02:45:00,33.776785,-84.605455,0.053,Lithia Springs,Douglas,GA,30122,US/Eastern,KFTY,2020-09-22 23:53:00,62.0,62.0,80.0,29.22,10.0,CALM,0.0,0.0,Cloudy,False,False,False,False,False,False,False,False,False,False,False,False,False,Night,33.7_-84.6
A-1847108,2,2020-11-10 12:57:00,2020-11-10 16:55:30,33.776785,-84.605455,6.095,Lithia Springs,Douglas,GA,30122,US/Eastern,KFTY,2020-11-10 12:53:00,70.0,70.0,90.0,29.15,7.0,E,10.0,0.0,Cloudy,False,False,False,False,False,False,False,False,False,False,False,False,False,Day,33.7_-84.6
A-1848872,2,2020-12-18 08:55:00,2020-12-18 12:32:30,33.774514,-84.624353,3.055,Lithia Springs,Douglas,GA,30122,US/Eastern,KFTY,2020-12-18 08:53:00,32.0,26.0,69.0,29.47,10.0,NNW,7.0,0.0,Fair,False,False,False,False,False,False,False,False,False,False,False,False,False,Day,33.7_-84.6
A-1857129,2,2020-10-19 20:35:30,2020-10-19 22:47:30,33.777047,-84.611195,2.782,Lithia Springs,Douglas,GA,30122,US/Eastern,KFTY,2020-10-19 20:53:00,62.0,62.0,90.0,29.29,10.0,CALM,0.0,0.0,Fair,False,False,False,False,False,False,False,False,False,False,False,False,False,Night,33.7_-84.6
A-1858407,2,2020-10-26 14:55:00,2020-10-26 16:45:00,33.767831,-84.65557,0.39,Lithia Springs,Douglas,GA,30122,US/Eastern,KFTY,2020-10-26 14:53:00,69.0,69.0,84.0,29.19,10.0,E,6.0,0.0,Cloudy,False,False,False,False,False,False,False,False,False,False,False,False,False,Day,33.7_-84.6
A-1859286,2,2020-10-23 17:08:00,2020-10-23 20:00:00,33.76918,-84.64896999999998,0.218,Lithia Springs,Douglas,GA,30122,US/Eastern,KFTY,2020-10-23 16:53:00,81.0,81.0,52.0,29.15,10.0,SSE,8.0,0.0,Fair,False,False,False,False,False,False,False,False,False,False,False,False,False,Day,33.7_-84.6
A-1864684,2,2020-12-19 05:59:00,2020-12-20 07:14:00,33.771927000000005,-84.602623,0.072,Lithia Springs,Douglas,GA,30122-2616,US/Eastern,KFTY,2020-12-19 05:53:00,27.0,27.0,96.0,29.46,9.0,CALM,0.0,0.0,Fair,False,False,False,False,False,False,False,False,False,False,False,False,False,Night,33.7_-84.6
A-1876636,2,2020-12-13 02:11:00,2020-12-13 04:45:00,33.762203,-84.67551,0.397,Lithia Springs,Douglas,GA,30122,US/Eastern,KFTY,2020-12-13 02:11:00,59.0,59.0,96.0,29.14,10.0,SW,3.0,0.0,Mostly Cloudy,False,False,False,False,False,False,False,False,False,False,False,False,False,Night,33.7_-84.6
A-1904362,2,2020-10-26 12:22:00,2020-10-26 15:45:00,33.771983,-84.635549,1.442,Lithia Springs,Douglas,GA,30122,US/Eastern,KFTY,2020-10-26 11:53:00,66.0,66.0,90.0,29.23,10.0,ENE,6.0,0.0,Cloudy,False,False,False,False,True,False,False,False,False,False,False,False,False,Day,33.7_-84.6
A-1908420,2,2020-10-26 13:32:00,2020-10-26 14:47:00,33.767491,-84.657049,0.064,Lithia Springs,Douglas,GA,30122,US/Eastern,KFTY,2020-10-26 13:53:00,69.0,69.0,84.0,29.21,10.0,NNE,6.0,0.0,Cloudy,False,False,False,False,False,False,False,False,False,False,False,False,False,Day,33.7_-84.6
A-1916094,2,2020-12-13 02:11:00,2020-12-13 04:45:00,33.762203,-84.67551,0.397,Lithia Springs,Douglas,GA,30122,US/Eastern,KFTY,2020-12-13 02:11:00,59.0,59.0,96.0,29.14,10.0,SW,3.0,0.0,Mostly Cloudy,False,False,False,False,False,False,False,False,False,False,False,False,False,Night,33.7_-84.6
A-1916203,2,2020-10-26 12:17:00,2020-10-26 15:15:00,33.76918,-84.64896999999998,2.008,Lithia Springs,Douglas,GA,30122,US/Eastern,KFTY,2020-10-26 11:53:00,66.0,66.0,90.0,29.23,10.0,ENE,6.0,0.0,Cloudy,False,False,False,False,False,False,False,False,False,False,False,False,False,Day,33.7_-84.6
A-1922460,2,2020-10-05 04:19:00,2020-10-05 06:45:00,33.777047,-84.611195,2.016,Lithia Springs,Douglas,GA,30122,US/Eastern,KFTY,2020-10-05 03:53:00,51.0,51.0,89.0,29.23,9.0,CALM,0.0,0.0,Fair,False,False,False,False,False,False,False,False,False,False,False,False,False,Night,33.7_-84.6
A-1932369,2,2020-12-18 09:24:00,2020-12-18 12:00:00,33.766972,-84.660075,0.941,Lithia Springs,Douglas,GA,30122,US/Eastern,KFTY,2020-12-18 09:53:00,36.0,30.0,59.0,29.48,10.0,N,8.0,0.0,Fair,False,False,False,False,False,False,False,False,False,False,False,False,False,Day,33.7_-84.6
A-1937856,2,2020-11-26 04:30:00,2020-11-26 05:45:00,33.776854,-84.61113,0.617,Lithia Springs,Douglas,GA,30122,US/Eastern,KFTY,2020-11-26 04:53:00,63.0,63.0,97.0,29.14,10.0,CALM,0.0,0.06,Cloudy,False,False,False,False,True,False,False,False,False,False,False,False,False,Night,33.7_-84.6
A-1961046,2,2020-11-02 21:59:00,2020-11-03 00:45:00,33.770856,-84.641076,0.993,Lithia Springs,Douglas,GA,30122,US/Eastern,KFTY,2020-11-02 21:53:00,40.0,40.0,65.0,29.42,10.0,CALM,0.0,0.0,Fair,False,False,False,False,False,False,False,False,False,False,False,False,False,Night,33.7_-84.6
A-1963789,2,2020-12-13 10:18:00,2020-12-13 11:33:00,33.758186,-84.689607,0.964,Douglasville,Douglas,GA,30135,US/Eastern,KFTY,2020-12-13 09:53:00,55.0,55.0,86.0,29.26,10.0,CALM,0.0,0.0,Cloudy,False,False,False,False,False,False,False,False,False,False,False,False,False,Day,33.7_-84.6
A-1999056,2,2020-11-10 14:27:00,2020-11-10 17:45:00,33.776142,-84.61659499999998,1.142,Lithia Springs,Douglas,GA,30122,US/Eastern,KFTY,2020-11-10 14:53:00,70.0,70.0,90.0,29.1,10.0,E,9.0,0.0,Cloudy,False,False,False,False,False,False,False,False,False,False,False,False,False,Day,33.7_-84.6
A-2017496,2,2020-09-22 23:24:00.000000000,2020-09-23 00:48:00.000000000,33.776789,-84.602397,0.505,Lithia Springs,Douglas,GA,30122,US/Eastern,KFTY,2020-09-22 23:53:00,62.0,62.0,80.0,29.22,10.0,CALM,0.0,0.0,Cloudy,False,False,False,False,True,False,False,False,False,False,False,False,False,Night,33.7_-84.6
A-2061432,2,2020-10-30 11:10:00,2020-10-31 01:50:40,33.776852000000005,-84.611143,3.424,Lithia Springs,Douglas,GA,30122,US/Eastern,KFTY,2020-10-30 10:53:00,56.0,56.0,64.0,29.23,10.0,NW,14.0,0.0,Cloudy,False,False,False,False,True,False,False,False,False,False,False,False,False,Day,33.7_-84.6
A-2086544,1,2020-06-02 11:03:45,2020-06-02 11:33:45,33.77657,-84.6019,0.0,Lithia Springs,Douglas,GA,30122,US/Eastern,KFTY,2020-06-02 10:53:00,77.0,77.0,56.0,29.32,10.0,WSW,7.0,0.0,Fair,False,False,False,False,False,False,False,False,False,False,False,False,False,Day,33.7_-84.6
A-2099612,2,2020-05-05 18:14:23,2020-05-05 18:29:23,33.77678,-84.60206,0.0,Lithia Springs,Douglas,GA,30122,US/Eastern,KFTY,2020-05-05 17:53:00,80.0,80.0,52.0,28.93,10.0,WSW,9.0,0.0,Fair,False,False,False,False,True,False,False,False,False,False,False,False,False,Day,33.7_-84.6
A-2101800,2,2020-05-06 14:22:34,2020-05-06 15:07:34,33.78913,-84.62246,0.0,Austell,Douglas,GA,30168,US/Eastern,KFTY,2020-05-06 13:53:00,71.0,71.0,35.0,29.02,10.0,WNW,16.0,0.0,Fair,False,False,True,False,False,False,False,False,False,False,False,True,False,Day,33.7_-84.6
A-2103672,2,2020-05-07 15:42:25,2020-05-07 15:57:25,33.77678,-84.60206,0.0,Lithia Springs,Douglas,GA,30122,US/Eastern,KFTY,2020-05-07 15:44:00,67.0,67.0,30.0,29.22,10.0,WNW,13.0,0.0,Fair,False,False,False,False,True,False,False,False,False,False,False,False,False,Day,33.7_-84.6
A-2106063,2,2020-05-08 18:51:59,2020-05-08 19:21:59,33.77657,-84.6019,0.0,Lithia Springs,Douglas,GA,30122,US/Eastern,KFTY,2020-05-08 18:53:00,58.0,58.0,87.0,28.98,3.0,NW,9.0,0.03,Light Rain,False,False,False,False,False,False,False,False,False,False,False,False,False,Day,33.7_-84.6
A-2118905,1,2020-05-15 05:35:20,2020-05-15 06:05:20,33.76953,-84.6483,0.0,Lithia Springs,Douglas,GA,30122,US/Eastern,KFTY,2020-05-15 05:53:00,64.0,64.0,75.0,29.23,10.0,SSE,3.0,0.0,Fair,False,False,False,False,False,False,False,False,False,False,False,False,False,Night,33.7_-84.6
A-2123818,1,2020-05-18 14:00:10,2020-05-18 14:30:10,33.76953,-84.6483,0.0,Lithia Springs,Douglas,GA,30122,US/Eastern,KFTY,2020-05-18 13:53:00,77.0,77.0,66.0,28.93,10.0,SSW,8.0,0.0,Mostly Cloudy,False,False,False,False,False,False,False,False,False,False,False,False,False,Day,33.7_-84.6
A-2130431,3,2020-05-21 01:29:35,2020-05-21 02:29:35,33.76953,-84.6483,0.0,Lithia Springs,Douglas,GA,30122,US/Eastern,KFTY,2020-05-21 01:46:00,56.0,56.0,84.0,29.09,10.0,ENE,5.0,0.0,Cloudy,False,False,False,False,False,False,False,False,False,False,False,False,False,Night,33.7_-84.6
A-2144455,3,2020-06-25 04:40:59,2020-06-25 05:40:59,33.76953,-84.6483,0.0,Lithia Springs,Douglas,GA,30122,US/Eastern,KFTY,2020-06-25 04:53:00,70.0,70.0,88.0,29.09,10.0,CALM,0.0,0.0,Fair,False,False,False,False,False,False,False,False,False,False,False,False,False,Night,33.7_-84.6
A-2144539,3,2020-06-25 13:15:12,2020-06-25 13:45:12,33.76933,-84.64824,0.0,Lithia Springs,Douglas,GA,30122,US/Eastern,KFTY,2020-06-25 12:53:00,81.0,81.0,61.0,29.23,10.0,NW,8.0,0.0,Mostly Cloudy,False,False,False,False,False,False,False,False,False,False,False,False,False,Day,33.7_-84.6
A-2144584,2,2020-06-25 18:18:07,2020-06-25 19:18:07,33.77678,-84.60206,0.0,Lithia Springs,Douglas,GA,30122,US/Eastern,KFTY,2020-06-25 17:53:00,77.0,77.0,84.0,29.19,10.0,SSW,6.0,0.0,Light Rain,False,False,False,False,True,False,False,False,False,False,False,False,False,Day,33.7_-84.6
A-2153672,2,2020-06-05 11:49:50,2020-06-05 12:04:50,33.76243,-84.67551,2.162,Lithia Springs,Douglas,GA,30122,US/Eastern,KFTY,2020-06-05 11:46:00,73.0,73.0,84.0,29.13,10.0,CALM,0.0,0.01,Mostly Cloudy,False,False,False,False,False,False,False,False,False,False,False,False,False,Day,33.7_-84.6
A-2163816,2,2020-06-10 19:22:55,2020-06-10 19:37:55,33.77678,-84.60206,0.0,Lithia Springs,Douglas,GA,30122,US/Eastern,KFTY,2020-06-10 18:53:00,79.0,79.0,82.0,29.04,10.0,SW,7.0,0.0,Fair,False,False,False,False,True,False,False,False,False,False,False,False,False,Day,33.7_-84.6
A-2176988,3,2020-06-16 10:05:58,2020-06-16 11:05:58,33.77657,-84.6019,0.0,Lithia Springs,Douglas,GA,30122,US/Eastern,KFTY,2020-06-16 09:53:00,66.0,66.0,63.0,29.32,10.0,E,10.0,0.0,Mostly Cloudy,False,False,False,False,False,False,False,False,False,False,False,False,False,Day,33.7_-84.6
A-2182006,3,2020-06-18 11:09:12,2020-06-18 11:39:12,33.77657,-84.6019,0.0,Lithia Springs,Douglas,GA,30122,US/Eastern,KFTY,2020-06-18 10:53:00,74.0,74.0,59.0,29.21,10.0,VAR,3.0,0.0,Fair,False,False,False,False,False,False,False,False,False,False,False,False,False,Day,33.7_-84.6
A-2196740,2,2020-03-12 16:34:52,2020-03-12 17:03:58,33.77715,-84.60882,0.171,Lithia Springs,Douglas,GA,30122,US/Eastern,KFTY,2020-03-12 16:53:00,76.0,76.0,52.0,29.02,10.0,SSW,12.0,0.0,Fair,False,False,False,False,False,False,False,False,False,False,False,False,False,Day,33.7_-84.6
A-2201225,4,2020-03-15 23:10:17,2020-03-15 23:39:02,33.779340000000005,-84.60684,0.261,Lithia Springs,Douglas,GA,30122-2611,US/Eastern,KFTY,2020-03-15 22:53:00,57.0,57.0,87.0,29.4,10.0,NW,3.0,0.0,Cloudy,False,False,True,False,False,False,False,False,False,False,False,True,False,Night,33.7_-84.6
A-2201226,4,2020-03-15 23:10:17,2020-03-15 23:39:02,33.782509999999995,-84.60925999999998,0.258,Lithia Springs,Douglas,GA,30122-2610,US/Eastern,KFTY,2020-03-15 22:53:00,57.0,57.0,87.0,29.4,10.0,NW,3.0,0.0,Cloudy,False,False,False,False,False,False,False,False,False,False,False,False,False,Night,33.7_-84.6
A-2210077,2,2020-03-21 00:00:31,2020-03-21 01:00:31,33.76953,-84.6483,0.0,Lithia Springs,Douglas,GA,30122,US/Eastern,KFTY,2020-03-21 00:53:00,63.0,63.0,84.0,29.32,10.0,CALM,0.0,0.01,Cloudy,False,False,False,False,False,False,False,False,False,False,False,False,False,Night,33.7_-84.6
A-2215499,3,2020-03-23 23:00:21,2020-03-23 23:50:19,33.77678,-84.60206,0.0,Lithia Springs,Douglas,GA,30122,US/Eastern,KFTY,2020-03-23 22:53:00,59.0,59.0,96.0,29.19,5.0,CALM,0.0,0.0,Cloudy,False,False,False,False,True,False,False,False,False,False,False,False,False,Night,33.7_-84.6
A-2219821,2,2020-03-25 14:34:33,2020-03-25 15:24:31,33.76934,-84.64824,0.0,Lithia Springs,Douglas,GA,30122,US/Eastern,KFTY,2020-03-25 14:53:00,70.0,70.0,55.0,29.02,10.0,WNW,9.0,0.0,Fair,False,False,False,False,False,False,False,False,False,False,False,False,False,Day,33.7_-84.6
A-2239739,2,2020-04-06 16:32:16,2020-04-06 17:22:14,33.77678,-84.60206,0.0,Lithia Springs,Douglas,GA,30122,US/Eastern,KFTY,2020-04-06 16:53:00,81.0,81.0,33.0,29.13,10.0,NW,8.0,0.0,Partly Cloudy,False,False,False,False,True,False,False,False,False,False,False,False,False,Day,33.7_-84.6
A-2243044,2,2020-04-07 17:32:13,2020-04-07 18:17:13,33.77642,-84.60525,0.0,Lithia Springs,Douglas,GA,30122,US/Eastern,KFTY,2020-04-07 17:53:00,68.0,68.0,70.0,29.1,10.0,SSW,12.0,0.0,Light Rain,False,False,False,False,False,False,False,False,False,False,False,False,False,Day,33.7_-84.6
A-2251823,1,2020-04-11 04:43:41,2020-04-11 06:13:41,33.77678,-84.60206,2.7030000000000003,Lithia Springs,Douglas,GA,30122,US/Eastern,KFTY,2020-04-11 04:53:00,43.0,43.0,58.0,29.17,10.0,CALM,0.0,0.0,Fair,False,False,False,False,True,False,False,False,False,False,False,False,False,Night,33.7_-84.6
A-2251824,1,2020-04-11 10:33:58,2020-04-11 11:03:58,33.77678,-84.60206,0.0,Lithia Springs,Douglas,GA,30122,US/Eastern,KFTY,2020-04-11 10:53:00,57.0,57.0,30.0,29.21,10.0,SE,7.0,0.0,Fair,False,False,False,False,True,False,False,False,False,False,False,False,False,Day,33.7_-84.6
A-2270229,2,2020-04-22 07:10:29,2020-04-22 07:40:29,33.77657,-84.6019,0.0,Lithia Springs,Douglas,GA,30122,US/Eastern,KFTY,2020-04-22 06:53:00,44.0,44.0,85.0,29.17,10.0,CALM,0.0,0.0,Fair,False,False,False,False,False,False,False,False,False,False,False,False,False,Day,33.7_-84.6
A-2280978,2,2020-04-28 10:52:31,2020-04-28 11:22:31,33.76953,-84.6483,0.0,Lithia Springs,Douglas,GA,30122,US/Eastern,KFTY,2020-04-28 10:53:00,67.0,67.0,44.0,29.31,10.0,S,6.0,0.0,Partly Cloudy,False,False,False,False,False,False,False,False,False,False,False,False,False,Day,33.7_-84.6
A-2325276,2,2020-02-04 07:31:04,2020-02-04 08:00:34,33.76727,-84.65799,0.851,Lithia Springs,Douglas,GA,30122,US/Eastern,KFTY,2020-02-04 07:53:00,56.0,56.0,84.0,29.18,10.0,WSW,6.0,0.0,Mostly Cloudy,False,False,False,False,True,False,False,False,False,False,False,False,False,Night,33.7_-84.6
A-2327716,2,2020-02-05 17:42:57,2020-02-05 18:12:20,33.77152,-84.63884,0.552,Lithia Springs,Douglas,GA,30122,US/Eastern,KFTY,2020-02-05 17:41:00,67.0,67.0,81.0,28.91,10.0,SSE,9.0,0.0,Cloudy,False,False,False,False,False,False,False,False,False,False,False,False,False,Day,33.7_-84.6
A-2336043,2,2020-02-11 08:48:55,2020-02-11 09:17:30,33.76727,-84.65799,0.851,Lithia Springs,Douglas,GA,30122,US/Eastern,KFTY,2020-02-11 08:53:00,67.0,67.0,90.0,29.11,7.0,SW,13.0,0.03,Light Rain,False,False,False,False,True,False,False,False,False,False,False,False,False,Day,33.7_-84.6
A-2351552,2,2020-02-24 14:52:33,2020-02-24 15:21:55,33.77688,-84.61074,0.528,Lithia Springs,Douglas,GA,30122,US/Eastern,KFTY,2020-02-24 14:53:00,47.0,47.0,93.0,29.06,3.0,NE,3.0,0.06,Rain,False,False,False,False,True,False,False,False,False,False,False,False,False,Day,33.7_-84.6
A-2404583,2,2019-10-04 16:25:01,2019-10-04 16:53:28,33.776740000000004,-84.60143000000002,0.517,Austell,Cobb,GA,30168,US/Eastern,KFTY,2019-10-04 16:53:00,96.0,96.0,29.0,29.07,10.0,NW,8.0,0.0,Fair,False,False,False,False,False,False,False,False,False,False,False,False,False,Day,33.7_-84.6
A-2409259,3,2019-10-08 17:55:01,2019-10-08 18:22:25,33.770140000000005,-84.64537,1.0590000000000002,Lithia Springs,Douglas,GA,30122,US/Eastern,KFTY,2019-10-08 17:53:00,81.0,81.0,49.0,29.09,10.0,NNW,5.0,0.0,Fair,False,False,False,False,True,False,False,False,False,False,False,False,False,Day,33.7_-84.6
A-2410693,3,2019-10-09 19:05:23,2019-10-09 19:33:14,33.77678,-84.60206,0.632,Lithia Springs,Douglas,GA,30122,US/Eastern,KFTY,2019-10-09 18:53:00,73.0,73.0,64.0,29.19,10.0,NE,6.0,0.0,Fair,False,False,False,False,True,False,False,False,False,False,False,False,False,Day,33.7_-84.6
A-2411912,2,2019-10-10 06:53:22,2019-10-10 07:20:50,33.76727,-84.65799,0.851,Lithia Springs,Douglas,GA,30122,US/Eastern,KFTY,2019-10-10 06:53:00,59.0,59.0,93.0,29.26,10.0,CALM,0.0,0.0,Fair,False,False,False,False,True,False,False,False,False,False,False,False,False,Night,33.7_-84.6
A-2413518,2,2019-10-11 16:40:10,2019-10-11 17:07:32,33.77668,-84.60031,0.5820000000000001,Austell,Cobb,GA,30168,US/Eastern,KFTY,2019-10-11 16:53:00,79.0,79.0,38.0,29.15,10.0,VAR,3.0,0.0,Fair,False,False,False,False,False,False,False,False,False,False,False,False,False,Day,33.7_-84.6
A-2419368,3,2019-10-16 14:08:50,2019-10-16 14:35:54,33.76727,-84.65799,0.851,Lithia Springs,Douglas,GA,30122,US/Eastern,KFTY,2019-10-16 14:21:00,70.0,70.0,65.0,28.96,10.0,NW,14.0,0.0,Mostly Cloudy,False,False,False,False,True,False,False,False,False,False,False,False,False,Day,33.7_-84.6
A-2422262,2,2019-10-18 16:58:17,2019-10-18 17:26:59,33.79067,-84.62631999999998,1.057,Austell,Douglas,GA,30168,US/Eastern,KFTY,2019-10-18 16:53:00,67.0,67.0,39.0,29.07,10.0,ESE,5.0,0.0,Fair,False,False,False,False,False,False,False,False,False,False,False,False,False,Day,33.7_-84.6
A-2422263,2,2019-10-18 16:58:17,2019-10-18 17:26:59,33.79719,-84.64296999999998,0.047,Lithia Springs,Douglas,GA,30122,US/Eastern,KFTY,2019-10-18 16:53:00,67.0,67.0,39.0,29.07,10.0,ESE,5.0,0.0,Fair,False,False,False,False,False,False,False,False,False,False,False,True,False,Day,33.7_-84.6
A-2454311,2,2019-11-11 15:59:04,2019-11-11 16:27:30,33.79699,-84.6423,0.0409999999999999,Austell,Douglas,GA,30168,US/Eastern,KFTY,2019-11-11 15:53:00,66.0,66.0,43.0,29.15,10.0,S,6.0,0.0,Fair,False,False,False,False,False,False,False,False,False,False,False,False,False,Day,33.7_-84.6
A-2464949,4,2019-09-17 11:51:03,2019-09-17 12:20:17,33.77758,-84.60608,0.09,Lithia Springs,Douglas,GA,30122,US/Eastern,KFTY,2019-09-17 11:53:00,90.0,90.0,42.0,29.14,10.0,CALM,0.0,0.0,Fair,False,False,False,False,False,False,False,False,False,False,False,True,False,Day,33.7_-84.6
A-2467980,2,2019-09-20 10:51:22,2019-09-20 11:18:48,33.76727,-84.65799,0.748,Lithia Springs,Douglas,GA,30122,US/Eastern,KFTY,2019-09-20 10:53:00,72.0,72.0,48.0,29.42,10.0,ESE,7.0,0.0,Fair,False,False,False,False,True,False,False,False,False,False,False,False,False,Day,33.7_-84.6
A-2484590,3,2019-09-05 07:48:28,2019-09-05 08:18:06,33.76727,-84.65799,0.851,Lithia Springs,Douglas,GA,30122,US/Eastern,KFTY,2019-09-05 07:53:00,75.0,75.0,76.0,29.05,10.0,NNW,5.0,0.0,Fair,False,False,False,False,True,False,False,False,False,False,False,False,False,Day,33.7_-84.6
A-2487135,4,2019-09-07 03:11:20,2019-09-07 03:41:17,33.76727,-84.65799,0.851,Lithia Springs,Douglas,GA,30122,US/Eastern,KFTY,2019-09-07 02:53:00,69.0,69.0,78.0,29.06,10.0,CALM,0.0,0.0,Fair,False,False,False,False,True,False,False,False,False,False,False,False,False,Night,33.7_-84.6
A-2488693,3,2019-09-09 20:49:54,2019-09-09 21:18:27,33.77678,-84.60206,0.481,Lithia Springs,Douglas,GA,30122,US/Eastern,KFTY,2019-09-09 20:53:00,83.0,83.0,51.0,29.19,10.0,CALM,0.0,0.0,Fair,False,False,False,False,True,False,False,False,False,False,False,False,False,Night,33.7_-84.6
A-2492361,4,2019-09-12 03:40:42,2019-09-12 04:10:04,33.77678,-84.60206,0.2189999999999999,Lithia Springs,Douglas,GA,30122,US/Eastern,KFTY,2019-09-12 03:53:00,71.0,71.0,90.0,29.24,10.0,CALM,0.0,0.0,Fair,False,False,False,False,True,False,False,False,False,False,False,False,False,Night,33.7_-84.6
A-2492392,2,2019-09-12 16:29:20,2019-09-12 16:56:56,33.770140000000005,-84.64537,0.759,Lithia Springs,Douglas,GA,30122,US/Eastern,KFTY,2019-09-12 16:53:00,95.0,95.0,30.0,29.19,10.0,E,5.0,0.0,Fair,False,False,False,False,True,False,False,False,False,False,False,False,False,Day,33.7_-84.6
A-2492397,3,2019-09-12 20:01:26,2019-09-12 20:30:00,33.770140000000005,-84.64537,0.759,Lithia Springs,Douglas,GA,30122,US/Eastern,KFTY,2019-09-12 19:53:00,85.0,85.0,48.0,29.18,10.0,CALM,0.0,0.0,Fair,False,False,False,False,True,False,False,False,False,False,False,False,False,Night,33.7_-84.6
A-2500716,2,2019-03-08 02:12:26,2019-03-08 02:41:50,33.77678,-84.60206,0.481,Lithia Springs,Douglas,GA,30122,US/Eastern,KFTY,2019-03-08 01:53:00,53.1,,35.0,30.19,10.0,Variable,3.5,,Overcast,False,False,False,False,True,False,False,False,False,False,False,False,False,Night,33.7_-84.6
A-2500740,2,2019-03-08 11:15:29,2019-03-08 11:45:22,33.77678,-84.60206,0.481,Lithia Springs,Douglas,GA,30122,US/Eastern,KFTY,2019-03-08 10:53:00,57.0,,47.0,30.16,10.0,South,5.8,0.0,Overcast,False,False,False,False,True,False,False,False,False,False,False,False,False,Day,33.7_-84.6
A-2502622,2,2019-03-12 17:30:11,2019-03-12 17:59:14,33.776542,-84.60147099999998,0.126,Austell,Cobb,GA,30168,US/Eastern,KFTY,2019-03-12 17:53:00,71.1,,26.0,30.2,10.0,WNW,6.9,,Clear,False,False,False,False,False,False,False,False,False,False,False,False,False,Day,33.7_-84.6
A-2505289,4,2019-03-18 16:55:00,2019-03-18 17:23:00,33.78913,-84.62246,0.204,Austell,Douglas,GA,30168,US/Eastern,KFTY,2019-03-18 16:53:00,57.0,,32.0,30.22,10.0,NNW,16.1,,Clear,False,False,True,False,False,False,False,False,False,False,False,True,False,Day,33.7_-84.6
A-2505290,4,2019-03-18 16:55:00,2019-03-18 17:23:00,33.790338,-84.625951,0.217,Lithia Springs,Douglas,GA,30122,US/Eastern,KFTY,2019-03-18 16:53:00,57.0,,32.0,30.22,10.0,NNW,16.1,,Clear,False,False,False,False,False,False,False,False,False,False,False,False,False,Day,33.7_-84.6
A-2508471,2,2019-03-25 08:40:43,2019-03-25 09:09:01,33.77688,-84.61074,0.528,Lithia Springs,Douglas,GA,30122,US/Eastern,KFTY,2019-03-25 08:53:00,54.0,,75.0,30.04,10.0,SW,3.5,,Mostly Cloudy,False,False,False,False,True,False,False,False,False,False,False,False,False,Day,33.7_-84.6
A-2518045,2,2019-02-07 16:05:14,2019-02-07 16:34:47,33.77688,-84.61074,3.216,Lithia Springs,Douglas,GA,30122,US/Eastern,KFTY,2019-02-07 15:53:00,80.1,,43.0,30.02,10.0,SSW,13.8,,Clear,False,False,False,False,True,False,False,False,False,False,False,False,False,Day,33.7_-84.6
A-2529576,3,2019-02-26 12:26:58,2019-02-26 12:56:34,33.77688,-84.61074,0.528,Lithia Springs,Douglas,GA,30122,US/Eastern,KFTY,2019-02-26 12:53:00,64.0,,45.0,30.32,10.0,Variable,6.9,,Overcast,False,False,False,False,True,False,False,False,False,False,False,False,False,Day,33.7_-84.6
A-2532130,2,2019-01-03 15:58:00,2019-01-03 16:27:45,33.77678,-84.60206,0.481,Lithia Springs,Douglas,GA,30122,US/Eastern,KFTY,2019-01-03 15:53:00,54.0,,97.0,30.01,10.0,Calm,,,Overcast,False,False,False,False,True,False,False,False,False,False,False,False,False,Day,33.7_-84.6
A-2539900,3,2019-01-17 06:57:41,2019-01-17 07:27:10,33.78913,-84.62246,0.0069999999999999,Austell,Douglas,GA,30168,US/Eastern,KFTY,2019-01-17 06:53:00,30.9,,100.0,30.24,8.0,Calm,,,Clear,False,False,True,False,False,False,False,False,False,False,False,True,False,Night,33.7_-84.6
A-2540583,3,2019-01-18 03:54:43,2019-01-18 04:24:08,33.77678,-84.60206,0.481,Lithia Springs,Douglas,GA,30122,US/Eastern,KFTY,2019-01-18 03:53:00,46.9,,100.0,30.12,1.5,SW,4.6,,Overcast,False,False,False,False,True,False,False,False,False,False,False,False,False,Night,33.7_-84.6
A-2544623,4,2019-01-25 15:49:31,2019-01-25 16:18:59,33.770140000000005,-84.64537,4.513999999999999,Lithia Springs,Douglas,GA,30122,US/Eastern,KFTY,2019-01-25 15:53:00,46.9,,36.0,30.24,10.0,NW,13.8,,Clear,False,False,False,False,True,False,False,False,False,False,False,False,False,Day,33.7_-84.6
A-2549283,3,2018-12-03 15:57:08,2018-12-03 16:26:41,33.76727,-84.65799,0.851,Lithia Springs,Douglas,GA,30122,US/Eastern,KFTY,2018-12-03 15:53:00,61.0,,36.0,29.93,10.0,NW,8.1,,Clear,False,False,False,False,True,False,False,False,False,False,False,False,False,Day,33.7_-84.6
A-2557793,3,2018-12-13 14:40:47,2018-12-13 15:09:50,33.7703,-84.64362,1.606,Lithia Springs,Douglas,GA,30122,US/Eastern,KFTY,2018-12-13 14:53:00,54.0,,45.0,30.14,10.0,East,6.9,,Clear,False,False,False,False,False,False,False,False,False,False,False,False,False,Day,33.7_-84.6
A-2558876,2,2018-12-14 18:46:50,2018-12-14 19:16:04,33.77688,-84.61074,0.528,Lithia Springs,Douglas,GA,30122,US/Eastern,KFTY,2018-12-14 18:49:00,50.0,,100.0,29.95,5.0,ENE,5.8,0.06,Light Rain,False,False,False,False,True,False,False,False,False,False,False,False,False,Night,33.7_-84.6
A-2562560,2,2018-12-20 19:48:18,2018-12-20 20:18:06,33.77688,-84.61074,0.528,Lithia Springs,Douglas,GA,30122,US/Eastern,KFTY,2018-12-20 19:49:00,48.2,,100.0,29.45,10.0,SW,3.5,0.01,Light Rain,False,False,False,False,True,False,False,False,False,False,False,False,False,Night,33.7_-84.6
A-2564803,4,2018-12-25 21:45:15,2018-12-25 22:15:00,33.76956,-84.64816,0.594,Lithia Springs,Douglas,GA,30122,US/Eastern,KFTY,2018-12-25 21:53:00,46.0,,79.0,30.33,10.0,Calm,,,Scattered Clouds,False,False,False,False,False,False,False,False,False,False,False,False,False,Night,33.7_-84.6
A-2564804,2,2018-12-25 22:27:15,2018-12-25 22:56:36,33.778040000000004,-84.60634,0.04,Lithia Springs,Douglas,GA,30122,US/Eastern,KFTY,2018-12-25 22:53:00,43.0,,86.0,30.33,10.0,Calm,,,Partly Cloudy,False,False,False,False,False,False,False,False,False,False,False,False,False,Night,33.7_-84.6
A-2564805,2,2018-12-25 22:27:15,2018-12-25 22:56:36,33.77752,-84.60663000000002,0.22,Lithia Springs,Douglas,GA,30122,US/Eastern,KFTY,2018-12-25 22:53:00,43.0,,86.0,30.33,10.0,Calm,,,Partly Cloudy,False,False,False,False,False,False,False,False,False,False,False,False,False,Night,33.7_-84.6
A-2566503,3,2018-12-28 22:15:15,2018-12-28 22:44:51,33.77655,-84.60155999999998,2.173,Lithia Springs,Douglas,GA,30122,US/Eastern,KFTY,2018-12-28 22:30:00,54.0,,100.0,30.12,10.0,SSE,4.6,,Partly Cloudy,False,False,False,False,False,False,False,False,False,False,False,False,False,Night,33.7_-84.6
A-2572051,2,2018-11-07 05:56:12,2018-11-07 06:25:29,33.77773,-84.6057,0.015,Lithia Springs,Douglas,GA,30122,US/Eastern,KFTY,2018-11-07 05:53:00,45.0,,100.0,30.06,0.2,Calm,,,Fog,False,False,False,False,True,False,False,False,False,False,False,True,False,Night,33.7_-84.6
A-2572052,2,2018-11-07 05:56:12,2018-11-07 06:25:29,33.77678,-84.60206,0.2189999999999999,Lithia Springs,Douglas,GA,30122,US/Eastern,KFTY,2018-11-07 05:53:00,45.0,,100.0,30.06,0.2,Calm,,,Fog,False,False,False,False,True,False,False,False,False,False,False,False,False,Night,33.7_-84.6
A-2581242,3,2018-11-22 17:09:04,2018-11-22 17:38:34,33.77688,-84.61074,0.528,Lithia Springs,Douglas,GA,30122,US/Eastern,KFTY,2018-11-22 16:53:00,55.0,,57.0,30.27,10.0,SSE,3.5,,Clear,False,False,False,False,True,False,False,False,False,False,False,False,False,Day,33.7_-84.6
A-2586774,3,2018-10-02 16:44:29,2018-10-02 17:14:25,33.76727,-84.65799,0.851,Lithia Springs,Douglas,GA,30122,US/Eastern,KFTY,2018-10-02 16:53:00,84.0,,47.0,30.14,10.0,NNE,3.5,,Scattered Clouds,False,False,False,False,True,False,False,False,False,False,False,False,False,Day,33.7_-84.6
A-2591370,2,2018-10-10 05:17:25,2018-10-10 05:47:25,33.77689,-84.61054,0.4970000000000001,Lithia Springs,Douglas,GA,30122,US/Eastern,KFTY,2018-10-10 04:53:00,72.0,,100.0,29.88,4.0,ESE,6.9,0.01,Light Rain,False,False,False,False,True,False,False,False,False,False,False,False,False,Night,33.7_-84.6
A-2591392,2,2018-10-10 07:59:27,2018-10-10 08:28:47,33.77655,-84.60155999999998,0.3939999999999999,Lithia Springs,Douglas,GA,30122,US/Eastern,KFTY,2018-10-10 07:53:00,73.0,,100.0,29.87,10.0,East,6.9,0.0,Overcast,False,False,False,False,False,False,False,False,False,False,False,False,False,Day,33.7_-84.6
A-2591446,3,2018-10-11 17:40:49,2018-10-11 18:10:09,33.77688,-84.61074,0.528,Lithia Springs,Douglas,GA,30122,US/Eastern,KFTY,2018-10-11 17:53:00,75.9,,52.0,29.81,10.0,West,12.7,,Clear,False,False,False,False,True,False,False,False,False,False,False,False,False,Day,33.7_-84.6
A-2591449,3,2018-10-11 19:04:43,2018-10-11 19:33:58,33.770140000000005,-84.64537,0.759,Lithia Springs,Douglas,GA,30122,US/Eastern,KFTY,2018-10-11 18:53:00,73.0,,55.0,29.82,10.0,WNW,8.1,,Clear,False,False,False,False,True,False,False,False,False,False,False,False,False,Day,33.7_-84.6
A-2593353,3,2018-10-15 01:25:41,2018-10-15 01:55:18,33.76727,-84.65799,0.851,Lithia Springs,Douglas,GA,30122,US/Eastern,KFTY,2018-10-15 01:53:00,64.0,,93.0,30.11,10.0,Calm,,,Scattered Clouds,False,False,False,False,True,False,False,False,False,False,False,False,False,Night,33.7_-84.6
A-2598134,4,2018-10-24 07:48:00,2018-10-24 08:17:27,33.77688,-84.61074,0.528,Lithia Springs,Douglas,GA,30122,US/Eastern,KFTY,2018-10-24 07:53:00,41.0,,100.0,30.18,10.0,Calm,,,Clear,False,False,False,False,True,False,False,False,False,False,False,False,False,Night,33.7_-84.6
A-2599358,3,2018-10-26 14:12:45,2018-10-26 14:42:17,33.77678,-84.60206,0.481,Lithia Springs,Douglas,GA,30122,US/Eastern,KFTY,2018-10-26 13:53:00,50.0,,100.0,29.72,10.0,ENE,6.9,0.0,Overcast,False,False,False,False,True,False,False,False,False,False,False,False,False,Day,33.7_-84.6
A-2602552,4,2018-09-02 21:45:42,2018-09-02 22:15:40,33.79719,-84.64296999999998,0.0409999999999999,Lithia Springs,Douglas,GA,30122,US/Eastern,KFTY,2018-09-02 21:53:00,82.0,,67.0,30.18,10.0,South,4.6,,Partly Cloudy,False,False,False,False,False,False,False,False,False,False,False,True,False,Night,33.7_-84.6
A-2608096,2,2018-09-12 07:07:08,2018-09-12 07:36:25,33.767351,-84.65762,0.83,Lithia Springs,Douglas,GA,30122,US/Eastern,KFTY,2018-09-12 06:53:00,73.0,,100.0,30.05,5.0,Calm,,,Overcast,False,False,False,False,False,False,False,False,False,False,False,False,False,Night,33.7_-84.6
A-2613557,3,2018-09-24 22:11:57,2018-09-24 22:41:53,33.78327,-84.6098,0.402,Lithia Springs,Douglas,GA,30122-2619,US/Eastern,KFTY,2018-09-24 21:53:00,78.1,,79.0,30.11,10.0,East,8.1,,Overcast,False,False,False,False,False,False,False,False,False,False,False,False,False,Night,33.7_-84.6
A-2614088,4,2018-09-25 15:57:01,2018-09-25 16:26:46,33.778040000000004,-84.60634,0.125,Lithia Springs,Douglas,GA,30122,US/Eastern,KFTY,2018-09-25 15:53:00,88.0,,57.0,30.07,10.0,East,6.9,,Scattered Clouds,False,False,False,False,False,False,False,False,False,False,False,False,False,Day,33.7_-84.6
A-2617010,2,2018-08-01 16:24:08,2018-08-01 22:24:08,33.767351,-84.65762,0.83,Lithia Springs,Douglas,GA,30122,US/Eastern,KFTY,2018-08-01 16:28:00,75.0,,96.0,30.03,6.0,Variable,3.5,0.03,Light Rain,False,False,False,False,False,False,False,False,False,False,False,False,False,Day,33.7_-84.6
A-2619454,3,2018-08-09 16:57:00,2018-08-09 22:57:00,33.76957,-84.64811,0.597,Lithia Springs,Douglas,GA,30122,US/Eastern,KFTY,2018-08-09 16:53:00,72.0,,100.0,30.06,2.0,NNW,3.5,0.76,Heavy Thunderstorms and Rain,False,False,False,False,False,False,False,False,False,False,False,False,False,Day,33.7_-84.6
A-2621165,2,2018-08-14 11:07:54,2018-08-14 11:37:47,33.767351,-84.65762,0.332,Lithia Springs,Douglas,GA,30122,US/Eastern,KFTY,2018-08-14 10:53:00,82.9,,67.0,30.05,10.0,Calm,,,Clear,False,False,False,False,False,False,False,False,False,False,False,False,False,Day,33.7_-84.6
A-2621656,3,2018-08-16 01:07:52,2018-08-16 01:35:46,33.77688,-84.61074,0.528,Lithia Springs,Douglas,GA,30122,US/Eastern,KFTY,2018-08-16 00:53:00,73.9,,97.0,30.08,10.0,Calm,,,Clear,False,False,False,False,True,False,False,False,False,False,False,False,False,Night,33.7_-84.6
A-2622130,4,2018-08-16 01:37:52,2018-08-16 06:00:13,33.77655,-84.60155999999998,2.173,Lithia Springs,Douglas,GA,30122,US/Eastern,KFTY,2018-08-16 01:53:00,73.0,,100.0,30.08,9.0,Calm,,,Clear,False,False,False,False,False,False,False,False,False,False,False,False,False,Night,33.7_-84.6
A-2630610,4,2018-07-07 03:24:04,2018-07-07 09:24:04,33.77678,-84.60206,0.481,Lithia Springs,Douglas,GA,30122,US/Eastern,KFTY,2018-07-07 03:23:00,71.1,,100.0,30.09,10.0,NNE,3.5,,Mostly Cloudy,False,False,False,False,True,False,False,False,False,False,False,False,False,Night,33.7_-84.6
A-2632365,4,2018-07-12 05:30:22,2018-07-12 11:30:22,33.789320000000004,-84.62294,0.174,Lithia Springs,Douglas,GA,30122-1591,US/Eastern,KFTY,2018-07-12 05:53:00,73.9,,100.0,30.01,10.0,Calm,,,Clear,False,False,False,False,False,False,False,False,False,False,False,False,False,Night,33.7_-84.6
A-2632366,4,2018-07-12 05:30:22,2018-07-12 11:30:22,33.790338,-84.625951,0.209,Lithia Springs,Douglas,GA,30122,US/Eastern,KFTY,2018-07-12 05:53:00,73.9,,100.0,30.01,10.0,Calm,,,Clear,False,False,False,False,False,False,False,False,False,False,False,False,False,Night,33.7_-84.6
A-2634313,2,2018-07-17 18:54:53,2018-07-17 19:24:40,33.77678,-84.60206,0.267,Lithia Springs,Douglas,GA,30122,US/Eastern,KFTY,2018-07-17 18:53:00,88.0,,53.0,29.92,10.0,Variable,6.9,,Clear,False,False,False,False,True,False,False,False,False,False,False,False,False,Day,33.7_-84.6
A-2634782,3,2018-07-18 04:24:06,2018-07-18 04:53:38,33.77642,-84.60525,0.127,Lithia Springs,Douglas,GA,30122,US/Eastern,KFTY,2018-07-18 04:53:00,75.9,,94.0,29.91,10.0,Calm,,,Clear,False,False,False,False,False,False,False,False,False,False,False,False,False,Night,33.7_-84.6
A-2647432,3,2018-06-25 04:27:13,2018-06-25 10:27:13,33.76957,-84.64811,0.597,Lithia Springs,Douglas,GA,30122,US/Eastern,KFTY,2018-06-25 04:53:00,73.9,,100.0,30.03,7.0,Calm,,,Clear,False,False,False,False,False,False,False,False,False,False,False,False,False,Night,33.7_-84.6
A-2651890,4,2018-05-05 15:04:26,2018-05-05 21:04:26,33.7872,-84.61771,0.0,Lithia Springs,Douglas,GA,30122,US/Eastern,KFTY,2018-05-05 14:53:00,79.0,,52.0,30.01,10.0,SSW,8.1,,Scattered Clouds,False,False,False,False,False,False,False,False,False,False,False,True,False,Day,33.7_-84.6
A-2652263,3,2018-05-07 17:50:05,2018-05-07 23:50:05,33.776128,-84.615688,0.812,Lithia Springs,Douglas,GA,30122,US/Eastern,KFTY,2018-05-07 17:53:00,82.0,,26.0,29.99,10.0,NW,12.7,,Clear,False,False,False,False,False,False,False,False,False,False,False,False,False,Day,33.7_-84.6
A-2652612,2,2018-05-08 08:38:45,2018-05-08 14:38:45,33.77689,-84.61054,0.4970000000000001,Lithia Springs,Douglas,GA,30122,US/Eastern,KFTY,2018-05-08 08:53:00,66.0,,75.0,30.13,10.0,East,8.1,,Mostly Cloudy,False,False,False,False,True,False,False,False,False,False,False,False,False,Day,33.7_-84.6
A-2665312,2,2018-04-13 09:35:28,2018-04-13 15:35:28,33.77688,-84.61074,0.528,Lithia Springs,Douglas,GA,30122,US/Eastern,KFTY,2018-04-13 09:53:00,64.0,,63.0,30.12,10.0,South,4.6,,Clear,False,False,False,False,True,False,False,False,False,False,False,False,False,Day,33.7_-84.6
A-2665662,4,2018-04-14 18:24:13,2018-04-15 00:24:13,33.78913,-84.62246,0.0069999999999999,Austell,Douglas,GA,30168,US/Eastern,KFTY,2018-04-14 18:53:00,79.0,,48.0,29.88,10.0,South,12.7,,Partly Cloudy,False,False,True,False,False,False,False,False,False,False,False,True,False,Day,33.7_-84.6
A-2666345,4,2018-04-17 14:18:58,2018-04-17 20:18:58,33.764036,-84.669404,1.543,Lithia Springs,Douglas,GA,30122,US/Eastern,KFTY,2018-04-17 13:53:00,68.0,,36.0,30.04,10.0,West,12.7,,Clear,False,False,False,False,False,False,False,False,False,False,False,False,False,Day,33.7_-84.6
A-2666359,2,2018-04-17 16:30:15,2018-04-17 22:30:15,33.767351,-84.65762,0.882,Lithia Springs,Douglas,GA,30122,US/Eastern,KFTY,2018-04-17 16:53:00,75.0,,34.0,29.95,10.0,West,12.7,,Clear,False,False,False,False,False,False,False,False,False,False,False,False,False,Day,33.7_-84.6
A-2670627,3,2018-04-27 16:24:45,2018-04-27 22:24:45,33.76957,-84.64811,0.597,Lithia Springs,Douglas,GA,30122,US/Eastern,KFTY,2018-04-27 16:53:00,71.1,,39.0,29.83,10.0,West,6.9,,Clear,False,False,False,False,False,False,False,False,False,False,False,False,False,Day,33.7_-84.6
A-2676365,3,2018-03-13 17:34:57,2018-03-13 23:34:57,33.7771,-84.61043000000002,2.823,Lithia Springs,Douglas,GA,30122,US/Eastern,KFTY,2018-03-13 17:53:00,54.0,,33.0,30.01,10.0,WNW,16.1,,Clear,False,False,False,False,False,False,False,False,False,False,False,False,False,Day,33.7_-84.6
A-2678327,4,2018-03-17 18:43:09,2018-03-18 00:43:09,33.7678,-84.65654,3.857,Lithia Springs,Douglas,GA,30122,US/Eastern,KFTY,2018-03-17 18:53:00,73.0,,57.0,29.83,10.0,SSW,9.2,,Clear,False,False,False,False,False,False,False,False,False,False,False,False,False,Day,33.7_-84.6
A-2678328,4,2018-03-17 19:19:54,2018-03-18 01:19:54,33.7678,-84.65654,3.857,Lithia Springs,Douglas,GA,30122,US/Eastern,KFTY,2018-03-17 18:53:00,73.0,,57.0,29.83,10.0,SSW,9.2,,Clear,False,False,False,False,False,False,False,False,False,False,False,False,False,Day,33.7_-84.6
A-2687642,3,2018-02-07 12:34:42,2018-02-07 18:34:42,33.77688,-84.61074,0.528,Lithia Springs,Douglas,GA,30122,US/Eastern,KFTY,2018-02-07 12:53:00,61.0,,97.0,30.06,10.0,WSW,6.9,0.01,Light Rain,False,False,False,False,True,False,False,False,False,False,False,False,False,Day,33.7_-84.6
A-2693430,3,2018-02-20 17:41:03,2018-02-20 23:41:03,33.767351,-84.65762,0.83,Lithia Springs,Douglas,GA,30122,US/Eastern,KFTY,2018-02-20 17:53:00,73.9,,66.0,30.3,10.0,ESE,5.8,,Overcast,False,False,False,False,False,False,False,False,False,False,False,False,False,Day,33.7_-84.6
A-2694496,4,2018-02-22 06:47:45,2018-02-22 12:47:45,33.76957,-84.64811,0.597,Lithia Springs,Douglas,GA,30122,US/Eastern,KFTY,2018-02-22 06:53:00,57.9,,100.0,30.4,8.0,Calm,,,Mostly Cloudy,False,False,False,False,False,False,False,False,False,False,False,False,False,Night,33.7_-84.6
A-2713881,3,2017-12-05 08:26:39,2017-12-05 14:26:39,33.77688,-84.61074,0.528,Lithia Springs,Douglas,GA,30122,US/Eastern,KFTY,2017-12-05 08:53:00,60.1,,93.0,30.17,10.0,South,9.2,,Overcast,False,False,False,False,True,False,False,False,False,False,False,False,False,Day,33.7_-84.6
A-2718786,3,2017-12-15 15:18:19,2017-12-15 21:18:19,33.77688,-84.61074,0.528,Lithia Springs,Douglas,GA,30122,US/Eastern,KFTY,2017-12-15 14:53:00,37.9,30.0,57.0,30.11,10.0,WNW,12.7,,Clear,False,False,False,False,True,False,False,False,False,False,False,False,False,Day,33.7_-84.6
A-2721597,3,2017-12-21 10:25:46,2017-12-21 16:25:46,33.767351,-84.65762,0.83,Lithia Springs,Douglas,GA,30122,US/Eastern,KFTY,2017-12-21 10:53:00,54.0,,93.0,30.12,10.0,ESE,5.8,0.0,Light Rain,False,False,False,False,False,False,False,False,False,False,False,False,False,Day,33.7_-84.6
A-2723948,2,2017-12-28 06:01:19,2017-12-28 12:01:19,33.77678,-84.60206,0.481,Lithia Springs,Douglas,GA,30122,US/Eastern,KFTY,2017-12-28 05:53:00,30.9,,82.0,30.42,10.0,Calm,,,Overcast,False,False,False,False,True,False,False,False,False,False,False,False,False,Night,33.7_-84.6
A-2727788,2,2017-11-09 01:07:14,2017-11-09 07:07:14,33.77663,-84.61301999999998,0.785,Lithia Springs,Douglas,GA,30122,US/Eastern,KFTY,2017-11-09 00:53:00,51.1,,100.0,30.1,9.0,East,4.6,,Overcast,False,False,False,False,False,False,False,False,False,False,False,False,False,Night,33.7_-84.6
A-2736557,3,2017-10-03 07:57:15,2017-10-03 13:57:15,33.77663,-84.61301999999998,0.785,Lithia Springs,Douglas,GA,30122,US/Eastern,KFTY,2017-10-03 07:53:00,59.0,,93.0,30.4,10.0,NNE,5.8,,Clear,False,False,False,False,False,False,False,False,False,False,False,False,False,Day,33.7_-84.6
A-2737662,2,2017-10-05 07:58:54,2017-10-05 13:58:54,33.77678,-84.60206,0.481,Lithia Springs,Douglas,GA,30122,US/Eastern,KFTY,2017-10-05 07:53:00,55.9,,97.0,30.26,10.0,East,3.5,,Clear,False,False,False,False,True,False,False,False,False,False,False,False,False,Day,33.7_-84.6
A-2741631,2,2017-10-16 20:23:37,2017-10-17 02:23:37,33.776775,-84.605186,0.336,Lithia Springs,Douglas,GA,30122,US/Eastern,KFTY,2017-10-16 19:53:00,57.9,,65.0,30.14,10.0,North,6.9,,Clear,False,False,False,False,False,False,False,False,False,False,False,False,False,Night,33.7_-84.6
A-2744653,2,2017-10-24 14:26:37,2017-10-24 20:26:37,33.77678,-84.60206,0.481,Lithia Springs,Douglas,GA,30122,US/Eastern,KFTY,2017-10-24 14:53:00,66.0,,37.0,29.89,10.0,West,13.8,,Clear,False,False,False,False,True,False,False,False,False,False,False,False,False,Day,33.7_-84.6
A-2745116,4,2017-10-25 10:40:53,2017-10-25 16:40:53,33.777072,-84.611047,2.7880000000000003,Lithia Springs,Douglas,GA,30122,US/Eastern,KFTY,2017-10-25 10:53:00,53.1,,64.0,30.01,10.0,West,9.2,,Clear,False,False,False,False,False,False,False,False,False,False,False,False,False,Day,33.7_-84.6
A-2745120,3,2017-10-25 11:48:23,2017-10-25 17:48:23,33.77678,-84.60206,0.481,Lithia Springs,Douglas,GA,30122,US/Eastern,KFTY,2017-10-25 11:53:00,55.9,,49.0,29.99,10.0,WNW,12.7,,Clear,False,False,False,False,True,False,False,False,False,False,False,False,False,Day,33.7_-84.6
A-2747523,3,2017-09-01 09:21:45,2017-09-01 15:21:45,33.76728,-84.65795,0.8490000000000001,Lithia Springs,Douglas,GA,30122,US/Eastern,KFTY,2017-09-01 09:26:00,75.0,,90.0,29.9,1.8,WSW,13.8,0.0,Heavy Rain,False,False,False,False,True,False,False,False,False,False,False,False,False,Day,33.7_-84.6
A-2750801,2,2017-09-11 06:36:55,2017-09-11 12:36:55,33.76728,-84.65795,0.8490000000000001,Lithia Springs,Douglas,GA,30122,US/Eastern,KFTY,2017-09-11 06:53:00,57.0,,93.0,30.0,10.0,NE,16.1,0.06,Light Rain,False,False,False,False,True,False,False,False,False,False,False,False,False,Night,33.7_-84.6
A-2758567,2,2017-07-31 09:10:04,2017-07-31 15:10:04,33.77663,-84.61301999999998,0.785,Lithia Springs,Douglas,GA,30122,US/Eastern,KFTY,2017-07-31 08:53:00,71.1,,73.0,30.12,10.0,ENE,4.6,,Clear,False,False,False,False,False,False,False,False,False,False,False,False,False,Day,33.7_-84.6
A-2760235,4,2017-08-03 10:31:21,2017-08-03 16:31:21,33.70376,-84.6587,0.1159999999999999,Douglasville,Douglas,GA,30135-3012,US/Eastern,KFTY,2017-08-03 10:53:00,79.0,,62.0,30.11,10.0,East,5.8,,Clear,False,False,False,False,False,False,False,False,False,False,False,False,False,Day,33.7_-84.6
A-2766135,2,2017-08-17 08:24:10,2017-08-17 14:24:10,33.76728,-84.65795,0.8490000000000001,Lithia Springs,Douglas,GA,30122,US/Eastern,KFTY,2017-08-17 08:53:00,80.1,,87.0,30.07,10.0,Calm,,,Clear,False,False,False,False,True,False,False,False,False,False,False,False,False,Day,33.7_-84.6
A-2766745,2,2017-08-18 17:25:40,2017-08-18 23:25:40,33.77013,-84.64542,0.7559999999999999,Lithia Springs,Douglas,GA,30122,US/Eastern,KFTY,2017-08-18 17:53:00,88.0,,51.0,29.92,10.0,WNW,9.2,,Partly Cloudy,False,False,False,False,True,False,False,False,False,False,False,False,False,Day,33.7_-84.6
A-2767548,4,2017-08-21 17:39:00,2017-08-21 23:39:00,33.775763,-84.617425,3.594,Lithia Springs,Douglas,GA,30122,US/Eastern,KFTY,2017-08-21 17:53:00,91.0,,52.0,30.1,10.0,SSE,9.2,,Clear,False,False,False,False,False,False,False,False,False,False,False,False,False,Day,33.7_-84.6
A-2774838,2,2019-04-09 05:52:11,2019-04-09 06:21:10,33.77655,-84.60155999999998,2.173,Lithia Springs,Douglas,GA,30122,US/Eastern,KFTY,2019-04-09 05:53:00,65.0,65.0,97.0,28.91,10.0,CALM,0.0,0.0,Cloudy,False,False,False,False,False,False,False,False,False,False,False,False,False,Night,33.7_-84.6
A-2776287,3,2019-04-11 15:49:16,2019-04-11 16:17:30,33.7678,-84.65654,3.313,Lithia Springs,Douglas,GA,30122,US/Eastern,KFTY,2019-04-11 15:53:00,82.0,82.0,30.0,28.99,10.0,SSE,17.0,0.0,Fair,False,False,False,False,False,False,False,False,False,False,False,False,False,Day,33.7_-84.6
A-2777844,2,2019-04-14 23:07:56,2019-04-14 23:34:29,33.77678,-84.60206,0.481,Lithia Springs,Douglas,GA,30122,US/Eastern,KFTY,2019-04-14 23:07:00,56.0,56.0,77.0,28.92,10.0,W,18.0,0.0,Cloudy,False,False,False,False,True,False,False,False,False,False,False,False,False,Night,33.7_-84.6
A-2783802,3,2019-04-26 17:03:32,2019-04-26 17:31:49,33.78902,-84.62267,0.0069999999999999,Lithia Springs,Douglas,GA,30122,US/Eastern,KFTY,2019-04-26 16:53:00,73.0,73.0,28.0,28.97,10.0,NNW,18.0,0.0,Fair,False,False,True,False,False,False,False,False,False,False,False,True,False,Day,33.7_-84.6
A-2784633,3,2019-04-29 23:51:24,2019-04-30 00:20:43,33.76727,-84.65799,1.2990000000000002,Lithia Springs,Douglas,GA,30122,US/Eastern,KFTY,2019-04-29 23:53:00,65.0,65.0,87.0,29.29,10.0,CALM,0.0,0.0,Fair,False,False,False,False,True,False,False,False,False,False,False,False,False,Night,33.7_-84.6
A-2785578,2,2019-04-02 17:30:51,2019-04-02 17:59:14,33.77678,-84.60206,0.2189999999999999,Lithia Springs,Douglas,GA,30122,US/Eastern,KFTY,2019-04-02 17:53:00,61.0,61.0,36.0,29.21,10.0,WNW,10.0,0.0,Partly Cloudy,False,False,False,False,True,False,False,False,False,False,False,False,False,Day,33.7_-84.6
A-2785579,2,2019-04-02 17:30:51,2019-04-02 17:59:14,33.77773,-84.6057,0.015,Lithia Springs,Douglas,GA,30122,US/Eastern,KFTY,2019-04-02 17:53:00,61.0,61.0,36.0,29.21,10.0,WNW,10.0,0.0,Partly Cloudy,False,False,False,False,True,False,False,False,False,False,False,True,False,Day,33.7_-84.6
A-2788937,3,2019-05-09 09:46:16,2019-05-09 10:15:35,33.77688,-84.61074,0.528,Lithia Springs,Douglas,GA,30122,US/Eastern,KFTY,2019-05-09 09:53:00,73.0,73.0,71.0,29.16,10.0,S,12.0,0.0,Mostly Cloudy,False,False,False,False,True,False,False,False,False,False,False,False,False,Day,33.7_-84.6
A-2797210,3,2019-05-28 08:56:19,2019-05-28 09:25:09,33.76727,-84.65799,0.851,Lithia Springs,Douglas,GA,30122,US/Eastern,KFTY,2019-05-28 08:53:00,78.0,78.0,71.0,29.13,10.0,W,3.0,0.0,Fair,False,False,False,False,True,False,False,False,False,False,False,False,False,Day,33.7_-84.6
A-2800799,4,2019-06-02 01:34:32,2019-06-02 02:03:09,33.77678,-84.60206,0.481,Lithia Springs,Douglas,GA,30122,US/Eastern,KFTY,2019-06-02 01:53:00,70.0,70.0,65.0,28.98,10.0,CALM,0.0,0.0,Fair,False,False,False,False,True,False,False,False,False,False,False,False,False,Night,33.7_-84.6
A-2809042,2,2019-06-20 07:58:42,2019-06-20 08:28:31,33.76727,-84.65799,0.851,Lithia Springs,Douglas,GA,30122,US/Eastern,KFTY,2019-06-20 07:53:00,74.0,74.0,76.0,28.94,10.0,WSW,5.0,0.0,Fair,False,False,False,False,True,False,False,False,False,False,False,False,False,Day,33.7_-84.6
A-2809665,2,2019-06-21 18:18:00,2019-06-21 18:46:26,33.77678,-84.60206,0.481,Lithia Springs,Douglas,GA,30122,US/Eastern,KFTY,2019-06-21 17:53:00,91.0,91.0,47.0,29.12,10.0,WNW,7.0,0.0,Partly Cloudy,False,False,False,False,True,False,False,False,False,False,False,False,False,Day,33.7_-84.6
A-2810982,3,2019-06-25 12:49:27,2019-06-25 13:18:31,33.77678,-84.60206,0.481,Lithia Springs,Douglas,GA,30122,US/Eastern,KFTY,2019-06-25 12:53:00,83.0,83.0,56.0,29.2,10.0,W,8.0,0.0,Mostly Cloudy,False,False,False,False,True,False,False,False,False,False,False,False,False,Day,33.7_-84.6
A-2813211,3,2019-06-30 15:38:36,2019-06-30 16:07:36,33.77688,-84.61074,0.528,Lithia Springs,Douglas,GA,30122,US/Eastern,KFTY,2019-06-30 15:53:00,89.0,89.0,48.0,29.14,10.0,WNW,5.0,0.0,Fair,False,False,False,False,True,False,False,False,False,False,False,False,False,Day,33.7_-84.6
A-2821592,3,2019-07-02 09:31:51,2019-07-02 10:00:47,33.77642,-84.60525,0.095,Lithia Springs,Douglas,GA,30122,US/Eastern,KFTY,2019-07-02 09:53:00,85.0,85.0,63.0,29.16,10.0,NNW,5.0,0.0,Fair,False,False,False,False,False,False,False,False,False,False,False,False,False,Day,33.7_-84.6
A-2821593,3,2019-07-02 09:31:51,2019-07-02 10:00:47,33.7758,-84.60491,0.047,Lithia Springs,Douglas,GA,30122,US/Eastern,KFTY,2019-07-02 09:53:00,85.0,85.0,63.0,29.16,10.0,NNW,5.0,0.0,Fair,False,False,False,False,False,False,False,False,False,False,False,True,False,Day,33.7_-84.6
A-2821595,2,2019-07-02 08:53:37,2019-07-02 09:22:32,33.778040000000004,-84.60634,0.0,Lithia Springs,Douglas,GA,30122,US/Eastern,KFTY,2019-07-02 08:53:00,82.0,82.0,69.0,29.15,10.0,NW,7.0,0.0,Fair,False,False,False,False,False,False,False,False,False,False,False,False,False,Day,33.7_-84.6
A-2823078,3,2019-07-06 09:46:50,2019-07-06 10:13:51,33.776112,-84.615762,0.11,Lithia Springs,Douglas,GA,30122,US/Eastern,KFTY,2019-07-06 09:53:00,78.0,78.0,81.0,29.24,10.0,WNW,3.0,0.0,Partly Cloudy,False,False,False,False,False,False,False,False,False,False,False,False,False,Day,33.7_-84.6
A-2823314,3,2019-07-07 05:51:20,2019-07-07 06:20:44,33.77688,-84.61074,0.528,Lithia Springs,Douglas,GA,30122,US/Eastern,KFTY,2019-07-07 05:53:00,75.0,75.0,87.0,29.07,10.0,SSW,3.0,0.0,Fair,False,False,False,False,True,False,False,False,False,False,False,False,False,Night,33.7_-84.6
A-2823320,3,2019-07-07 05:29:35,2019-07-07 05:57:04,33.77688,-84.61074,0.528,Lithia Springs,Douglas,GA,30122,US/Eastern,KFTY,2019-07-07 05:53:00,75.0,75.0,87.0,29.07,10.0,SSW,3.0,0.0,Fair,False,False,False,False,True,False,False,False,False,False,False,False,False,Night,33.7_-84.6
A-2823701,2,2019-07-08 17:56:40,2019-07-08 18:24:04,33.76883,-84.651618,0.0,Lithia Springs,Douglas,GA,30122,US/Eastern,KFTY,2019-07-08 17:53:00,87.0,87.0,59.0,28.95,10.0,N,5.0,0.0,Fair,False,False,False,False,False,False,False,False,False,False,False,False,False,Day,33.7_-84.6
A-2838362,4,2019-08-09 07:23:31,2019-08-09 07:52:11,33.77758,-84.60608,0.032,Lithia Springs,Douglas,GA,30122,US/Eastern,KFTY,2019-08-09 06:53:00,74.0,74.0,85.0,29.06,10.0,CALM,0.0,0.0,Fair,False,False,False,False,False,False,False,False,False,False,False,True,False,Day,33.7_-84.6
A-2838363,4,2019-08-09 07:23:31,2019-08-09 07:52:11,33.77752,-84.60663000000002,0.22,Lithia Springs,Douglas,GA,30122,US/Eastern,KFTY,2019-08-09 06:53:00,74.0,74.0,85.0,29.06,10.0,CALM,0.0,0.0,Fair,False,False,False,False,False,False,False,False,False,False,False,False,False,Day,33.7_-84.6
A-2838364,3,2019-08-09 07:18:14,2019-08-09 07:45:32,33.77678,-84.60206,0.481,Lithia Springs,Douglas,GA,30122,US/Eastern,KFTY,2019-08-09 06:53:00,74.0,74.0,85.0,29.06,10.0,CALM,0.0,0.0,Fair,False,False,False,False,True,False,False,False,False,False,False,False,False,Day,33.7_-84.6
A-2842935,2,2019-08-19 08:33:54,2019-08-19 09:03:16,33.77688,-84.61074,0.528,Lithia Springs,Douglas,GA,30122,US/Eastern,KFTY,2019-08-19 08:53:00,79.0,79.0,79.0,29.19,10.0,VAR,3.0,0.0,Fair,False,False,False,False,True,False,False,False,False,False,False,False,False,Day,33.7_-84.6
