ID,Severity,Start_Time,End_Time,Start_Lat,Start_Lng,Distance(mi),City,County,State,Zipcode,Timezone,Airport_Code,Weather_Timestamp,Temperature(F),Wind_Chill(F),Humidity(%),Pressure(in),Visibility(mi),Wind_Direction,Wind_Speed(mph),Precipitation(in),Weather_Condition,Amenity,Bump,Crossing,Give_Way,Junction,No_Exit,Railway,Roundabout,Station,Stop,Traffic_Calming,Traffic_Signal,Turning_Loop,Sunrise_Sunset,DF_Matching
A-62730,4,2016-09-29 18:10:04,2016-09-30 00:10:04,30.809026,-81.802708,0.013,Kingsland,Camden,GA,31548-3600,US/Eastern,KFHB,2016-09-29 18:15:00,82.4,,74.0,29.93,10.0,ESE,4.6,,Clear,False,False,False,False,False,False,False,False,False,False,False,False,False,Day,30.8_-81.8
A-62761,4,2016-09-29 20:07:14,2016-09-30 02:07:14,30.809026,-81.802708,0.013,Kingsland,Camden,GA,31548-3600,US/Eastern,KFHB,2016-09-29 20:15:00,84.2,,74.0,29.95,10.0,South,8.1,,Clear,False,False,False,False,False,False,False,False,False,False,False,False,False,Night,30.8_-81.8
A-1890673,2,2020-10-08 16:54:00,2020-10-08 22:45:00,30.835522,-81.888903,1.334,Folkston,Camden,GA,31537,US/Eastern,KJAX,2020-10-08 16:56:00,83.0,83.0,60.0,29.98,10.0,E,13.0,0.0,Partly Cloudy,False,False,False,False,False,False,False,False,False,False,False,False,False,Day,30.8_-81.8
A-1951378,4,2020-10-08 16:54:00,2020-10-08 22:45:00,30.832931,-81.881733,0.395,Folkston,Camden,GA,31537,US/Eastern,KJAX,2020-10-08 16:56:00,83.0,83.0,60.0,29.98,10.0,E,13.0,0.0,Partly Cloudy,False,False,False,False,False,False,False,False,False,False,False,False,False,Day,30.8_-81.8
A-1966352,2,2020-10-08 16:54:00,2020-10-08 19:45:00,30.835522,-81.888903,1.334,Folkston,Camden,GA,31537,US/Eastern,KJAX,2020-10-08 16:56:00,83.0,83.0,60.0,29.98,10.0,E,13.0,0.0,Partly Cloudy,False,False,False,False,False,False,False,False,False,False,False,False,False,Day,30.8_-81.8
