ID,Severity,Start_Time,End_Time,Start_Lat,Start_Lng,Distance(mi),City,County,State,Zipcode,Timezone,Airport_Code,Weather_Timestamp,Temperature(F),Wind_Chill(F),Humidity(%),Pressure(in),Visibility(mi),Wind_Direction,Wind_Speed(mph),Precipitation(in),Weather_Condition,Amenity,Bump,Crossing,Give_Way,Junction,No_Exit,Railway,Roundabout,Station,Stop,Traffic_Calming,Traffic_Signal,Turning_Loop,Sunrise_Sunset,DF_Matching
A-2337329,4,2020-02-12 20:23:23,2020-02-12 20:52:13,33.019870000000004,-84.67962,0.958,Greenville,Meriwether,GA,30222-3824,US/Eastern,KCCO,2020-02-12 20:15:00,72.0,72.0,83.0,28.88,10.0,S,6.0,,Fair,False,False,False,False,False,False,False,False,False,False,False,False,False,Night,33.0_-84.6
A-2337331,4,2020-02-12 20:44:22,2020-02-12 21:12:12,33.01214,-84.66589,0.958,Greenville,Meriwether,GA,30222-3840,US/Eastern,KCCO,2020-02-12 20:35:00,71.0,71.0,85.0,28.87,10.0,S,8.0,,Fair,False,False,False,False,False,False,False,False,False,False,False,False,False,Night,33.0_-84.6
A-2337333,4,2020-02-12 22:29:20,2020-02-12 22:58:37,33.01214,-84.66589,0.958,Greenville,Meriwether,GA,30222-3840,US/Eastern,KCCO,2020-02-12 22:55:00,71.0,71.0,85.0,28.86,10.0,S,12.0,,Cloudy,False,False,False,False,False,False,False,False,False,False,False,False,False,Night,33.0_-84.6
A-2689762,4,2018-02-12 11:19:42,2018-02-12 17:19:42,33.020587,-84.680716,1.534,Greenville,Meriwether,GA,30222-3858,US/Eastern,KCCO,2018-02-12 11:15:00,57.7,,85.0,30.32,10.0,NNW,6.9,,Overcast,False,False,False,False,False,False,False,False,False,False,False,False,False,Day,33.0_-84.6
A-2809678,4,2019-06-21 22:14:10,2019-06-21 22:44:00,33.012735,-84.668183,2.756,Greenville,Meriwether,GA,30222-3840,US/Eastern,KCCO,2019-06-21 22:15:00,83.0,83.0,84.0,29.0,10.0,CALM,0.0,,Fair,False,False,False,False,False,False,False,False,False,False,False,False,False,Night,33.0_-84.6
A-2838361,4,2019-08-09 06:09:55,2019-08-09 06:38:29,33.019913,-84.679684,1.906,Greenville,Meriwether,GA,30222-3837,US/Eastern,KCCO,2019-08-09 06:15:00,75.0,75.0,95.0,28.93,7.0,CALM,0.0,,Partly Cloudy,False,False,False,False,False,False,False,False,False,False,False,False,False,Night,33.0_-84.6
