ID,Severity,Start_Time,End_Time,Start_Lat,Start_Lng,Distance(mi),City,County,State,Zipcode,Timezone,Airport_Code,Weather_Timestamp,Temperature(F),Wind_Chill(F),Humidity(%),Pressure(in),Visibility(mi),Wind_Direction,Wind_Speed(mph),Precipitation(in),Weather_Condition,Amenity,Bump,Crossing,Give_Way,Junction,No_Exit,Railway,Roundabout,Station,Stop,Traffic_Calming,Traffic_Signal,Turning_Loop,Sunrise_Sunset,DF_Matching
A-636914,2,2021-11-27 12:01:00,2021-11-27 14:30:00,32.709612,-81.967773,0.176,Millen,Jenkins,GA,30442-5157,US/Eastern,KJYL,2021-11-27 11:55:00,56.0,56.0,31.0,29.96,10.0,CALM,0.0,0.0,Fair,False,False,False,False,False,False,False,False,False,False,False,False,False,Day,32.7_-81.9
A-2554951,4,2018-12-10 19:14:31,2018-12-10 19:43:51,32.73941,-81.98425999999998,0.39,Millen,Jenkins,GA,30442,US/Eastern,KJYL,2018-12-10 19:15:00,41.9,40.0,97.0,30.14,4.0,NW,3.5,,Overcast,False,False,False,False,False,False,False,False,False,False,False,False,False,Night,32.7_-81.9
A-2792396,4,2019-05-16 18:36:01,2019-05-16 19:05:32,32.73941,-81.98425999999998,0.39,Millen,Jenkins,GA,30442,US/Eastern,KJYL,2019-05-16 18:35:00,85.0,85.0,38.0,29.76,10.0,WNW,7.0,0.0,Partly Cloudy,False,False,False,False,False,False,False,False,False,False,False,False,False,Day,32.7_-81.9
A-2792398,4,2019-05-16 18:36:01,2019-05-16 19:05:32,32.745317,-81.983652,0.412,Millen,Jenkins,GA,30442,US/Eastern,KJYL,2019-05-16 18:35:00,85.0,85.0,38.0,29.76,10.0,WNW,7.0,0.0,Partly Cloudy,False,False,False,False,False,False,False,False,False,False,False,False,False,Day,32.7_-81.9
A-2792400,4,2019-05-16 18:36:01,2019-05-16 19:05:32,32.7394,-81.98448,0.016,Millen,Jenkins,GA,30442,US/Eastern,KJYL,2019-05-16 18:35:00,85.0,85.0,38.0,29.76,10.0,WNW,7.0,0.0,Partly Cloudy,False,False,False,False,False,False,False,False,False,False,False,False,False,Day,32.7_-81.9
