ID,Severity,Start_Time,End_Time,Start_Lat,Start_Lng,Distance(mi),City,County,State,Zipcode,Timezone,Airport_Code,Weather_Timestamp,Temperature(F),Wind_Chill(F),Humidity(%),Pressure(in),Visibility(mi),Wind_Direction,Wind_Speed(mph),Precipitation(in),Weather_Condition,Amenity,Bump,Crossing,Give_Way,Junction,No_Exit,Railway,Roundabout,Station,Stop,Traffic_Calming,Traffic_Signal,Turning_Loop,Sunrise_Sunset,DF_Matching
A-2396219,4,2019-12-18 18:05:51,2019-12-18 18:34:56,31.21407,-81.67355,0.298,Brunswick,Glynn,GA,31523-8165,US/Eastern,KBQK,2019-12-18 17:55:00,46.0,43.0,50.0,30.15,10.0,NNW,6.0,0.0,Fair,False,False,False,False,False,False,False,False,False,False,False,False,False,Night,31.2_-81.6
A-2597634,2,2018-10-23 11:40:27,2018-10-23 12:10:12,31.214134,-81.673376,0.01,Brunswick,Glynn,GA,31523-8165,US/Eastern,KBQK,2018-10-23 11:35:00,69.8,,83.0,30.19,10.0,East,10.4,,Overcast,False,False,False,False,False,False,False,False,False,False,False,False,False,Day,31.2_-81.6
A-2626854,4,2018-08-28 16:51:02,2018-08-28 17:20:55,31.258202,-81.600758,0.41,Brunswick,Glynn,GA,31523-3530,US/Eastern,KBQK,2018-08-28 16:55:00,82.4,,70.0,30.12,10.0,East,8.1,,Clear,False,False,False,False,False,False,False,False,False,False,False,False,False,Day,31.2_-81.6
A-2626855,4,2018-08-28 16:51:02,2018-08-28 17:20:55,31.255563,-81.60698000000002,0.41,Brunswick,Glynn,GA,31523-3322,US/Eastern,KBQK,2018-08-28 16:55:00,82.4,,70.0,30.12,10.0,East,8.1,,Clear,False,False,False,False,False,False,False,False,False,False,False,False,False,Day,31.2_-81.6
A-2767536,4,2017-08-21 14:08:15,2017-08-21 20:08:15,31.205823,-81.693021,2.251,Brunswick,Glynn,GA,31523,US/Eastern,KBQK,2017-08-21 14:15:00,75.2,,89.0,30.17,10.0,ENE,5.8,,Mostly Cloudy,False,False,False,False,False,False,False,False,False,False,False,False,False,Day,31.2_-81.6
A-2796027,4,2019-05-24 17:53:23,2019-05-24 18:22:19,31.25498,-81.60396999999998,0.0559999999999999,Brunswick,Glynn,GA,31523-3540,US/Eastern,KBQK,2019-05-24 17:55:00,88.0,88.0,55.0,30.07,10.0,SSE,10.0,0.0,Fair,False,False,True,False,False,False,True,False,False,False,False,False,False,Day,31.2_-81.6
A-2796028,4,2019-05-24 17:53:23,2019-05-24 18:22:19,31.254369,-81.60459200000003,0.0559999999999999,Brunswick,Glynn,GA,31523-3539,US/Eastern,KBQK,2019-05-24 17:55:00,88.0,88.0,55.0,30.07,10.0,SSE,10.0,0.0,Fair,False,False,False,False,False,False,False,False,False,False,False,False,False,Day,31.2_-81.6
A-2809102,4,2019-06-20 22:58:25,2019-06-20 23:28:19,31.23131,-81.65561,0.0,Brunswick,Glynn,GA,31523,US/Eastern,KBQK,2019-06-20 22:55:00,73.0,73.0,89.0,29.93,10.0,W,12.0,0.03,Light Rain,False,False,False,False,False,False,False,False,False,False,False,False,False,Night,31.2_-81.6
