ID,Severity,Start_Time,End_Time,Start_Lat,Start_Lng,Distance(mi),City,County,State,Zipcode,Timezone,Airport_Code,Weather_Timestamp,Temperature(F),Wind_Chill(F),Humidity(%),Pressure(in),Visibility(mi),Wind_Direction,Wind_Speed(mph),Precipitation(in),Weather_Condition,Amenity,Bump,Crossing,Give_Way,Junction,No_Exit,Railway,Roundabout,Station,Stop,Traffic_Calming,Traffic_Signal,Turning_Loop,Sunrise_Sunset,DF_Matching
A-876155,2,2021-09-22 06:52:00,2021-09-22 10:00:00,32.438188000000004,-82.29916800000002,0.043,Twin City,Emanuel,GA,30471,US/Eastern,KSBO,2021-09-22 06:50:00,72.0,72.0,94.0,29.61,0.25,CALM,0.0,0.0,Fog,False,False,False,False,False,False,False,False,False,False,False,False,False,Night,32.4_-82.2
A-962818,4,2021-09-22 06:52:00,2021-09-22 08:07:00,32.435083,-82.298925,0.185,Swainsboro,Emanuel,GA,30401-5146,US/Eastern,KSBO,2021-09-22 06:50:00,72.0,72.0,94.0,29.61,0.25,CALM,0.0,0.0,Fog,False,False,False,False,False,False,False,False,False,False,False,False,False,Night,32.4_-82.2
A-1042749,2,2021-09-22 06:52:00,2021-09-22 08:07:00,32.436954,-82.299071,0.051,Swainsboro,Emanuel,GA,30401-5015,US/Eastern,KSBO,2021-09-22 06:50:00,72.0,72.0,94.0,29.61,0.25,CALM,0.0,0.0,Fog,False,False,False,False,False,False,False,False,False,False,False,False,False,Night,32.4_-82.2
A-2631031,2,2018-07-09 15:45:51,2018-07-09 21:45:51,32.419142,-82.297924,0.767,Twin City,Emanuel,GA,30471-4677,US/Eastern,KSBO,2018-07-09 15:53:00,89.6,,49.0,30.17,10.0,Calm,,,Scattered Clouds,False,False,False,False,False,False,False,False,False,False,False,False,False,Day,32.4_-82.2
