ID,Severity,Start_Time,End_Time,Start_Lat,Start_Lng,Distance(mi),City,County,State,Zipcode,Timezone,Airport_Code,Weather_Timestamp,Temperature(F),Wind_Chill(F),Humidity(%),Pressure(in),Visibility(mi),Wind_Direction,Wind_Speed(mph),Precipitation(in),Weather_Condition,Amenity,Bump,Crossing,Give_Way,Junction,No_Exit,Railway,Roundabout,Station,Stop,Traffic_Calming,Traffic_Signal,Turning_Loop,Sunrise_Sunset,DF_Matching
A-1755710,2,2020-12-20 03:34:00.000000000,2020-12-20 06:45:00.000000000,32.277316,-82.407507,0.07,Vidalia,Toombs,GA,30474-6457,US/Eastern,KVDI,2020-12-20 03:35:00,50.0,50.0,71.0,29.83,10.0,N,3.0,0.0,Light Rain,False,False,False,False,False,False,False,False,False,False,False,False,False,Night,32.2_-82.4
A-1811384,2,2020-12-20 03:34:00,2020-12-20 06:45:00,32.278318,-82.40735,0.07,Vidalia,Toombs,GA,30474-6458,US/Eastern,KVDI,2020-12-20 03:35:00,50.0,50.0,71.0,29.83,10.0,N,3.0,0.0,Light Rain,False,False,False,False,False,False,False,False,False,False,False,False,False,Night,32.2_-82.4
A-1889384,2,2020-11-17 01:45:00,2020-11-17 04:00:00,32.20214,-82.49,0.093,Ailey,Montgomery,GA,30410-3540,US/Eastern,KVDI,2020-11-17 01:55:00,46.0,46.0,57.0,29.95,10.0,CALM,0.0,0.0,Fair,False,False,False,False,False,False,False,False,False,False,False,False,False,Night,32.2_-82.4
A-1943441,4,2020-11-17 01:45:00,2020-11-17 04:00:00,32.202671,-82.48853000000003,0.093,Ailey,Montgomery,GA,30410-3540,US/Eastern,KVDI,2020-11-17 01:55:00,46.0,46.0,57.0,29.95,10.0,CALM,0.0,0.0,Fair,False,False,False,False,False,False,False,False,False,False,False,False,False,Night,32.2_-82.4
A-2532693,4,2019-01-04 07:37:00,2019-01-04 08:06:55,32.28796,-82.40590999999998,2.015,Vidalia,Toombs,GA,30474-6425,US/Eastern,KVDI,2019-01-04 07:35:00,64.4,,94.0,29.89,7.0,SSE,5.8,,Overcast,False,False,False,False,False,False,False,False,False,False,False,False,False,Day,32.2_-82.4
A-2579848,4,2018-11-20 05:36:04,2018-11-20 06:05:44,32.221471,-82.423158,0.005,Vidalia,Toombs,GA,30474,US/Eastern,KVDI,2018-11-20 05:35:00,55.4,,82.0,30.08,10.0,Calm,,,Mostly Cloudy,False,False,True,False,False,False,False,False,False,False,False,False,False,Night,32.2_-82.4
A-2800401,4,2019-05-02 23:00:29,2019-05-02 23:29:18,32.246235,-82.487206,0.866,Ailey,Montgomery,GA,30410,US/Eastern,KVDI,2019-05-02 22:55:00,72.0,72.0,78.0,29.81,10.0,E,7.0,0.0,Partly Cloudy,False,False,False,False,False,False,False,False,False,False,False,False,False,Night,32.2_-82.4
A-2800402,4,2019-05-02 23:00:29,2019-05-02 23:29:18,32.25692100000001,-82.494962,0.866,Vidalia,Montgomery,GA,30474-6702,US/Eastern,KVDI,2019-05-02 22:55:00,72.0,72.0,78.0,29.81,10.0,E,7.0,0.0,Partly Cloudy,False,False,False,False,False,False,False,False,False,False,False,False,False,Night,32.2_-82.4
