ID,Severity,Start_Time,End_Time,Start_Lat,Start_Lng,Distance(mi),City,County,State,Zipcode,Timezone,Airport_Code,Weather_Timestamp,Temperature(F),Wind_Chill(F),Humidity(%),Pressure(in),Visibility(mi),Wind_Direction,Wind_Speed(mph),Precipitation(in),Weather_Condition,Amenity,Bump,Crossing,Give_Way,Junction,No_Exit,Railway,Roundabout,Station,Stop,Traffic_Calming,Traffic_Signal,Turning_Loop,Sunrise_Sunset,DF_Matching
A-139603,4,2017-02-06 20:49:15,2017-02-07 02:49:15,34.90861,-85.09595999999998,0.05,Ringgold,Catoosa,GA,30736-8676,US/Eastern,KCHA,2017-02-06 20:47:00,51.8,,94.0,30.07,1.0,South,4.6,,Overcast,False,False,False,False,False,False,False,False,False,False,False,False,False,Night,34.9_-85.0
A-443447,2,2021-10-06 20:05:01,2021-10-06 21:20:15,34.985098,-85.096393,0.306,Ringgold,Catoosa,GA,30736-4120,US/Eastern,KCHA,2021-10-06 19:53:00,73.0,73.0,84.0,29.36,9.0,SE,5.0,0.0,Light Rain,False,False,False,False,False,False,False,False,False,False,False,False,False,Night,34.9_-85.0
A-601881,2,2021-11-21 12:17:00,2021-11-21 14:15:00,34.904859,-85.095275,1.4280000000000002,Ringgold,Catoosa,GA,30736,US/Eastern,KCHA,2021-11-21 12:37:00,57.0,57.0,55.0,29.49,10.0,S,8.0,0.0,Cloudy,False,False,False,False,False,False,False,False,False,False,False,False,False,Day,34.9_-85.0
A-745852,2,2021-04-10 22:49:30,2021-04-11 00:11:00,34.984247,-85.096553,0.153,Ringgold,Catoosa,GA,30736-4172,US/Eastern,KCHA,2021-04-10 22:53:00,65.0,65.0,70.0,28.92,10.0,SSW,5.0,0.0,Partly Cloudy,False,False,False,False,False,False,False,False,False,False,False,False,False,Night,34.9_-85.0
A-1133963,2,2021-11-18 17:49:27,2021-11-18 19:13:49,34.90477,-85.094251,3.645,Ringgold,Catoosa,GA,30736,US/Eastern,KCHA,2021-11-18 17:53:00,49.0,45.0,61.0,29.61,10.0,NNW,8.0,0.0,Fair,False,False,False,False,False,False,False,False,False,False,False,False,False,Night,34.9_-85.0
A-1496482,2,2021-04-10 22:49:30,2021-04-11 01:42:30,34.985098,-85.096393,0.236,Ringgold,Catoosa,GA,30736-4120,US/Eastern,KCHA,2021-04-10 22:53:00,65.0,65.0,70.0,28.92,10.0,SSW,5.0,0.0,Partly Cloudy,False,False,False,False,False,False,False,False,False,False,False,False,False,Night,34.9_-85.0
