ID,Severity,Start_Time,End_Time,Start_Lat,Start_Lng,Distance(mi),City,County,State,Zipcode,Timezone,Airport_Code,Weather_Timestamp,Temperature(F),Wind_Chill(F),Humidity(%),Pressure(in),Visibility(mi),Wind_Direction,Wind_Speed(mph),Precipitation(in),Weather_Condition,Amenity,Bump,Crossing,Give_Way,Junction,No_Exit,Railway,Roundabout,Station,Stop,Traffic_Calming,Traffic_Signal,Turning_Loop,Sunrise_Sunset,DF_Matching
A-32576,4,2016-12-03 15:26:14,2016-12-03 21:26:14,33.452525,-83.84479,0.486,Covington,Newton,GA,30014-0401,US/Eastern,K9A1,2016-12-03 15:45:00,55.0,55.0,38.0,29.06,10.0,CALM,0.0,,Mostly Cloudy,False,False,False,False,False,False,False,False,False,False,False,False,False,Day,33.4_-83.8
A-47637,4,2017-01-26 14:59:45,2017-01-26 20:59:45,33.423153000000006,-83.85105899999998,0.001,Covington,Newton,GA,30014-5616,US/Eastern,K9A1,2017-01-26 14:45:00,55.0,55.0,31.0,28.81,10.0,W,21.0,,Fair / Windy,False,False,False,False,False,False,False,False,False,False,False,False,False,Day,33.4_-83.8
A-2623245,4,2018-08-19 14:36:17,2018-08-19 15:05:38,33.483499,-83.84950699999997,1.456,Covington,Newton,GA,30014-7425,US/Eastern,K9A1,2018-08-19 14:56:00,80.0,80.0,74.0,28.89,10.0,WSW,9.0,0.0,Mostly Cloudy,False,False,False,False,False,False,False,False,False,False,False,False,False,Day,33.4_-83.8
A-2630775,4,2018-07-08 22:16:34,2018-07-09 04:16:34,33.42968,-83.84713,0.0,Covington,Newton,GA,30014-5611,US/Eastern,K9A1,2018-07-08 21:56:00,72.0,72.0,81.0,29.12,10.0,CALM,0.0,0.0,Fair,False,False,False,False,False,False,False,False,False,False,False,False,False,Night,33.4_-83.8
