ID,Severity,Start_Time,End_Time,Start_Lat,Start_Lng,Distance(mi),City,County,State,Zipcode,Timezone,Airport_Code,Weather_Timestamp,Temperature(F),Wind_Chill(F),Humidity(%),Pressure(in),Visibility(mi),Wind_Direction,Wind_Speed(mph),Precipitation(in),Weather_Condition,Amenity,Bump,Crossing,Give_Way,Junction,No_Exit,Railway,Roundabout,Station,Stop,Traffic_Calming,Traffic_Signal,Turning_Loop,Sunrise_Sunset,DF_Matching
A-1745272,2,2020-10-14 01:43:00,2020-10-14 02:58:00,32.812203000000004,-83.323756,2.61,Gordon,Wilkinson,GA,31031-2950,US/Eastern,KMLJ,2020-10-14 01:17:00,61.0,,88.0,29.61,10.0,,,0.0,Fair,False,False,False,False,False,False,False,False,False,False,False,False,False,Night,32.8_-83.3
A-1759376,2,2020-11-16 19:51:00,2020-11-16 22:45:00,32.894365,-83.360293,0.104,Gordon,Wilkinson,GA,31031,US/Eastern,KMLJ,2020-11-16 19:59:00,54.0,,58.0,29.82,10.0,,,0.0,Fair,False,False,False,False,False,False,False,False,False,False,False,False,False,Night,32.8_-83.3
A-2384545,4,2019-12-10 13:24:47,2019-12-10 13:53:34,32.8593,-83.37935999999998,0.251,Gordon,Wilkinson,GA,31031-3033,US/Eastern,KMLJ,2019-12-10 13:15:00,77.0,77.0,61.0,29.57,10.0,SW,9.0,0.0,Mostly Cloudy,False,False,False,False,False,False,False,False,False,False,False,False,False,Day,32.8_-83.3
A-2399458,4,2019-12-20 20:42:31,2019-12-20 21:12:21,32.85993,-83.34749000000002,0.33,Gordon,Wilkinson,GA,31031-3009,US/Eastern,KMLJ,2019-12-20 20:35:00,45.0,45.0,61.0,30.05,10.0,CALM,0.0,0.0,Fair,False,False,False,False,False,False,False,False,False,False,False,False,False,Night,32.8_-83.3
A-2399459,4,2019-12-20 20:42:31,2019-12-20 21:12:21,32.85516,-83.34716,0.315,Gordon,Wilkinson,GA,31031,US/Eastern,KMLJ,2019-12-20 20:35:00,45.0,45.0,61.0,30.05,10.0,CALM,0.0,0.0,Fair,False,False,False,False,False,False,False,False,False,False,False,False,False,Night,32.8_-83.3
A-2454295,4,2019-11-11 10:13:20,2019-11-11 10:41:32,32.8926,-83.35743000000002,0.805,Gordon,Wilkinson,GA,31031-4128,US/Eastern,KMLJ,2019-11-11 10:15:00,54.0,54.0,72.0,29.79,10.0,CALM,0.0,0.0,Fair,False,False,False,False,False,False,False,False,False,False,False,False,False,Day,32.8_-83.3
A-2454296,4,2019-11-11 10:13:20,2019-11-11 10:41:32,32.8996,-83.36853,0.805,Gordon,Wilkinson,GA,31031-2763,US/Eastern,KMLJ,2019-11-11 10:15:00,54.0,54.0,72.0,29.79,10.0,CALM,0.0,0.0,Fair,False,False,False,False,False,False,False,False,False,False,False,False,False,Day,32.8_-83.3
