ID,Severity,Start_Time,End_Time,Start_Lat,Start_Lng,Distance(mi),City,County,State,Zipcode,Timezone,Airport_Code,Weather_Timestamp,Temperature(F),Wind_Chill(F),Humidity(%),Pressure(in),Visibility(mi),Wind_Direction,Wind_Speed(mph),Precipitation(in),Weather_Condition,Amenity,Bump,Crossing,Give_Way,Junction,No_Exit,Railway,Roundabout,Station,Stop,Traffic_Calming,Traffic_Signal,Turning_Loop,Sunrise_Sunset,DF_Matching
A-67253,4,2016-10-17 20:13:04,2016-10-18 02:13:04,31.29094000000001,-82.44838,0.037,Waycross,Ware,GA,31503,US/Eastern,KAYS,2016-10-17 20:15:00,76.8,,77.0,30.01,10.0,SE,5.8,,Clear,False,False,False,False,False,False,False,False,False,True,False,False,False,Night,31.2_-82.4
A-69847,3,2016-08-08 07:17:07,2016-08-08 13:17:07,31.212640000000004,-82.41775,0.005,Waycross,Ware,GA,31503,US/Eastern,KAYS,2016-08-08 07:15:00,77.2,,100.0,29.86,3.0,South,10.4,,Drizzle,False,False,False,False,False,False,False,False,False,False,False,False,False,Day,31.2_-82.4
A-781754,2,2021-11-25 14:53:00,2021-11-25 18:00:00,31.211918,-82.416782,0.062,Waycross,Ware,GA,31503,US/Eastern,KAYS,2021-11-25 14:55:00,72.0,72.0,41.0,30.03,10.0,WNW,9.0,,Cloudy,False,False,False,False,False,False,False,False,False,False,False,False,False,Day,31.2_-82.4
A-1859257,2,2020-11-18 13:18:00,2020-11-18 17:45:00,31.290815,-82.44824200000002,0.013,Waycross,Ware,GA,31503,US/Eastern,KAYS,2020-11-18 13:15:00,61.0,61.0,12.0,30.32,10.0,NE,10.0,,Fair,False,False,False,False,False,False,False,False,False,True,False,False,False,Day,31.2_-82.4
