ID,Severity,Start_Time,End_Time,Start_Lat,Start_Lng,Distance(mi),City,County,State,Zipcode,Timezone,Airport_Code,Weather_Timestamp,Temperature(F),Wind_Chill(F),Humidity(%),Pressure(in),Visibility(mi),Wind_Direction,Wind_Speed(mph),Precipitation(in),Weather_Condition,Amenity,Bump,Crossing,Give_Way,Junction,No_Exit,Railway,Roundabout,Station,Stop,Traffic_Calming,Traffic_Signal,Turning_Loop,Sunrise_Sunset,DF_Matching
A-87074,2,2016-07-19 14:18:03,2016-07-19 20:18:03,33.1039,-82.01908,0.0,Waynesboro,Burke,GA,30830-3471,US/Eastern,KAGS,2016-07-19 13:53:00,93.9,,54.0,30.14,10.0,Variable,4.6,,Scattered Clouds,False,False,False,False,False,False,False,False,False,False,False,False,False,Day,33.1_-82.0
A-1803929,2,2020-12-13 22:42:00,2020-12-14 00:45:00,33.182049,-82.040074,0.461,Keysville,Burke,GA,30816-4320,US/Eastern,KAGS,2020-12-13 22:53:00,63.0,63.0,90.0,29.79,9.0,SE,3.0,0.0,Light Rain,False,False,False,False,False,False,False,False,False,False,False,False,False,Night,33.1_-82.0
A-2554463,4,2018-12-09 21:48:14,2018-12-09 22:17:44,33.108978,-82.02748299999998,0.391,Waynesboro,Burke,GA,30830-2738,US/Eastern,KAGS,2018-12-09 21:53:00,39.0,32.8,86.0,29.98,10.0,North,9.2,,Overcast,False,False,False,False,False,False,False,False,False,False,False,False,False,Night,33.1_-82.0
A-2580536,4,2018-11-21 01:12:49,2018-11-21 01:42:26,33.111173,-82.028525,0.486,Waynesboro,Burke,GA,30830-2739,US/Eastern,KAGS,2018-11-21 00:53:00,45.0,41.2,80.0,30.19,10.0,NNW,6.9,,Clear,False,False,False,False,False,False,False,False,False,False,False,False,False,Night,33.1_-82.0
A-2580537,4,2018-11-21 01:12:49,2018-11-21 01:42:26,33.104965,-82.024637,0.5379999999999999,Waynesboro,Burke,GA,30830,US/Eastern,KAGS,2018-11-21 00:53:00,45.0,41.2,80.0,30.19,10.0,NNW,6.9,,Clear,False,False,False,False,False,False,False,False,False,False,False,False,False,Night,33.1_-82.0
