ID,Severity,Start_Time,End_Time,Start_Lat,Start_Lng,Distance(mi),City,County,State,Zipcode,Timezone,Airport_Code,Weather_Timestamp,Temperature(F),Wind_Chill(F),Humidity(%),Pressure(in),Visibility(mi),Wind_Direction,Wind_Speed(mph),Precipitation(in),Weather_Condition,Amenity,Bump,Crossing,Give_Way,Junction,No_Exit,Railway,Roundabout,Station,Stop,Traffic_Calming,Traffic_Signal,Turning_Loop,Sunrise_Sunset,DF_Matching
A-46216,2,2017-01-20 19:38:07,2017-01-21 01:38:07,31.537649,-84.10127299999998,0.001,Albany,Dougherty,GA,31705-4158,US/Eastern,KABY,2017-01-20 19:53:00,68.0,,100.0,29.9,6.0,Calm,,0.02,Partly Cloudy,False,False,False,False,False,False,False,False,False,False,False,True,False,Night,31.5_-84.1
A-62044,3,2016-09-27 18:21:11,2016-09-28 00:21:11,31.57233,-84.11518000000002,0.23,Albany,Dougherty,GA,31705,US/Eastern,KABY,2016-09-27 17:53:00,88.0,,49.0,29.88,10.0,South,6.9,,Clear,False,False,False,False,False,False,False,False,False,False,False,False,False,Day,31.5_-84.1
A-77063,2,2016-09-01 14:22:13,2016-09-01 20:22:13,31.57985,-84.10973800000002,0.001,Albany,Dougherty,GA,31705-2255,US/Eastern,KABY,2016-09-01 13:53:00,86.0,,65.0,29.88,10.0,SSE,6.9,,Mostly Cloudy,False,False,True,False,False,False,False,False,False,False,False,True,False,Day,31.5_-84.1
A-174365,4,2017-04-08 20:20:40,2017-04-09 02:20:40,31.587494,-84.15606,0.177,Albany,Dougherty,GA,31701-2361,US/Eastern,KABY,2017-04-08 19:53:00,64.9,,40.0,30.07,10.0,West,3.5,,Clear,False,False,False,False,False,False,False,False,False,False,False,False,False,Night,31.5_-84.1
A-174366,4,2017-04-08 20:20:40,2017-04-09 02:20:40,31.590056,-84.15607,0.177,Albany,Dougherty,GA,31701-2364,US/Eastern,KABY,2017-04-08 19:53:00,64.9,,40.0,30.07,10.0,West,3.5,,Clear,False,False,False,False,False,False,False,False,False,False,False,False,False,Night,31.5_-84.1
A-194451,4,2017-05-31 21:02:35,2017-06-01 03:02:35,31.586801,-84.11405,0.693,Albany,Dougherty,GA,31705,US/Eastern,KABY,2017-05-31 20:53:00,77.0,,76.0,30.09,10.0,Calm,,,Scattered Clouds,False,False,False,False,False,False,False,False,False,False,False,False,False,Night,31.5_-84.1
A-445448,2,2021-10-22 19:26:00,2021-10-22 22:00:00,31.521867,-84.194937,0.035,Albany,Dougherty,GA,31701-7453,US/Eastern,KABY,2021-10-22 19:53:00,70.0,70.0,61.0,29.8,10.0,CALM,0.0,0.0,Fair,False,False,False,False,False,False,False,False,False,False,False,False,False,Night,31.5_-84.1
A-611286,4,2021-09-16 13:03:00,2021-09-16 14:18:00,31.579914,-84.10772,0.03,Albany,Dougherty,GA,31705,US/Eastern,KABY,2021-09-16 12:53:00,78.0,78.0,84.0,29.82,3.0,SE,5.0,0.02,Rain,False,False,False,False,False,False,False,False,False,True,False,False,False,Day,31.5_-84.1
A-820735,2,2021-10-22 19:26:00,2021-10-22 20:41:00,31.521867,-84.194937,0.035,Albany,Dougherty,GA,31701-7453,US/Eastern,KABY,2021-10-22 19:53:00,70.0,70.0,61.0,29.8,10.0,CALM,0.0,0.0,Fair,False,False,False,False,False,False,False,False,False,False,False,False,False,Night,31.5_-84.1
A-1147773,2,2021-12-17 14:55:00,2021-12-17 17:45:00,31.579567,-84.11166,0.379,Albany,Dougherty,GA,31705,US/Eastern,KABY,2021-12-17 14:53:00,77.0,77.0,66.0,29.95,10.0,SE,6.0,0.0,Mostly Cloudy,False,False,False,False,False,False,False,False,False,False,False,False,False,Day,31.5_-84.1
A-2481887,4,2019-09-03 19:31:09,2019-09-03 19:59:02,31.595772,-84.17598000000002,0.095,Albany,Dougherty,GA,31701-1427,US/Eastern,KABY,2019-09-03 19:53:00,87.0,87.0,57.0,29.71,10.0,NE,3.0,0.0,Fair,False,False,False,False,False,False,False,False,False,False,False,False,False,Day,31.5_-84.1
A-2481888,4,2019-09-03 19:31:09,2019-09-03 19:59:02,31.594402,-84.176,0.095,Albany,Dougherty,GA,31707-3608,US/Eastern,KABY,2019-09-03 19:53:00,87.0,87.0,57.0,29.71,10.0,NE,3.0,0.0,Fair,False,False,False,False,False,False,False,False,False,False,False,False,False,Day,31.5_-84.1
A-2585935,4,2018-10-01 10:08:30,2018-10-01 10:38:23,31.57988,-84.11395999999998,0.118,Albany,Dougherty,GA,31705,US/Eastern,KABY,2018-10-01 09:53:00,80.1,,71.0,30.26,10.0,ENE,9.2,,Clear,False,False,True,False,False,False,False,False,False,False,False,True,False,Day,31.5_-84.1
A-2600090,4,2018-10-28 08:15:42,2018-10-28 08:45:26,31.579846000000003,-84.111689,0.33,Albany,Dougherty,GA,31705,US/Eastern,KABY,2018-10-28 07:53:00,46.9,,90.0,30.18,10.0,Calm,,,Clear,False,False,False,False,False,False,False,False,False,False,False,False,False,Day,31.5_-84.1
A-2600092,3,2018-10-28 08:49:27,2018-10-28 09:19:23,31.57985,-84.10895,0.0,Albany,Dougherty,GA,31705-2683,US/Eastern,KABY,2018-10-28 08:53:00,51.1,,86.0,30.2,10.0,Calm,,,Clear,False,False,False,False,False,False,False,False,False,True,False,False,False,Day,31.5_-84.1
A-2601104,4,2018-10-30 06:13:09,2018-10-30 06:42:57,31.57947,-84.11163,0.968,Albany,Dougherty,GA,31705,US/Eastern,KABY,2018-10-30 05:53:00,46.9,,86.0,30.17,10.0,Calm,,,Clear,False,False,False,False,True,False,False,False,False,False,False,False,False,Night,31.5_-84.1
A-2618564,3,2018-08-07 01:35:15,2018-08-07 07:35:15,31.57987,-84.113097,0.051,Albany,Dougherty,GA,31705-2275,US/Eastern,KABY,2018-08-07 01:53:00,73.0,,93.0,30.11,10.0,Calm,,,Clear,False,False,False,False,False,False,False,False,False,False,False,False,False,Night,31.5_-84.1
A-2624218,4,2018-08-22 08:43:57,2018-08-22 09:13:42,31.57985,-84.109077,0.003,Albany,Dougherty,GA,31705-2255,US/Eastern,KABY,2018-08-22 08:53:00,78.1,,87.0,30.05,8.0,WNW,3.5,,Overcast,False,False,False,False,False,False,False,False,False,True,False,False,False,Day,31.5_-84.1
A-2624220,4,2018-08-22 08:43:57,2018-08-22 09:13:42,31.57985,-84.10972,0.0069999999999999,Albany,Dougherty,GA,31705-2255,US/Eastern,KABY,2018-08-22 08:53:00,78.1,,87.0,30.05,8.0,WNW,3.5,,Overcast,False,False,True,False,False,False,False,False,False,False,False,True,False,Day,31.5_-84.1
A-2635918,4,2018-07-22 00:31:31,2018-07-22 01:01:07,31.544521000000003,-84.11494,0.4,Albany,Dougherty,GA,31705,US/Eastern,KABY,2018-07-22 00:53:00,73.9,,82.0,29.84,10.0,WSW,4.6,,Clear,False,False,False,False,False,False,False,False,False,False,False,False,False,Night,31.5_-84.1
A-2636037,4,2018-07-22 01:36:01,2018-07-22 02:05:21,31.54973,-84.11513000000002,0.348,Albany,Dougherty,GA,31705,US/Eastern,KABY,2018-07-22 01:53:00,73.9,,87.0,29.84,10.0,WSW,8.1,,Clear,False,False,False,False,False,False,False,False,False,False,False,False,False,Night,31.5_-84.1
A-2640098,4,2018-06-04 08:15:10,2018-06-04 14:15:10,31.575640000000003,-84.14239,0.054,Albany,Dougherty,GA,31705,US/Eastern,KABY,2018-06-04 07:53:00,75.0,,87.0,29.97,10.0,NNW,8.1,,Clear,False,False,False,False,False,False,False,False,False,False,False,False,False,Day,31.5_-84.1
A-2661883,2,2018-04-04 10:04:04,2018-04-04 10:34:04,31.572549,-84.116212,0.0,Albany,Dougherty,GA,31705-2847,US/Eastern,KABY,2018-04-04 09:53:00,66.9,,93.0,30.01,10.0,WSW,8.1,0.01,Mostly Cloudy,False,False,False,False,False,False,False,False,False,False,False,False,False,Day,31.5_-84.1
A-2667946,2,2018-04-20 11:09:57,2018-04-20 17:09:57,31.53756,-84.10138,0.0,Albany,Dougherty,GA,31705-5000,US/Eastern,KABY,2018-04-20 10:53:00,62.1,,39.0,30.3,10.0,East,15.0,,Clear,False,False,False,False,False,False,False,False,False,False,False,True,False,Day,31.5_-84.1
A-2676353,2,2018-03-13 16:50:38,2018-03-13 22:50:38,31.55272,-84.155188,0.0,Albany,Dougherty,GA,31701,US/Eastern,KABY,2018-03-13 16:53:00,62.1,,25.0,30.07,10.0,WNW,10.4,,Clear,False,False,False,False,False,False,False,False,False,False,False,False,False,Day,31.5_-84.1
A-2701640,4,2018-01-10 10:24:57,2018-01-10 16:24:57,31.52881,-84.11548,1.486,Albany,Dougherty,GA,31705,US/Eastern,KABY,2018-01-10 10:53:00,64.9,,84.0,30.22,10.0,East,9.2,,Overcast,False,False,False,False,False,False,False,False,False,False,False,False,False,Day,31.5_-84.1
A-2739493,3,2017-10-10 23:28:07,2017-10-11 05:28:07,31.526786,-84.1155,0.1969999999999999,Albany,Dougherty,GA,31705-5970,US/Eastern,KABY,2017-10-10 23:53:00,80.1,,87.0,30.07,10.0,Calm,,,Overcast,False,False,False,False,False,False,False,False,False,False,False,False,False,Night,31.5_-84.1
A-2838380,4,2019-08-09 13:39:55,2019-08-09 14:08:42,31.57985,-84.10972,0.3670000000000001,Albany,Dougherty,GA,31705-2255,US/Eastern,KABY,2019-08-09 13:53:00,94.0,94.0,56.0,29.76,10.0,VAR,7.0,0.0,Partly Cloudy,False,False,True,False,False,False,False,False,False,False,False,True,False,Day,31.5_-84.1
