ID,Severity,Start_Time,End_Time,Start_Lat,Start_Lng,Distance(mi),City,County,State,Zipcode,Timezone,Airport_Code,Weather_Timestamp,Temperature(F),Wind_Chill(F),Humidity(%),Pressure(in),Visibility(mi),Wind_Direction,Wind_Speed(mph),Precipitation(in),Weather_Condition,Amenity,Bump,Crossing,Give_Way,Junction,No_Exit,Railway,Roundabout,Station,Stop,Traffic_Calming,Traffic_Signal,Turning_Loop,Sunrise_Sunset,DF_Matching
A-79079,4,2016-09-08 19:30:43,2016-09-09 01:30:43,33.671183,-83.10681,0.0069999999999999,Woodville,Greene,GA,30669-2323,US/Eastern,K3J7,2016-09-08 19:35:00,87.8,,43.0,29.98,10.0,Calm,,,Clear,False,False,False,False,False,False,False,False,False,False,False,False,False,Day,33.6_-83.1
A-79093,4,2016-09-08 20:38:30,2016-09-09 02:38:30,33.671183,-83.10681,0.0069999999999999,Woodville,Greene,GA,30669-2323,US/Eastern,K3J7,2016-09-08 20:35:00,84.2,,51.0,30.0,10.0,SE,3.5,,Clear,False,False,False,False,False,False,False,False,False,False,False,False,False,Night,33.6_-83.1
A-2501720,4,2019-03-10 21:04:35,2019-03-10 21:34:28,33.60622,-83.199733,0.296,Greensboro,Greene,GA,30642-1857,US/Eastern,K3J7,2019-03-10 20:55:00,66.2,,73.0,30.13,10.0,Calm,,,Clear,False,False,False,False,False,False,False,False,False,False,False,False,False,Night,33.6_-83.1
A-2734309,4,2017-11-27 15:47:37,2017-11-27 21:47:37,33.60148,-83.12633000000002,0.0,Greensboro,Greene,GA,30642-4301,US/Eastern,K3J7,2017-11-27 15:55:00,64.4,,32.0,30.12,10.0,Calm,,,Clear,False,False,False,False,False,False,False,False,False,False,False,False,False,Day,33.6_-83.1
A-2734310,4,2017-11-27 15:47:37,2017-11-27 21:47:37,33.60148,-83.12633000000002,0.0,Greensboro,Greene,GA,30642-4301,US/Eastern,K3J7,2017-11-27 15:55:00,64.4,,32.0,30.12,10.0,Calm,,,Clear,False,False,False,False,False,False,False,False,False,False,False,False,False,Day,33.6_-83.1
