ID,Severity,Start_Time,End_Time,Start_Lat,Start_Lng,Distance(mi),City,County,State,Zipcode,Timezone,Airport_Code,Weather_Timestamp,Temperature(F),Wind_Chill(F),Humidity(%),Pressure(in),Visibility(mi),Wind_Direction,Wind_Speed(mph),Precipitation(in),Weather_Condition,Amenity,Bump,Crossing,Give_Way,Junction,No_Exit,Railway,Roundabout,Station,Stop,Traffic_Calming,Traffic_Signal,Turning_Loop,Sunrise_Sunset,DF_Matching
A-139906,4,2017-02-07 15:48:12,2017-02-07 21:48:12,34.290334,-84.26946600000002,0.5760000000000001,Ball Ground,Cherokee,GA,30107,US/Eastern,KCNI,2017-02-07 15:55:00,59.0,,82.0,29.86,7.0,SW,3.5,,Light Rain,False,False,False,False,False,False,False,False,False,False,False,False,False,Day,34.2_-84.2
A-139908,4,2017-02-07 15:48:12,2017-02-07 21:48:12,34.288775,-84.27938499999998,0.5760000000000001,Ball Ground,Cherokee,GA,30107,US/Eastern,KCNI,2017-02-07 15:55:00,59.0,,82.0,29.86,7.0,SW,3.5,,Light Rain,False,False,False,False,False,False,False,False,False,False,False,False,False,Day,34.2_-84.2
A-2223579,3,2020-03-27 09:12:28,2020-03-27 09:57:28,34.23727,-84.25798,1.755,Cumming,Forsyth,GA,30040-1961,US/Eastern,KCNI,2020-03-27 09:10:00,61.0,61.0,77.0,28.71,10.0,CALM,0.0,0.0,Fair,False,False,False,False,False,False,False,False,False,True,False,False,False,Day,34.2_-84.2
A-2462382,4,2019-10-01 08:55:34,2019-10-01 09:25:08,34.279751,-84.29635999999998,0.532,Ball Ground,Cherokee,GA,30107-5249,US/Eastern,KCNI,2019-10-01 08:50:00,73.0,73.0,83.0,28.88,10.0,CALM,0.0,0.0,Fair,False,False,False,False,False,False,False,False,False,False,False,False,False,Day,34.2_-84.2
A-2504221,4,2019-03-15 08:50:21,2019-03-15 09:19:33,34.27727,-84.298806,0.183,Ball Ground,Cherokee,GA,30107,US/Eastern,KCNI,2019-03-15 08:55:00,,,,30.04,10.0,West,4.6,,Overcast,False,False,False,False,False,False,False,False,False,False,False,False,False,Day,34.2_-84.2
A-2583900,4,2018-11-27 11:01:23,2018-11-27 11:31:18,34.296721999999995,-84.254088,0.583,Ball Ground,Forsyth,GA,30107-3594,US/Eastern,KCNI,2018-11-27 10:55:00,35.6,26.6,52.0,29.98,10.0,West,13.8,,Clear,False,False,False,False,False,False,False,False,False,False,False,False,False,Day,34.2_-84.2
A-2583901,4,2018-11-27 11:01:23,2018-11-27 11:31:18,34.29878,-84.24417700000002,0.583,Ball Ground,Forsyth,GA,30107-3563,US/Eastern,KCNI,2018-11-27 10:55:00,35.6,26.6,52.0,29.98,10.0,West,13.8,,Clear,False,False,False,False,False,False,False,False,False,False,False,False,False,Day,34.2_-84.2
