ID,Severity,Start_Time,End_Time,Start_Lat,Start_Lng,Distance(mi),City,County,State,Zipcode,Timezone,Airport_Code,Weather_Timestamp,Temperature(F),Wind_Chill(F),Humidity(%),Pressure(in),Visibility(mi),Wind_Direction,Wind_Speed(mph),Precipitation(in),Weather_Condition,Amenity,Bump,Crossing,Give_Way,Junction,No_Exit,Railway,Roundabout,Station,Stop,Traffic_Calming,Traffic_Signal,Turning_Loop,Sunrise_Sunset,DF_Matching
A-178815,4,2017-04-26 19:56:51,2017-04-27 01:56:51,32.16107,-81.912025,0.165,Claxton,Evans,GA,30417-1774,US/Eastern,KCWV,2017-04-26 19:55:00,74.5,,79.0,29.81,10.0,Calm,,,Scattered Clouds,False,False,False,False,False,False,False,False,False,False,False,False,False,Day,32.1_-81.9
A-178816,4,2017-04-26 19:56:51,2017-04-27 01:56:51,32.16104,-81.91484,0.165,Claxton,Evans,GA,30417-1714,US/Eastern,KCWV,2017-04-26 19:55:00,74.5,,79.0,29.81,10.0,Calm,,,Scattered Clouds,False,False,False,False,False,False,False,False,False,False,False,False,False,Day,32.1_-81.9
A-1799786,4,2020-10-25 06:31:00,2020-10-25 08:30:00,32.14727,-81.90387199999998,0.104,Claxton,Evans,GA,30417,US/Eastern,KCWV,2020-10-25 06:35:00,70.0,70.0,97.0,29.81,0.75,CALM,0.0,0.0,Fog,False,False,False,False,False,False,False,False,False,False,False,False,False,Night,32.1_-81.9
A-2456868,4,2019-11-13 20:26:48,2019-11-13 20:55:20,32.1613,-81.90401,0.209,Claxton,Evans,GA,30417-6102,US/Eastern,KCWV,2019-11-13 20:35:00,44.0,39.0,57.0,30.22,10.0,NE,8.0,0.0,Cloudy,False,False,True,False,False,False,True,False,False,False,False,False,False,Night,32.1_-81.9
A-2456869,4,2019-11-13 20:26:48,2019-11-13 20:55:20,32.16132,-81.90044,0.209,Claxton,Evans,GA,30417-6107,US/Eastern,KCWV,2019-11-13 20:35:00,44.0,39.0,57.0,30.22,10.0,NE,8.0,0.0,Cloudy,False,False,True,False,False,False,True,False,False,False,False,False,False,Night,32.1_-81.9
