ID,Severity,Start_Time,End_Time,Start_Lat,Start_Lng,Distance(mi),City,County,State,Zipcode,Timezone,Airport_Code,Weather_Timestamp,Temperature(F),Wind_Chill(F),Humidity(%),Pressure(in),Visibility(mi),Wind_Direction,Wind_Speed(mph),Precipitation(in),Weather_Condition,Amenity,Bump,Crossing,Give_Way,Junction,No_Exit,Railway,Roundabout,Station,Stop,Traffic_Calming,Traffic_Signal,Turning_Loop,Sunrise_Sunset,DF_Matching
A-71469,2,2016-08-12 15:01:00,2016-08-12 21:01:00,31.503574,-84.210835,0.012,Albany,Dougherty,GA,31721-5617,US/Eastern,KABY,2016-08-12 14:53:00,91.0,,57.0,29.99,10.0,South,5.8,,Mostly Cloudy,False,False,False,False,False,False,False,False,False,False,False,False,False,Day,31.5_-84.2
A-84443,2,2016-07-07 13:38:06,2016-07-07 19:38:06,31.50388,-84.29697,1.1909999999999998,Albany,Dougherty,GA,31721-8653,US/Eastern,KABY,2016-07-07 13:53:00,91.9,,52.0,30.11,10.0,SW,9.2,,Mostly Cloudy,False,False,False,False,False,False,False,False,False,False,False,False,False,Day,31.5_-84.2
A-351372,2,2021-12-18 17:50:00,2021-12-18 20:45:00,31.513527000000003,-84.20145600000002,0.025,Albany,Dougherty,GA,31701-7458,US/Eastern,KABY,2021-12-18 17:53:00,76.0,76.0,69.0,29.79,10.0,S,9.0,0.0,Mostly Cloudy,False,False,False,False,False,False,False,False,False,False,False,False,False,Night,31.5_-84.2
A-734477,4,2021-12-18 17:50:00.000000000,2021-12-18 20:45:00.000000000,31.513527000000003,-84.20145600000002,0.025,Albany,Dougherty,GA,31701-7458,US/Eastern,KABY,2021-12-18 17:53:00,76.0,76.0,69.0,29.79,10.0,S,9.0,0.0,Mostly Cloudy,False,False,False,False,False,False,False,False,False,False,False,False,False,Night,31.5_-84.2
A-1102099,2,2021-12-18 17:50:00,2021-12-18 20:45:00,31.513527000000003,-84.20145600000002,0.025,Albany,Dougherty,GA,31701-7458,US/Eastern,KABY,2021-12-18 17:53:00,76.0,76.0,69.0,29.79,10.0,S,9.0,0.0,Mostly Cloudy,False,False,False,False,False,False,False,False,False,False,False,False,False,Night,31.5_-84.2
A-2499592,2,2019-03-06 18:45:52,2019-03-06 19:15:41,31.58567,-84.25809699999998,0.004,Albany,Dougherty,GA,31721-9093,US/Eastern,KABY,2019-03-06 18:53:00,48.9,,36.0,30.39,10.0,Calm,,,Clear,False,False,False,False,False,False,False,False,False,False,False,False,False,Night,31.5_-84.2
A-2499593,2,2019-03-06 18:45:52,2019-03-06 19:15:41,31.58567,-84.25802900000002,0.004,Albany,Dougherty,GA,31721-9093,US/Eastern,KABY,2019-03-06 18:53:00,48.9,,36.0,30.39,10.0,Calm,,,Clear,False,False,False,False,False,False,False,False,False,False,False,False,False,Night,31.5_-84.2
