ID,Severity,Start_Time,End_Time,Start_Lat,Start_Lng,Distance(mi),City,County,State,Zipcode,Timezone,Airport_Code,Weather_Timestamp,Temperature(F),Wind_Chill(F),Humidity(%),Pressure(in),Visibility(mi),Wind_Direction,Wind_Speed(mph),Precipitation(in),Weather_Condition,Amenity,Bump,Crossing,Give_Way,Junction,No_Exit,Railway,Roundabout,Station,Stop,Traffic_Calming,Traffic_Signal,Turning_Loop,Sunrise_Sunset,DF_Matching
A-2505825,2,2019-03-19 13:45:13,2019-03-19 14:14:59,32.464252,-82.78998399999998,0.0,East Dublin,Laurens,GA,31027,US/Eastern,KEZM,2019-03-19 13:35:00,58.6,,34.0,30.35,10.0,NE,8.1,,Clear,False,False,False,False,False,False,False,False,False,False,False,False,False,Day,32.4_-82.7
A-2611512,4,2018-09-19 14:35:37,2018-09-19 15:05:35,32.437614,-82.710532,4.222,Rockledge,Laurens,GA,30454,US/Eastern,KSBO,2018-09-19 14:35:00,93.2,,36.0,29.98,10.0,ENE,6.9,,Clear,False,False,False,False,False,False,False,False,False,False,False,False,False,Day,32.4_-82.7
A-2611513,4,2018-09-19 14:35:37,2018-09-19 15:05:35,32.460776,-82.77945799999998,4.328,East Dublin,Laurens,GA,31027,US/Eastern,KEZM,2018-09-19 14:35:00,94.6,,42.0,29.98,,NE,6.9,,Clear,False,False,False,False,False,False,False,False,False,False,False,False,False,Day,32.4_-82.7
A-2694494,4,2018-02-22 05:22:15,2018-02-22 11:22:15,32.440844,-82.719278,0.0,Rockledge,Laurens,GA,30454,US/Eastern,KSBO,2018-02-22 05:15:00,69.8,,94.0,30.43,10.0,South,3.5,,Overcast,False,False,False,False,False,False,False,False,False,False,False,False,False,Night,32.4_-82.7
