ID,Severity,Start_Time,End_Time,Start_Lat,Start_Lng,Distance(mi),City,County,State,Zipcode,Timezone,Airport_Code,Weather_Timestamp,Temperature(F),Wind_Chill(F),Humidity(%),Pressure(in),Visibility(mi),Wind_Direction,Wind_Speed(mph),Precipitation(in),Weather_Condition,Amenity,Bump,Crossing,Give_Way,Junction,No_Exit,Railway,Roundabout,Station,Stop,Traffic_Calming,Traffic_Signal,Turning_Loop,Sunrise_Sunset,DF_Matching
A-89479,3,2016-07-27 19:01:59,2016-07-28 01:01:59,34.394690000000004,-83.69159,0.0409999999999999,Lula,Hall,GA,30554-2515,US/Eastern,KGVL,2016-07-27 18:53:00,89.1,,52.0,29.98,10.0,WSW,13.8,,Partly Cloudy,False,False,False,False,False,False,False,False,False,False,False,False,False,Day,34.3_-83.6
A-900742,2,2021-08-19 06:36:00,2021-08-19 07:56:00,34.397374,-83.687494,0.0969999999999999,Lula,Hall,GA,30554,US/Eastern,KGVL,2021-08-19 06:53:00,73.0,73.0,87.0,28.8,10.0,NW,3.0,0.0,Fair,False,False,False,False,False,False,False,False,False,False,False,False,False,Night,34.3_-83.6
A-1739695,2,2020-09-23 18:20:00,2020-09-24 00:45:00,34.310626,-83.639028,0.0559999999999999,Gillsville,Hall,GA,30543-2401,US/Eastern,K19A,,,,,,,,,,,False,False,False,False,False,False,False,False,False,True,False,False,False,Day,34.3_-83.6
A-1817694,4,2020-09-23 18:20:00,2020-09-23 20:45:00,34.310626,-83.639028,0.0559999999999999,Gillsville,Hall,GA,30543-2401,US/Eastern,K19A,,,,,,,,,,,False,False,False,False,False,False,False,False,False,True,False,False,False,Day,34.3_-83.6
A-1833581,2,2020-09-23 18:20:00,2020-09-24 00:45:00,34.310405,-83.638082,0.0559999999999999,Gillsville,Banks,GA,30543-2405,US/Eastern,K19A,,,,,,,,,,,False,False,False,False,False,False,False,False,False,False,False,False,False,Day,34.3_-83.6
A-1906737,4,2020-09-23 18:20:00,2020-09-23 20:45:00,34.310405,-83.638082,0.0559999999999999,Gillsville,Banks,GA,30543-2405,US/Eastern,K19A,,,,,,,,,,,False,False,False,False,False,False,False,False,False,False,False,False,False,Day,34.3_-83.6
A-2202193,4,2020-03-16 08:01:18,2020-03-16 08:29:13,34.34715,-83.69604,0.5589999999999999,Gainesville,Hall,GA,30507-7739,US/Eastern,KGVL,2020-03-16 07:53:00,49.0,45.0,97.0,28.98,4.0,E,9.0,0.0,Cloudy,False,False,False,False,False,False,False,False,False,False,False,False,False,Day,34.3_-83.6
A-2596596,2,2018-10-20 13:05:14,2018-10-20 13:34:31,34.331896,-83.682283,1.137,Gillsville,Hall,GA,30543-2107,US/Eastern,K19A,,,,,,,,,,,False,False,False,False,False,False,False,False,False,False,False,False,False,Day,34.3_-83.6
