ID,Severity,Start_Time,End_Time,Start_Lat,Start_Lng,Distance(mi),City,County,State,Zipcode,Timezone,Airport_Code,Weather_Timestamp,Temperature(F),Wind_Chill(F),Humidity(%),Pressure(in),Visibility(mi),Wind_Direction,Wind_Speed(mph),Precipitation(in),Weather_Condition,Amenity,Bump,Crossing,Give_Way,Junction,No_Exit,Railway,Roundabout,Station,Stop,Traffic_Calming,Traffic_Signal,Turning_Loop,Sunrise_Sunset,DF_Matching
A-2475132,4,2019-09-26 21:47:13,2019-09-26 22:15:00,33.06828,-82.40626999999998,0.995,Louisville,Jefferson,GA,30434,US/Eastern,KOKZ,2019-09-26 21:55:00,78.0,78.0,69.0,29.44,10.0,CALM,0.0,,Fair,False,False,False,False,False,False,False,False,False,False,False,False,False,Night,33.0_-82.4
A-2475133,4,2019-09-26 21:47:13,2019-09-26 22:15:00,33.053878999999995,-82.40600400000002,0.995,Louisville,Jefferson,GA,30434-5042,US/Eastern,KOKZ,2019-09-26 21:55:00,78.0,78.0,69.0,29.44,10.0,CALM,0.0,,Fair,False,False,False,False,False,False,False,False,False,False,False,False,False,Night,33.0_-82.4
A-2475134,4,2019-09-26 23:38:12,2019-09-27 00:06:15,33.070865000000005,-82.40572,0.319,Louisville,Jefferson,GA,30434-4825,US/Eastern,KOKZ,2019-09-26 23:35:00,75.0,75.0,77.0,29.45,10.0,CALM,0.0,,Fair,False,False,False,False,False,False,False,False,False,False,False,False,False,Night,33.0_-82.4
A-2475135,4,2019-09-26 23:38:12,2019-09-27 00:06:15,33.066281,-82.406385,0.319,Louisville,Jefferson,GA,30434,US/Eastern,KOKZ,2019-09-26 23:35:00,75.0,75.0,77.0,29.45,10.0,CALM,0.0,,Fair,False,False,False,False,False,False,False,False,False,False,False,False,False,Night,33.0_-82.4
A-2652235,4,2018-05-07 12:54:30,2018-05-07 18:54:30,33.006485,-82.405015,0.2019999999999999,Louisville,Jefferson,GA,30434-1452,US/Eastern,KOKZ,,,,,,,,,,,False,False,False,False,False,False,False,False,False,False,False,False,False,Day,33.0_-82.4
A-2652236,4,2018-05-07 12:54:30,2018-05-07 18:54:30,33.00445,-82.40753000000002,0.2019999999999999,Louisville,Jefferson,GA,30434-1450,US/Eastern,KOKZ,,,,,,,,,,,False,False,False,False,False,False,False,False,False,False,False,False,False,Day,33.0_-82.4
