ID,Severity,Start_Time,End_Time,Start_Lat,Start_Lng,Distance(mi),City,County,State,Zipcode,Timezone,Airport_Code,Weather_Timestamp,Temperature(F),Wind_Chill(F),Humidity(%),Pressure(in),Visibility(mi),Wind_Direction,Wind_Speed(mph),Precipitation(in),Weather_Condition,Amenity,Bump,Crossing,Give_Way,Junction,No_Exit,Railway,Roundabout,Station,Stop,Traffic_Calming,Traffic_Signal,Turning_Loop,Sunrise_Sunset,DF_Matching
A-137128,2,2017-01-27 16:34:31,2017-01-27 22:34:31,30.775525,-84.488691,0.02,Attapulgus,Decatur,GA,39815-2533,US/Eastern,K2J9,2017-01-27 17:15:00,51.8,,47.0,30.12,,North,,,Clear,False,False,False,False,False,False,False,False,False,False,False,False,False,Day,30.7_-84.4
A-2477642,4,2019-09-29 00:39:42,2019-09-29 01:07:20,30.757240000000003,-84.46857,1.7380000000000002,Attapulgus,Decatur,GA,39815-2005,US/Eastern,K2J9,2019-09-29 00:35:00,77.0,77.0,83.0,29.89,10.0,ESE,5.0,,Mostly Cloudy,False,False,False,False,False,False,False,False,False,True,False,False,False,Night,30.7_-84.4
A-2688166,2,2018-02-08 08:36:59,2018-02-08 14:36:59,30.736666,-84.457911,0.446,Attapulgus,Decatur,GA,39815,US/Eastern,K2J9,2018-02-08 08:35:00,50.0,,87.0,30.37,10.0,North,9.2,,Clear,False,False,False,False,False,False,False,False,False,False,False,False,False,Day,30.7_-84.4
A-2688169,2,2018-02-08 09:13:42,2018-02-08 15:13:42,30.736666,-84.457911,0.446,Attapulgus,Decatur,GA,39815,US/Eastern,K2J9,2018-02-08 09:15:00,51.8,,76.0,30.38,10.0,NNE,10.4,,Clear,False,False,False,False,False,False,False,False,False,False,False,False,False,Day,30.7_-84.4
A-2690248,3,2018-02-13 07:11:34,2018-02-13 13:11:34,30.7419,-84.46269000000002,0.462,Attapulgus,Decatur,GA,39815,US/Eastern,K2J9,2018-02-13 07:15:00,60.8,,100.0,30.45,8.0,NE,3.5,,Partly Cloudy,False,False,False,False,False,False,False,False,False,False,False,False,False,Night,30.7_-84.4
A-2719331,4,2017-12-17 15:14:50,2017-12-17 21:14:50,30.757240000000003,-84.46857,1.872,Attapulgus,Decatur,GA,39815-2005,US/Eastern,K2J9,2017-12-17 15:15:00,75.2,,53.0,30.18,10.0,South,13.8,,Clear,False,False,False,False,False,False,False,False,False,True,False,False,False,Day,30.7_-84.4
A-2747008,4,2017-08-31 05:21:55,2017-08-31 11:21:55,30.71628,-84.40489699999998,0.785,Attapulgus,Decatur,GA,39815-2012,US/Eastern,K2J9,2017-08-31 05:15:00,75.2,,100.0,30.0,6.0,Calm,,,Scattered Clouds,False,False,False,False,False,False,False,False,False,False,False,False,False,Night,30.7_-84.4
A-2763778,4,2017-08-11 14:25:30,2017-08-11 20:25:30,30.741658,-84.462558,0.0,Attapulgus,Decatur,GA,39815,US/Eastern,K2J9,,,,,,,,,,,False,False,False,False,False,False,False,False,False,False,False,False,False,Day,30.7_-84.4
