ID,Severity,Start_Time,End_Time,Start_Lat,Start_Lng,Distance(mi),City,County,State,Zipcode,Timezone,Airport_Code,Weather_Timestamp,Temperature(F),Wind_Chill(F),Humidity(%),Pressure(in),Visibility(mi),Wind_Direction,Wind_Speed(mph),Precipitation(in),Weather_Condition,Amenity,Bump,Crossing,Give_Way,Junction,No_Exit,Railway,Roundabout,Station,Stop,Traffic_Calming,Traffic_Signal,Turning_Loop,Sunrise_Sunset,DF_Matching
A-31911,3,2016-12-01 12:28:39,2016-12-01 18:28:39,33.69897,-84.26148,0.5379999999999999,Decatur,DeKalb,GA,30034,US/Eastern,KATL,2016-12-01 12:52:00,55.0,,38.0,30.03,10.0,WNW,18.4,,Clear,False,False,False,False,False,False,False,False,False,False,False,False,False,Day,33.6_-84.2
A-32094,3,2016-12-01 19:46:48,2016-12-02 01:46:48,33.69891,-84.26978000000003,0.466,Decatur,DeKalb,GA,30034,US/Eastern,KATL,2016-12-01 19:52:00,46.0,42.5,56.0,30.07,10.0,West,6.9,,Clear,False,False,False,False,False,False,False,False,False,False,False,False,False,Night,33.6_-84.2
A-32655,3,2016-12-04 09:48:33,2016-12-04 15:48:33,33.69891,-84.269813,0.4679999999999999,Decatur,DeKalb,GA,30034,US/Eastern,KATL,2016-12-04 09:52:00,45.0,39.3,93.0,30.15,4.0,East,11.5,0.14,Rain,False,False,False,False,False,False,False,False,False,False,False,False,False,Day,33.6_-84.2
A-36186,2,2016-12-14 17:09:47,2016-12-14 23:09:47,33.69891,-84.26978000000003,0.466,Decatur,DeKalb,GA,30034,US/Eastern,KATL,2016-12-14 16:52:00,55.0,,45.0,30.06,10.0,WNW,6.9,,Partly Cloudy,False,False,False,False,False,False,False,False,False,False,False,False,False,Day,33.6_-84.2
A-39631,3,2016-12-24 20:11:27,2016-12-25 02:11:27,33.69897,-84.26148,0.5379999999999999,Decatur,DeKalb,GA,30034,US/Eastern,KATL,2016-12-24 19:52:00,60.1,,78.0,30.28,10.0,SSW,4.6,,Clear,False,False,False,False,False,False,False,False,False,False,False,False,False,Night,33.6_-84.2
A-41089,3,2017-01-02 19:32:07,2017-01-03 01:32:07,33.69891,-84.26978000000003,0.466,Decatur,DeKalb,GA,30034,US/Eastern,KATL,2017-01-02 19:38:00,55.0,,100.0,30.04,1.0,ENE,9.2,0.18,Thunderstorms and Rain,False,False,False,False,False,False,False,False,False,False,False,False,False,Night,33.6_-84.2
A-44385,2,2017-01-13 12:22:07,2017-01-13 18:22:07,33.69897,-84.26148,0.5379999999999999,Decatur,DeKalb,GA,30034,US/Eastern,KATL,2017-01-13 12:52:00,73.0,,57.0,30.46,10.0,WNW,9.2,,Scattered Clouds,False,False,False,False,False,False,False,False,False,False,False,False,False,Day,33.6_-84.2
A-44421,3,2017-01-13 14:07:49,2017-01-13 20:07:49,33.69897,-84.26148,0.5379999999999999,Decatur,DeKalb,GA,30034,US/Eastern,KATL,2017-01-13 13:52:00,73.0,,59.0,30.45,10.0,NW,8.1,,Mostly Cloudy,False,False,False,False,False,False,False,False,False,False,False,False,False,Day,33.6_-84.2
A-46262,3,2017-01-21 02:57:46,2017-01-21 08:57:46,33.698044,-84.280602,1.089,Decatur,DeKalb,GA,30034,US/Eastern,KATL,2017-01-21 02:52:00,63.0,,100.0,29.85,0.2,South,5.8,0.0,Fog,False,False,False,False,False,False,False,False,False,False,False,False,False,Night,33.6_-84.2
A-46273,4,2017-01-21 04:51:20,2017-01-21 10:51:20,33.6988,-84.26168,1.616,Decatur,DeKalb,GA,30034,US/Eastern,KATL,2017-01-21 04:52:00,63.0,,100.0,29.82,0.2,South,3.5,,Overcast,False,False,False,False,False,False,False,False,False,False,False,False,False,Night,33.6_-84.2
A-46305,3,2017-01-21 11:44:58,2017-01-21 17:44:58,33.69891,-84.269813,0.4679999999999999,Decatur,DeKalb,GA,30034,US/Eastern,KATL,2017-01-21 11:52:00,59.0,,100.0,29.68,1.2,NNE,21.9,0.64,Rain,False,False,False,False,False,False,False,False,False,False,False,False,False,Day,33.6_-84.2
A-47447,3,2017-01-25 20:33:47,2017-01-26 02:33:47,33.69891,-84.26978000000003,0.466,Decatur,DeKalb,GA,30034,US/Eastern,KATL,2017-01-25 20:52:00,61.0,,72.0,29.8,10.0,South,8.1,,Mostly Cloudy,False,False,False,False,False,False,False,False,False,False,False,False,False,Night,33.6_-84.2
A-49424,2,2016-10-26 14:33:11,2016-10-26 20:33:11,33.61628,-84.29722,0.6509999999999999,Ellenwood,Clayton,GA,30294,US/Eastern,KATL,2016-10-26 14:52:00,75.0,,48.0,30.28,10.0,ESE,9.2,,Mostly Cloudy,False,False,False,False,False,False,False,False,False,False,False,False,False,Day,33.6_-84.2
A-52715,2,2016-11-08 16:17:46,2016-11-08 22:17:46,33.69891,-84.26978000000003,0.466,Decatur,DeKalb,GA,30034,US/Eastern,KATL,2016-11-08 15:52:00,66.9,,28.0,30.19,10.0,SE,3.5,,Mostly Cloudy,False,False,False,False,False,False,False,False,False,False,False,False,False,Day,33.6_-84.2
A-53064,3,2016-11-09 15:01:38,2016-11-09 21:01:38,33.69897,-84.26148,0.5379999999999999,Decatur,DeKalb,GA,30034,US/Eastern,KATL,2016-11-09 14:52:00,70.0,,35.0,30.05,10.0,NW,16.1,,Mostly Cloudy,False,False,False,False,False,False,False,False,False,False,False,False,False,Day,33.6_-84.2
A-53196,3,2016-11-09 19:30:10,2016-11-10 01:30:10,33.69897,-84.26148,0.5379999999999999,Decatur,DeKalb,GA,30034,US/Eastern,KATL,2016-11-09 19:52:00,59.0,,42.0,30.14,10.0,NNW,16.1,,Mostly Cloudy,False,False,False,False,False,False,False,False,False,False,False,False,False,Night,33.6_-84.2
A-53570,4,2016-11-11 00:36:09,2016-11-11 06:36:09,33.69891,-84.26978000000003,2.194,Decatur,DeKalb,GA,30034,US/Eastern,KATL,2016-11-11 00:52:00,48.0,,50.0,30.12,10.0,NW,9.2,,Clear,False,False,False,False,False,False,False,False,False,False,False,False,False,Night,33.6_-84.2
A-54068,4,2016-11-14 00:10:51,2016-11-14 06:10:51,33.69897,-84.26148,3.2710000000000004,Decatur,DeKalb,GA,30034,US/Eastern,KATL,2016-11-14 00:52:00,45.0,,90.0,30.15,9.0,Calm,,,Overcast,False,False,False,False,False,False,False,False,False,False,False,False,False,Night,33.6_-84.2
A-54439,3,2016-11-15 05:19:02,2016-11-15 11:19:02,33.69897,-84.26148,0.313,Decatur,DeKalb,GA,30034,US/Eastern,KATL,2016-11-15 04:52:00,46.0,44.8,76.0,30.0,9.0,West,3.5,,Clear,False,False,False,False,False,False,False,False,False,False,False,False,False,Night,33.6_-84.2
A-57750,3,2016-11-26 15:21:03,2016-11-26 21:21:03,33.69891,-84.26978000000003,0.466,Decatur,DeKalb,GA,30034,US/Eastern,KATL,2016-11-26 14:52:00,60.8,,29.0,30.23,10.0,NW,9.2,,Partly Cloudy,False,False,False,False,False,False,False,False,False,False,False,False,False,Day,33.6_-84.2
A-58964,3,2016-11-30 10:10:11,2016-11-30 16:10:11,33.69897,-84.26148,0.5379999999999999,Decatur,DeKalb,GA,30034,US/Eastern,KATL,2016-11-30 09:52:00,69.1,,87.0,29.82,10.0,South,15.0,,Overcast,False,False,False,False,False,False,False,False,False,False,False,False,False,Day,33.6_-84.2
A-61543,3,2016-09-26 13:25:53,2016-09-26 19:25:53,33.69897,-84.26148,0.5379999999999999,Decatur,DeKalb,GA,30034,US/Eastern,KATL,2016-09-26 13:52:00,87.1,,44.0,30.04,10.0,ENE,8.1,,Scattered Clouds,False,False,False,False,False,False,False,False,False,False,False,False,False,Day,33.6_-84.2
A-62186,2,2016-09-28 08:46:05,2016-09-28 14:46:05,33.69891,-84.26978000000003,0.466,Decatur,DeKalb,GA,30034,US/Eastern,KATL,2016-09-28 08:52:00,68.0,,78.0,29.94,10.0,WNW,8.1,,Clear,False,False,False,False,False,False,False,False,False,False,False,False,False,Day,33.6_-84.2
A-64364,3,2016-10-05 18:54:05,2016-10-06 00:54:05,33.69891,-84.26978000000003,0.466,Decatur,DeKalb,GA,30034,US/Eastern,KATL,2016-10-05 18:52:00,79.0,,38.0,30.07,10.0,ENE,13.8,,Clear,False,False,False,False,False,False,False,False,False,False,False,False,False,Day,33.6_-84.2
A-66292,2,2016-10-13 17:19:31,2016-10-13 23:19:31,33.6989,-84.27085699999998,0.528,Decatur,DeKalb,GA,30034,US/Eastern,KATL,2016-10-13 16:52:00,82.0,,30.0,30.12,10.0,NW,9.2,,Mostly Cloudy,False,False,False,False,False,False,False,False,False,False,False,False,False,Day,33.6_-84.2
A-67563,2,2016-10-18 18:09:01,2016-10-19 00:09:01,33.69891,-84.26978000000003,0.466,Decatur,DeKalb,GA,30034,US/Eastern,KATL,2016-10-18 17:52:00,82.9,,42.0,29.99,10.0,SSW,5.8,,Partly Cloudy,False,False,False,False,False,False,False,False,False,False,False,False,False,Day,33.6_-84.2
A-69758,2,2016-08-07 14:26:56,2016-08-07 20:26:56,33.69897,-84.26148,0.5379999999999999,Decatur,DeKalb,GA,30034,US/Eastern,KATL,2016-08-07 14:10:00,93.0,,49.0,29.9,10.0,Variable,6.9,,Thunderstorm,False,False,False,False,False,False,False,False,False,False,False,False,False,Day,33.6_-84.2
A-70639,3,2016-08-10 08:52:18,2016-08-10 14:52:18,33.69891,-84.26978000000003,0.466,Decatur,DeKalb,GA,30034,US/Eastern,KATL,2016-08-10 08:52:00,75.0,,94.0,30.1,6.0,ESE,9.2,0.0,Light Rain,False,False,False,False,False,False,False,False,False,False,False,False,False,Day,33.6_-84.2
A-76600,2,2016-08-31 08:10:15,2016-08-31 14:10:15,33.69891,-84.26978000000003,0.466,Decatur,DeKalb,GA,30034,US/Eastern,KATL,2016-08-31 07:52:00,75.0,,84.0,29.99,10.0,NE,9.2,,Clear,False,False,False,False,False,False,False,False,False,False,False,False,False,Day,33.6_-84.2
A-77044,2,2016-09-01 13:16:50,2016-09-01 19:16:50,33.6989,-84.27085699999998,0.528,Decatur,DeKalb,GA,30034,US/Eastern,KATL,2016-09-01 12:52:00,89.1,,52.0,29.89,10.0,SE,6.9,,Scattered Clouds,False,False,False,False,False,False,False,False,False,False,False,False,False,Day,33.6_-84.2
A-80048,3,2016-06-21 21:12:13,2016-06-22 03:12:13,33.69897,-84.26148,0.5379999999999999,Decatur,DeKalb,GA,30034,US/Eastern,KATL,2016-06-21 20:52:00,84.0,,44.0,30.04,10.0,West,8.1,,Mostly Cloudy,False,False,False,False,False,False,False,False,False,False,False,False,False,Night,33.6_-84.2
A-83034,3,2016-07-01 06:36:00,2016-07-01 12:36:00,33.69897,-84.26148,0.5379999999999999,Decatur,DeKalb,GA,30034,US/Eastern,KATL,2016-07-01 06:52:00,75.9,,85.0,29.98,10.0,SW,8.1,,Mostly Cloudy,False,False,False,False,False,False,False,False,False,False,False,False,False,Day,33.6_-84.2
A-85752,2,2016-07-12 18:28:12,2016-07-13 00:28:12,33.69897,-84.26148,0.5379999999999999,Decatur,DeKalb,GA,30034,US/Eastern,KATL,2016-07-12 18:52:00,89.1,,45.0,30.07,10.0,WSW,6.9,,Scattered Clouds,False,False,False,False,False,False,False,False,False,False,False,False,False,Day,33.6_-84.2
A-85910,3,2016-07-13 10:37:00,2016-07-13 16:37:00,33.69891,-84.26978000000003,0.466,Decatur,DeKalb,GA,30034,US/Eastern,KATL,2016-07-13 10:52:00,82.9,,56.0,30.16,10.0,NNW,12.7,,Scattered Clouds,False,False,False,False,False,False,False,False,False,False,False,False,False,Day,33.6_-84.2
A-86174,3,2016-07-14 06:24:06,2016-07-14 12:24:06,33.69891,-84.26978000000003,0.466,Decatur,DeKalb,GA,30034,US/Eastern,KATL,2016-07-14 06:52:00,72.0,,84.0,30.08,10.0,WNW,6.9,,Partly Cloudy,False,False,False,False,False,False,False,False,False,False,False,False,False,Night,33.6_-84.2
A-150955,2,2017-02-21 19:49:23,2017-02-22 01:49:23,33.69891,-84.26978000000003,0.466,Decatur,DeKalb,GA,30034,US/Eastern,KATL,2017-02-21 19:47:00,60.8,,100.0,29.98,3.0,Calm,,0.06,Rain,False,False,False,False,False,False,False,False,False,False,False,False,False,Night,33.6_-84.2
A-152818,3,2017-02-28 14:21:06,2017-02-28 20:21:06,33.69897,-84.26148,0.5379999999999999,Decatur,DeKalb,GA,30034,US/Eastern,KATL,2017-02-28 13:52:00,69.1,,70.0,30.19,10.0,South,9.2,,Mostly Cloudy,False,False,False,False,False,False,False,False,False,False,False,False,False,Day,33.6_-84.2
A-153542,2,2017-03-02 09:01:52,2017-03-02 15:01:52,33.69891,-84.26978000000003,0.466,Decatur,DeKalb,GA,30034,US/Eastern,KATL,2017-03-02 08:52:00,45.0,38.2,48.0,30.2,10.0,NNW,15.0,,Scattered Clouds,False,False,False,False,False,False,False,False,False,False,False,False,False,Day,33.6_-84.2
A-155385,3,2017-03-09 06:28:55,2017-03-09 12:28:55,33.698892,-84.27756600000002,0.778,Decatur,DeKalb,GA,30034,US/Eastern,KATL,2017-03-09 06:52:00,44.1,40.1,65.0,30.28,10.0,NW,6.9,,Partly Cloudy,False,False,False,False,False,False,False,False,False,False,False,False,False,Night,33.6_-84.2
A-155483,3,2017-03-09 10:13:55,2017-03-09 16:13:55,33.69897,-84.26148,0.5379999999999999,Decatur,DeKalb,GA,30034,US/Eastern,KATL,2017-03-09 09:52:00,63.0,,27.0,30.29,10.0,WNW,4.6,,Partly Cloudy,False,False,False,False,False,False,False,False,False,False,False,False,False,Day,33.6_-84.2
A-156098,4,2017-03-12 04:15:25,2017-03-12 10:15:25,33.69891,-84.26978000000003,2.194,Decatur,DeKalb,GA,30034,US/Eastern,KATL,2017-03-12 03:52:00,39.0,32.8,96.0,30.2,4.0,North,9.2,0.0,Light Rain,False,False,False,False,False,False,False,False,False,False,False,False,False,Night,33.6_-84.2
A-156108,4,2017-03-12 06:10:10,2017-03-12 12:10:10,33.69891,-84.26978000000003,2.194,Decatur,DeKalb,GA,30034,US/Eastern,KATL,2017-03-12 05:52:00,37.9,30.0,97.0,30.23,6.0,NNW,12.7,0.08,Light Rain,False,False,False,False,False,False,False,False,False,False,False,False,False,Night,33.6_-84.2
A-158695,2,2017-03-20 08:20:21,2017-03-20 14:20:21,33.69897,-84.26148,0.5379999999999999,Decatur,DeKalb,GA,30034,US/Eastern,KATL,2017-03-20 07:52:00,46.9,,52.0,30.23,10.0,NE,4.6,,Partly Cloudy,False,False,False,False,False,False,False,False,False,False,False,False,False,Day,33.6_-84.2
A-160496,4,2017-03-25 23:44:18,2017-03-26 05:44:18,33.69891,-84.26978000000003,1.98,Decatur,DeKalb,GA,30034,US/Eastern,KATL,2017-03-25 23:52:00,66.9,,54.0,30.09,10.0,SE,10.4,,Mostly Cloudy,False,False,False,False,False,False,False,False,False,False,False,False,False,Night,33.6_-84.2
A-173041,3,2017-04-04 14:14:40,2017-04-04 20:14:40,33.69891,-84.26978000000003,0.466,Decatur,DeKalb,GA,30034,US/Eastern,KATL,2017-04-04 13:52:00,77.0,,39.0,29.86,10.0,WSW,5.8,,Partly Cloudy,False,False,False,False,False,False,False,False,False,False,False,False,False,Day,33.6_-84.2
A-178250,2,2017-04-25 09:32:06,2017-04-25 15:32:06,33.69891,-84.26978000000003,0.466,Decatur,DeKalb,GA,30034,US/Eastern,KATL,2017-04-25 09:52:00,64.0,,78.0,29.78,10.0,NW,11.5,,Partly Cloudy,False,False,False,False,False,False,False,False,False,False,False,False,False,Day,33.6_-84.2
A-179707,2,2017-05-01 12:00:52,2017-05-01 18:00:52,33.61628,-84.29722,0.6509999999999999,Ellenwood,Clayton,GA,30294,US/Eastern,KATL,2017-05-01 11:52:00,63.0,,70.0,29.96,10.0,WSW,18.4,0.0,Mostly Cloudy,False,False,False,False,False,False,False,False,False,False,False,False,False,Day,33.6_-84.2
A-180266,3,2017-05-02 20:26:23,2017-05-03 02:26:23,33.699009999999994,-84.25834300000002,0.4479999999999999,Decatur,DeKalb,GA,30034,US/Eastern,KATL,2017-05-02 20:52:00,71.1,,32.0,30.0,10.0,West,6.9,,Partly Cloudy,False,False,False,False,False,False,False,False,False,False,False,False,False,Night,33.6_-84.2
A-180802,2,2017-05-04 16:43:13,2017-05-04 22:43:13,33.69891,-84.26978000000003,0.466,Decatur,DeKalb,GA,30034,US/Eastern,KATL,2017-05-04 16:52:00,66.9,,93.0,29.62,8.0,South,6.9,0.01,Overcast,False,False,False,False,False,False,False,False,False,False,False,False,False,Day,33.6_-84.2
A-193753,4,2017-05-29 14:07:18,2017-05-29 20:07:18,33.698840000000004,-84.26598,0.74,Decatur,DeKalb,GA,30034,US/Eastern,KATL,2017-05-29 13:52:00,82.9,,60.0,30.01,10.0,West,9.2,,Mostly Cloudy,False,False,False,False,False,False,False,False,False,False,False,False,False,Day,33.6_-84.2
A-193824,3,2017-05-29 22:04:02,2017-05-30 04:04:02,33.69891,-84.26978000000003,0.466,Decatur,DeKalb,GA,30034,US/Eastern,KATL,2017-05-29 21:52:00,73.0,,90.0,30.03,10.0,SSW,4.6,,Overcast,False,False,False,False,False,False,False,False,False,False,False,False,False,Night,33.6_-84.2
A-203007,3,2017-06-08 15:56:40,2017-06-08 21:56:40,33.69891,-84.269813,0.4679999999999999,Decatur,DeKalb,GA,30034,US/Eastern,KATL,2017-06-08 15:52:00,78.1,,50.0,29.86,10.0,West,3.5,,Scattered Clouds,False,False,False,False,False,False,False,False,False,False,False,False,False,Day,33.6_-84.2
A-203385,2,2017-06-09 17:08:43,2017-06-09 23:08:43,33.60728,-84.29536,0.5489999999999999,Ellenwood,Clayton,GA,30294,US/Eastern,KATL,2017-06-09 16:52:00,80.1,,45.0,29.94,10.0,SSW,5.8,,Scattered Clouds,False,False,False,False,True,False,False,False,False,False,False,False,False,Day,33.6_-84.2
A-209034,3,2017-07-03 10:30:16,2017-07-03 16:30:16,33.69897,-84.26148,0.5379999999999999,Decatur,DeKalb,GA,30034,US/Eastern,KATL,2017-07-03 10:19:00,73.9,,93.0,30.13,10.0,WSW,5.8,0.0,Overcast,False,False,False,False,False,False,False,False,False,False,False,False,False,Day,33.6_-84.2
A-216670,3,2017-07-09 03:17:29,2017-07-09 09:17:29,33.69891,-84.26978000000003,0.466,Decatur,DeKalb,GA,30034,US/Eastern,KATL,2017-07-09 02:52:00,72.0,,91.0,30.01,10.0,NW,4.6,,Scattered Clouds,False,False,False,False,False,False,False,False,False,False,False,False,False,Night,33.6_-84.2
A-227389,2,2021-08-29 07:10:00,2021-08-29 09:30:00,33.607102000000005,-84.295316,0.688,Ellenwood,Clayton,GA,30294,US/Eastern,KATL,2021-08-29 07:11:00,76.0,76.0,87.0,29.1,8.0,E,7.0,0.0,Mostly Cloudy,False,False,False,False,False,False,False,False,False,False,False,False,False,Day,33.6_-84.2
A-240331,2,2021-11-21 20:44:00.000000000,2021-11-21 22:03:00.000000000,33.69567,-84.287109,0.416,Decatur,DeKalb,GA,30034,US/Eastern,KATL,2021-11-21 20:52:00,59.0,59.0,78.0,29.0,10.0,CALM,0.0,0.0,Mostly Cloudy,False,False,False,False,False,False,False,False,False,False,False,False,False,Night,33.6_-84.2
A-240332,2,2021-09-12 08:43:00.000000000,2021-09-12 09:58:00.000000000,33.699091,-84.270747,2.318,Decatur,DeKalb,GA,30034,US/Eastern,KATL,2021-09-12 08:52:00,68.0,68.0,84.0,29.2,10.0,SSE,3.0,0.0,Fair,False,False,False,False,False,False,False,False,False,False,False,False,False,Day,33.6_-84.2
A-255747,2,2021-10-16 01:10:30,2021-10-16 01:23:00,33.698812,-84.261177,1.155,Decatur,DeKalb,GA,30034,US/Eastern,KATL,2021-10-16 00:52:00,70.0,70.0,81.0,28.85,10.0,SW,5.0,0.0,Fair,False,False,False,False,False,False,False,False,False,False,False,False,False,Night,33.6_-84.2
A-268635,2,2021-10-16 12:59:10,2021-10-16 16:18:01,33.6989,-84.270887,5.425,Decatur,DeKalb,GA,30034,US/Eastern,KATL,2021-10-16 12:52:00,68.0,68.0,59.0,28.93,10.0,NNW,23.0,0.0,Partly Cloudy / Windy,False,False,False,False,False,False,False,False,False,False,False,False,False,Day,33.6_-84.2
A-270932,2,2021-09-04 00:25:00,2021-09-04 03:00:00,33.699064,-84.269572,0.946,Decatur,DeKalb,GA,30034,US/Eastern,KATL,2021-09-04 00:52:00,69.0,69.0,65.0,28.97,10.0,ESE,3.0,0.0,Mostly Cloudy,False,False,False,False,False,False,False,False,False,False,False,False,False,Night,33.6_-84.2
A-326932,2,2021-12-22 20:30:00,2021-12-22 21:50:00,33.699003000000005,-84.27637,0.241,Decatur,DeKalb,GA,30034,US/Eastern,KATL,2021-12-22 20:52:00,44.0,38.0,42.0,28.98,10.0,NW,12.0,0.0,Fair,False,False,False,False,False,False,False,False,False,False,False,False,False,Night,33.6_-84.2
A-333057,2,2021-09-04 00:25:00,2021-09-04 04:45:00,33.699064,-84.269572,0.152,Decatur,DeKalb,GA,30034,US/Eastern,KATL,2021-09-04 00:52:00,69.0,69.0,65.0,28.97,10.0,ESE,3.0,0.0,Mostly Cloudy,False,False,False,False,False,False,False,False,False,False,False,False,False,Night,33.6_-84.2
A-341282,2,2021-12-13 16:20:54,2021-12-13 18:23:14,33.69882,-84.26119399999997,1.419,Decatur,DeKalb,GA,30034,US/Eastern,KATL,2021-12-13 15:52:00,61.0,61.0,34.0,29.24,10.0,CALM,0.0,0.0,Fair,False,False,False,False,False,False,False,False,False,False,False,False,False,Day,33.6_-84.2
A-359110,2,2021-12-01 14:26:00,2021-12-01 15:42:00,33.692999,-84.293589,1.129,Decatur,DeKalb,GA,30034,US/Eastern,KATL,2021-12-01 14:52:00,68.0,68.0,33.0,29.0,10.0,WSW,12.0,0.0,Mostly Cloudy,False,False,False,False,False,False,False,False,False,False,False,False,False,Day,33.6_-84.2
A-367730,2,2021-09-18 18:36:39,2021-09-18 21:05:00,33.699343,-84.255995,3.709,Decatur,DeKalb,GA,30034,US/Eastern,KATL,2021-09-18 18:52:00,79.0,79.0,72.0,28.97,10.0,E,7.0,0.0,Light Rain,False,False,False,False,False,False,False,False,False,False,False,False,False,Day,33.6_-84.2
A-373284,2,2021-12-18 06:48:00,2021-12-18 08:39:30,33.606287,-84.29561700000002,1.958,Ellenwood,Clayton,GA,30294,US/Eastern,KATL,2021-12-18 06:52:00,63.0,63.0,93.0,28.98,2.0,S,10.0,0.0,Fog,False,False,False,False,False,False,False,False,False,False,False,False,False,Night,33.6_-84.2
A-373604,2,2021-12-07 18:10:23,2021-12-07 21:02:30,33.698867,-84.26609,2.6830000000000003,Decatur,DeKalb,GA,30034,US/Eastern,KATL,2021-12-07 17:52:00,52.0,52.0,63.0,28.97,10.0,E,3.0,0.0,Mostly Cloudy,False,False,False,False,False,False,False,False,False,False,False,False,False,Night,33.6_-84.2
A-387599,2,2021-10-25 09:33:30,2021-10-25 11:31:00,33.697986,-84.280811,3.37,Decatur,DeKalb,GA,30034,US/Eastern,KATL,2021-10-25 09:52:00,67.0,67.0,70.0,28.89,10.0,SE,3.0,0.0,Mostly Cloudy,False,False,False,False,False,False,False,False,False,False,False,False,False,Day,33.6_-84.2
A-393998,4,2021-12-26 23:54:00,2021-12-27 01:30:00,33.692999,-84.293589,0.414,Decatur,DeKalb,GA,30034,US/Eastern,KATL,2021-12-26 23:52:00,61.0,61.0,93.0,28.95,5.0,SW,5.0,0.0,Light Drizzle,False,False,False,False,False,False,False,False,False,False,False,False,False,Night,33.6_-84.2
A-400554,2,2021-09-03 19:58:17,2021-09-03 22:42:00,33.698253,-84.280469,2.209,Decatur,DeKalb,GA,30034,US/Eastern,KATL,2021-09-03 19:52:00,76.0,76.0,45.0,28.94,10.0,ESE,5.0,0.0,Partly Cloudy,False,False,False,False,False,False,False,False,False,False,False,False,False,Day,33.6_-84.2
A-402758,2,2021-10-22 07:51:37,2021-10-22 09:20:30,33.691128000000006,-84.297685,3.23,Decatur,DeKalb,GA,30034,US/Eastern,KATL,2021-10-22 07:52:00,61.0,61.0,93.0,28.93,10.0,NW,10.0,0.0,Mostly Cloudy,False,False,False,False,False,False,False,False,False,False,False,False,False,Day,33.6_-84.2
A-408700,2,2021-12-13 17:22:00.000000000,2021-12-13 18:37:00.000000000,33.698972999999995,-84.260015,0.3379999999999999,Decatur,DeKalb,GA,30034,US/Eastern,KATL,2021-12-13 16:52:00,59.0,59.0,36.0,29.24,10.0,SSE,3.0,0.0,Fair,False,False,False,False,False,False,False,False,False,False,False,False,False,Day,33.6_-84.2
A-432678,2,2021-12-07 14:59:30,2021-12-07 17:39:17,33.692878,-84.293438,2.804,Decatur,DeKalb,GA,30034,US/Eastern,KATL,2021-12-07 14:52:00,51.0,51.0,61.0,28.98,10.0,E,6.0,0.0,Cloudy,False,False,False,False,False,False,False,False,False,False,False,False,False,Day,33.6_-84.2
A-456460,2,2021-12-18 06:29:00,2021-12-18 08:45:00,33.606287,-84.29561700000002,1.958,Ellenwood,Clayton,GA,30294,US/Eastern,KATL,2021-12-18 06:43:00,63.0,63.0,93.0,28.98,2.0,S,9.0,0.0,Fog,False,False,False,False,False,False,False,False,False,False,False,False,False,Night,33.6_-84.2
A-498144,2,2021-09-14 11:33:00,2021-09-14 14:07:43,33.692878,-84.293438,2.958,Decatur,DeKalb,GA,30034,US/Eastern,KATL,2021-09-14 11:52:00,83.0,83.0,56.0,29.01,10.0,VAR,3.0,0.0,Mostly Cloudy,False,False,False,False,False,False,False,False,False,False,False,False,False,Day,33.6_-84.2
A-539251,2,2021-10-15 17:12:00,2021-10-15 18:30:00,33.69893,-84.274977,0.235,Decatur,DeKalb,GA,30034,US/Eastern,KATL,2021-10-15 16:52:00,84.0,84.0,49.0,28.86,10.0,SW,7.0,0.0,Fair,False,False,False,False,False,False,False,False,False,False,False,False,False,Day,33.6_-84.2
A-540258,2,2021-12-27 00:04:00.000000000,2021-12-27 00:46:00.000000000,33.694176,-84.29074,0.8290000000000001,Decatur,DeKalb,GA,30034,US/Eastern,KATL,2021-12-27 00:52:00,60.0,60.0,93.0,28.94,3.0,SSW,3.0,0.0,Partly Cloudy,False,False,False,False,False,False,False,False,False,False,False,False,False,Night,33.6_-84.2
A-550032,2,2021-04-19 11:48:30,2021-04-19 16:40:42,33.698867,-84.26609,3.34,Decatur,DeKalb,GA,30034,US/Eastern,KATL,2021-04-19 11:52:00,64.0,64.0,40.0,28.88,10.0,NW,13.0,0.0,Fair,False,False,False,False,False,False,False,False,False,False,False,False,False,Day,33.6_-84.2
A-560037,2,2021-10-16 00:58:00,2021-10-16 04:00:00,33.698812,-84.261177,1.155,Decatur,DeKalb,GA,30034,US/Eastern,KATL,2021-10-16 00:52:00,70.0,70.0,81.0,28.85,10.0,SW,5.0,0.0,Fair,False,False,False,False,False,False,False,False,False,False,False,False,False,Night,33.6_-84.2
A-566270,2,2021-12-07 14:59:30,2021-12-07 17:30:12,33.698923,-84.274088,1.615,Decatur,DeKalb,GA,30034,US/Eastern,KATL,2021-12-07 14:52:00,51.0,51.0,61.0,28.98,10.0,E,6.0,0.0,Cloudy,False,False,False,False,False,False,False,False,False,False,False,False,False,Day,33.6_-84.2
A-584612,2,2021-10-16 01:55:00,2021-10-16 02:26:00,33.698812,-84.261177,1.155,Decatur,DeKalb,GA,30034,US/Eastern,KATL,2021-10-16 01:52:00,69.0,69.0,84.0,28.84,10.0,SSW,5.0,0.0,Fair,False,False,False,False,False,False,False,False,False,False,False,False,False,Night,33.6_-84.2
A-589223,2,2021-11-07 20:44:00,2021-11-07 21:59:00,33.616544,-84.297248,0.7140000000000001,Ellenwood,Clayton,GA,30294,US/Eastern,KATL,2021-11-07 20:52:00,52.0,52.0,49.0,29.06,10.0,WNW,9.0,0.0,Fair,False,False,False,False,False,False,False,False,False,False,False,False,False,Night,33.6_-84.2
A-603206,2,2021-09-03 19:58:17,2021-09-03 22:44:30,33.698253,-84.280469,1.962,Decatur,DeKalb,GA,30034,US/Eastern,KATL,2021-09-03 19:52:00,76.0,76.0,45.0,28.94,10.0,ESE,5.0,0.0,Partly Cloudy,False,False,False,False,False,False,False,False,False,False,False,False,False,Day,33.6_-84.2
A-603904,2,2021-11-07 20:44:00.000000,2021-11-07 21:59:00.000000,33.616544,-84.297248,0.7140000000000001,Ellenwood,Clayton,GA,30294,US/Eastern,KATL,2021-11-07 20:52:00,52.0,52.0,49.0,29.06,10.0,WNW,9.0,0.0,Fair,False,False,False,False,False,False,False,False,False,False,False,False,False,Night,33.6_-84.2
A-605285,2,2021-10-16 12:59:10.000000,2021-10-16 15:32:03.000000,33.698923,-84.274088,1.7719999999999998,Decatur,DeKalb,GA,30034,US/Eastern,KATL,2021-10-16 12:52:00,68.0,68.0,59.0,28.93,10.0,NNW,23.0,0.0,Partly Cloudy / Windy,False,False,False,False,False,False,False,False,False,False,False,False,False,Day,33.6_-84.2
A-612477,2,2021-10-17 19:08:00.000000000,2021-10-17 21:30:00.000000000,33.698867,-84.26609,0.8270000000000001,Decatur,DeKalb,GA,30034,US/Eastern,KATL,2021-10-17 18:52:00,62.0,62.0,41.0,29.05,10.0,NW,10.0,0.0,Fair,False,False,False,False,False,False,False,False,False,False,False,False,False,Night,33.6_-84.2
A-627931,2,2021-12-01 19:12:00,2021-12-01 20:15:30,33.616541,-84.297267,0.931,Ellenwood,Clayton,GA,30294,US/Eastern,KATL,2021-12-01 18:52:00,59.0,59.0,48.0,29.02,10.0,W,3.0,0.0,Partly Cloudy,False,False,False,False,False,False,False,False,False,False,False,False,False,Night,33.6_-84.2
A-633418,2,2021-11-29 10:10:00,2021-11-29 12:15:00,33.694176,-84.29074,0.8290000000000001,Decatur,DeKalb,GA,30034,US/Eastern,KATL,2021-11-29 09:52:00,43.0,37.0,43.0,29.03,10.0,NW,12.0,0.0,Fair,False,False,False,False,False,False,False,False,False,False,False,False,False,Day,33.6_-84.2
A-636685,2,2021-11-09 07:27:30,2021-11-09 09:40:42,33.616541,-84.297267,1.995,Ellenwood,Clayton,GA,30294,US/Eastern,KATL,2021-11-09 07:52:00,49.0,49.0,77.0,29.2,10.0,NW,3.0,0.0,Fair,False,False,False,False,False,False,False,False,False,False,False,False,False,Day,33.6_-84.2
A-646767,2,2021-11-18 17:08:03,2021-11-18 19:30:00,33.698812,-84.261177,1.155,Decatur,DeKalb,GA,30034,US/Eastern,KATL,2021-11-18 16:52:00,70.0,70.0,61.0,29.1,10.0,NW,12.0,0.0,Mostly Cloudy,False,False,False,False,False,False,False,False,False,False,False,False,False,Day,33.6_-84.2
A-659945,2,2021-10-20 20:21:00,2021-10-20 22:54:30,33.699031,-84.26624,3.057,Decatur,DeKalb,GA,30034,US/Eastern,KATL,2021-10-20 19:52:00,67.0,67.0,63.0,29.11,10.0,S,3.0,0.0,Mostly Cloudy,False,False,False,False,False,False,False,False,False,False,False,False,False,Night,33.6_-84.2
A-666383,2,2021-10-25 10:39:30.000000000,2021-10-25 10:51:00.000000000,33.698812,-84.261177,1.155,Decatur,DeKalb,GA,30034,US/Eastern,KATL,2021-10-25 10:49:00,68.0,68.0,68.0,28.85,10.0,SE,6.0,0.0,Mostly Cloudy,False,False,False,False,False,False,False,False,False,False,False,False,False,Day,33.6_-84.2
A-669153,2,2021-10-25 09:33:30.000000000,2021-10-25 11:16:00.000000000,33.698812,-84.261177,1.155,Decatur,DeKalb,GA,30034,US/Eastern,KATL,2021-10-25 09:52:00,67.0,67.0,70.0,28.89,10.0,SE,3.0,0.0,Mostly Cloudy,False,False,False,False,False,False,False,False,False,False,False,False,False,Day,33.6_-84.2
A-677792,2,2021-12-30 17:31:00,2021-12-30 18:46:00,33.694176,-84.29074,1.056,Decatur,DeKalb,GA,30034,US/Eastern,KATL,2021-12-30 17:52:00,65.0,65.0,93.0,28.81,2.0,SW,5.0,0.0,Mostly Cloudy,False,False,False,False,False,False,False,False,False,False,False,False,False,Day,33.6_-84.2
A-677793,2,2021-12-02 16:32:00,2021-12-02 17:50:00,33.69567,-84.287109,1.061,Decatur,DeKalb,GA,30034,US/Eastern,KATL,2021-12-02 16:52:00,70.0,70.0,41.0,28.96,10.0,W,9.0,0.0,Fair,False,False,False,False,False,False,False,False,False,False,False,False,False,Day,33.6_-84.2
A-686717,2,2021-11-04 06:45:00,2021-11-04 09:00:00,33.692999,-84.293589,0.6459999999999999,Decatur,DeKalb,GA,30034,US/Eastern,KATL,2021-11-04 06:52:00,46.0,41.0,89.0,29.1,10.0,ENE,12.0,0.02,Light Rain,False,False,False,False,False,False,False,False,False,False,False,False,False,Night,33.6_-84.2
A-686718,2,2021-09-20 14:16:00,2021-09-20 15:31:00,33.699091,-84.270747,2.318,Decatur,DeKalb,GA,30034,US/Eastern,KATL,2021-09-20 14:06:00,73.0,73.0,87.0,28.98,10.0,E,13.0,0.0,Cloudy,False,False,False,False,False,False,False,False,False,False,False,False,False,Day,33.6_-84.2
A-686856,2,2021-09-04 02:46:00,2021-09-04 02:56:00,33.699031,-84.26624,0.5820000000000001,Decatur,DeKalb,GA,30034,US/Eastern,KATL,2021-09-04 02:52:00,67.0,67.0,70.0,28.96,10.0,CALM,0.0,0.0,Partly Cloudy,False,False,False,False,False,False,False,False,False,False,False,False,False,Night,33.6_-84.2
A-706423,2,2021-12-13 11:44:00,2021-12-13 16:00:00,33.696265999999994,-84.285678,0.508,Decatur,DeKalb,GA,30034,US/Eastern,KATL,2021-12-13 11:52:00,55.0,55.0,42.0,29.31,10.0,ESE,3.0,0.0,Fair,False,False,False,False,False,False,False,False,False,False,False,False,False,Day,33.6_-84.2
A-709446,2,2021-12-07 15:18:00.000000000,2021-12-07 17:30:00.000000000,33.698812,-84.261177,1.155,Decatur,DeKalb,GA,30034,US/Eastern,KATL,2021-12-07 14:52:00,51.0,51.0,61.0,28.98,10.0,E,6.0,0.0,Cloudy,False,False,False,False,False,False,False,False,False,False,False,False,False,Day,33.6_-84.2
A-722977,2,2021-11-21 23:11:00,2021-11-21 23:42:00,33.69567,-84.287109,0.83,Decatur,DeKalb,GA,30034,US/Eastern,KATL,2021-11-21 22:52:00,58.0,58.0,84.0,28.96,10.0,SSW,7.0,0.0,Cloudy,False,False,False,False,False,False,False,False,False,False,False,False,False,Night,33.6_-84.2
A-724087,2,2021-10-16 00:58:00.000000,2021-10-16 02:13:00.000000,33.699343,-84.255995,1.188,Decatur,DeKalb,GA,30034,US/Eastern,KATL,2021-10-16 00:52:00,70.0,70.0,81.0,28.85,10.0,SW,5.0,0.0,Fair,False,False,False,False,False,False,False,False,False,False,False,False,False,Night,33.6_-84.2
A-730434,2,2021-12-07 14:59:30,2021-12-07 17:22:08,33.697843,-84.28126400000002,2.029,Decatur,DeKalb,GA,30034,US/Eastern,KATL,2021-12-07 14:52:00,51.0,51.0,61.0,28.98,10.0,E,6.0,0.0,Cloudy,False,False,False,False,False,False,False,False,False,False,False,False,False,Day,33.6_-84.2
A-774108,2,2021-11-27 15:24:00,2021-11-27 16:39:00,33.698923,-84.274088,1.04,Decatur,DeKalb,GA,30034,US/Eastern,KATL,2021-11-27 15:52:00,61.0,61.0,23.0,28.96,10.0,W,7.0,0.0,Mostly Cloudy,False,False,False,False,False,False,False,False,False,False,False,False,False,Day,33.6_-84.2
A-774109,2,2021-10-17 19:08:00,2021-10-17 20:26:00,33.698923,-84.274088,1.269,Decatur,DeKalb,GA,30034,US/Eastern,KATL,2021-10-17 18:52:00,62.0,62.0,41.0,29.05,10.0,NW,10.0,0.0,Fair,False,False,False,False,False,False,False,False,False,False,False,False,False,Night,33.6_-84.2
A-788686,2,2021-12-14 17:31:00,2021-12-14 18:50:00,33.607111,-84.295312,0.951,Ellenwood,Clayton,GA,30294,US/Eastern,KATL,2021-12-14 17:52:00,62.0,62.0,37.0,29.27,10.0,ESE,6.0,0.0,Fair,False,False,False,False,False,False,False,False,False,False,False,False,False,Night,33.6_-84.2
A-789033,2,2021-12-30 22:56:00,2021-12-30 23:08:30,33.698971,-84.257465,0.794,Decatur,DeKalb,GA,30034,US/Eastern,KATL,2021-12-30 22:52:00,62.0,62.0,90.0,28.88,10.0,W,3.0,0.0,Mostly Cloudy,False,False,False,False,False,False,False,False,False,False,False,False,False,Night,33.6_-84.2
A-793400,2,2021-12-07 17:16:14,2021-12-07 19:59:59,33.691128000000006,-84.297685,4.438,Decatur,DeKalb,GA,30034,US/Eastern,KATL,2021-12-07 16:52:00,52.0,52.0,63.0,28.98,10.0,SSE,5.0,0.0,Mostly Cloudy,False,False,False,False,False,False,False,False,False,False,False,False,False,Day,33.6_-84.2
A-793875,4,2021-12-14 17:31:00,2021-12-14 20:45:00,33.607102000000005,-84.295316,0.688,Ellenwood,Clayton,GA,30294,US/Eastern,KATL,2021-12-14 17:52:00,62.0,62.0,37.0,29.27,10.0,ESE,6.0,0.0,Fair,False,False,False,False,False,False,False,False,False,False,False,False,False,Night,33.6_-84.2
A-838192,2,2021-10-16 00:58:00,2021-10-16 02:13:00,33.698812,-84.261177,1.155,Decatur,DeKalb,GA,30034,US/Eastern,KATL,2021-10-16 00:52:00,70.0,70.0,81.0,28.85,10.0,SW,5.0,0.0,Fair,False,False,False,False,False,False,False,False,False,False,False,False,False,Night,33.6_-84.2
A-851239,2,2021-11-27 15:16:09,2021-11-27 18:15:34,33.697986,-84.280811,1.129,Decatur,DeKalb,GA,30034,US/Eastern,KATL,2021-11-27 14:52:00,61.0,61.0,21.0,28.96,10.0,SSW,7.0,0.0,Partly Cloudy,False,False,False,False,False,False,False,False,False,False,False,False,False,Day,33.6_-84.2
A-898536,2,2021-12-31 22:39:30,2021-12-31 23:12:00,33.699090000000005,-84.27300799999998,0.433,Decatur,DeKalb,GA,30034,US/Eastern,KATL,2021-12-31 22:52:00,68.0,68.0,87.0,28.86,10.0,SSW,6.0,0.0,Mostly Cloudy,False,False,False,False,False,False,False,False,False,False,False,False,False,Night,33.6_-84.2
A-919670,2,2021-12-01 19:06:00,2021-12-01 20:21:00,33.607102000000005,-84.295316,0.688,Ellenwood,Clayton,GA,30294,US/Eastern,KATL,2021-12-01 18:52:00,59.0,59.0,48.0,29.02,10.0,W,3.0,0.0,Partly Cloudy,False,False,False,False,False,False,False,False,False,False,False,False,False,Night,33.6_-84.2
A-925969,2,2021-09-07 13:13:30,2021-09-07 14:19:00,33.616541,-84.297267,0.931,Ellenwood,Clayton,GA,30294,US/Eastern,KATL,2021-09-07 12:52:00,83.0,83.0,69.0,28.91,10.0,CALM,0.0,0.0,Mostly Cloudy,False,False,False,False,False,False,False,False,False,False,False,False,False,Day,33.6_-84.2
A-944673,2,2021-09-12 08:33:30,2021-09-12 09:35:00,33.699091,-84.270747,2.318,Decatur,DeKalb,GA,30034,US/Eastern,KATL,2021-09-12 08:52:00,68.0,68.0,84.0,29.2,10.0,SSE,3.0,0.0,Fair,False,False,False,False,False,False,False,False,False,False,False,False,False,Day,33.6_-84.2
A-956270,2,2021-10-25 10:46:30,2021-10-25 11:01:00,33.698812,-84.261177,1.155,Decatur,DeKalb,GA,30034,US/Eastern,KATL,2021-10-25 10:49:00,68.0,68.0,68.0,28.85,10.0,SE,6.0,0.0,Mostly Cloudy,False,False,False,False,False,False,False,False,False,False,False,False,False,Day,33.6_-84.2
A-965870,2,2021-12-13 16:20:54,2021-12-13 17:21:05,33.692878,-84.293438,2.958,Decatur,DeKalb,GA,30034,US/Eastern,KATL,2021-12-13 15:52:00,61.0,61.0,34.0,29.24,10.0,CALM,0.0,0.0,Fair,False,False,False,False,False,False,False,False,False,False,False,False,False,Day,33.6_-84.2
A-973449,2,2021-08-12 19:51:00.000000000,2021-08-12 23:07:27.000000000,33.698923,-84.274088,0.857,Decatur,DeKalb,GA,30034,US/Eastern,KATL,2021-08-12 19:52:00,87.0,87.0,59.0,29.02,10.0,CALM,0.0,0.0,Thunder,False,False,False,False,False,False,False,False,False,False,False,False,False,Day,33.6_-84.2
A-980095,2,2021-11-22 15:19:00,2021-11-22 16:37:00,33.69892,-84.273988,0.736,Decatur,DeKalb,GA,30034,US/Eastern,KATL,2021-11-22 14:52:00,61.0,61.0,36.0,28.88,10.0,NNW,18.0,0.0,Fair,False,False,False,False,False,False,False,False,False,False,False,False,False,Day,33.6_-84.2
A-1004052,2,2021-10-27 14:45:00.000000000,2021-10-27 18:00:00.000000000,33.697986,-84.280811,1.093,Decatur,DeKalb,GA,30034,US/Eastern,KATL,2021-10-27 14:52:00,71.0,71.0,34.0,28.77,10.0,CALM,0.0,0.0,Fair,False,False,False,False,False,False,False,False,False,False,False,False,False,Day,33.6_-84.2
A-1024714,2,2021-11-17 07:22:30.000000000,2021-11-17 10:48:30.000000000,33.698892,-84.269515,1.548,Decatur,DeKalb,GA,30034,US/Eastern,KATL,2021-11-17 06:52:00,50.0,50.0,89.0,29.14,9.0,CALM,0.0,0.0,Fair,False,False,False,False,False,False,False,False,False,False,False,False,False,Day,33.6_-84.2
A-1044740,2,2021-11-19 08:47:00,2021-11-19 11:00:00,33.616973,-84.296947,0.932,Ellenwood,Clayton,GA,30294,US/Eastern,KATL,2021-11-19 08:52:00,42.0,37.0,45.0,29.26,10.0,NNW,8.0,0.0,Fair,False,False,False,False,False,False,False,False,False,False,False,False,False,Day,33.6_-84.2
A-1051318,2,2021-09-20 09:35:00,2021-09-20 10:50:00,33.698812,-84.261177,1.155,Decatur,DeKalb,GA,30034,US/Eastern,KATL,2021-09-20 09:33:00,73.0,73.0,93.0,28.97,4.0,ESE,8.0,0.09,Light Rain,False,False,False,False,False,False,False,False,False,False,False,False,False,Day,33.6_-84.2
A-1056851,2,2021-11-29 18:41:00,2021-11-29 19:59:00,33.698253,-84.280469,0.8370000000000001,Decatur,DeKalb,GA,30034,US/Eastern,KATL,2021-11-29 18:52:00,46.0,41.0,33.0,29.02,10.0,NW,12.0,0.0,Fair,False,False,False,False,False,False,False,False,False,False,False,False,False,Night,33.6_-84.2
A-1086005,2,2021-12-13 16:20:54,2021-12-13 17:30:04,33.697986,-84.280811,2.1630000000000003,Decatur,DeKalb,GA,30034,US/Eastern,KATL,2021-12-13 15:52:00,61.0,61.0,34.0,29.24,10.0,CALM,0.0,0.0,Fair,False,False,False,False,False,False,False,False,False,False,False,False,False,Day,33.6_-84.2
A-1087097,2,2021-08-12 22:08:30,2021-08-12 22:38:00,33.697986,-84.280811,1.093,Decatur,DeKalb,GA,30034,US/Eastern,KATL,2021-08-12 21:52:00,83.0,83.0,67.0,29.05,10.0,NW,7.0,0.0,Thunder,False,False,False,False,False,False,False,False,False,False,False,False,False,Night,33.6_-84.2
A-1087923,4,2021-04-26 16:49:00,2021-04-26 19:02:05,33.698923,-84.274088,0.19,Decatur,DeKalb,GA,30034,US/Eastern,KATL,2021-04-26 16:52:00,77.0,77.0,42.0,28.99,10.0,SSE,9.0,0.0,Mostly Cloudy,False,False,False,False,False,False,False,False,False,False,False,False,False,Day,33.6_-84.2
A-1102133,2,2021-12-19 14:16:06,2021-12-19 15:52:00,33.698892,-84.269515,1.374,Decatur,DeKalb,GA,30034,US/Eastern,KATL,2021-12-19 13:52:00,53.0,53.0,71.0,28.94,10.0,NW,15.0,0.0,Partly Cloudy,False,False,False,False,False,False,False,False,False,False,False,False,False,Day,33.6_-84.2
A-1105683,2,2021-09-04 00:25:00,2021-09-04 01:40:00,33.698984,-84.26115300000002,0.292,Decatur,DeKalb,GA,30034,US/Eastern,KATL,2021-09-04 00:52:00,69.0,69.0,65.0,28.97,10.0,ESE,3.0,0.0,Mostly Cloudy,False,False,False,False,False,False,False,False,False,False,False,False,False,Night,33.6_-84.2
A-1123303,2,2021-12-13 11:44:00.000000000,2021-12-13 12:59:00.000000000,33.698253,-84.280469,1.251,Decatur,DeKalb,GA,30034,US/Eastern,KATL,2021-12-13 11:52:00,55.0,55.0,42.0,29.31,10.0,ESE,3.0,0.0,Fair,False,False,False,False,False,False,False,False,False,False,False,False,False,Day,33.6_-84.2
A-1130754,2,2021-09-23 20:02:00,2021-09-23 22:45:00,33.698923,-84.274088,0.857,Decatur,DeKalb,GA,30034,US/Eastern,KATL,2021-09-23 19:52:00,66.0,66.0,52.0,28.93,10.0,NNW,10.0,0.0,Fair,False,False,False,False,False,False,False,False,False,False,False,False,False,Night,33.6_-84.2
A-1150421,2,2021-09-08 06:46:30,2021-09-08 10:44:00,33.692878,-84.293438,3.2060000000000004,Decatur,DeKalb,GA,30034,US/Eastern,KATL,2021-09-08 06:52:00,72.0,72.0,91.0,28.86,7.0,SSE,3.0,0.0,Partly Cloudy,False,False,False,False,False,False,False,False,False,False,False,False,False,Night,33.6_-84.2
A-1152681,2,2021-09-07 12:31:00,2021-09-07 13:46:00,33.616544,-84.297248,0.7140000000000001,Ellenwood,Clayton,GA,30294,US/Eastern,KATL,2021-09-07 12:52:00,83.0,83.0,69.0,28.91,10.0,CALM,0.0,0.0,Mostly Cloudy,False,False,False,False,False,False,False,False,False,False,False,False,False,Day,33.6_-84.2
A-1156709,2,2021-12-22 11:16:00,2021-12-22 13:05:00,33.698899,-84.270783,5.4110000000000005,Decatur,DeKalb,GA,30034,US/Eastern,KATL,2021-12-22 10:52:00,49.0,43.0,59.0,28.88,10.0,NW,16.0,0.0,Fair,False,False,False,False,False,False,False,False,False,False,False,False,False,Day,33.6_-84.2
A-1156711,2,2021-08-19 12:56:00,2021-08-19 15:15:00,33.698812,-84.261177,1.155,Decatur,DeKalb,GA,30034,US/Eastern,KATL,2021-08-19 12:52:00,87.0,87.0,59.0,29.04,10.0,WNW,6.0,0.0,Mostly Cloudy,False,False,False,False,False,False,False,False,False,False,False,False,False,Day,33.6_-84.2
A-1156809,2,2021-12-21 07:29:00,2021-12-21 08:48:00,33.698971,-84.257465,0.361,Decatur,DeKalb,GA,30034,US/Eastern,KATL,2021-12-21 07:52:00,42.0,38.0,47.0,28.9,10.0,NE,7.0,0.0,Cloudy,False,False,False,False,False,False,False,False,False,False,False,False,False,Night,33.6_-84.2
A-1156810,2,2021-11-18 18:05:00,2021-11-18 19:24:00,33.698812,-84.261177,1.155,Decatur,DeKalb,GA,30034,US/Eastern,KATL,2021-11-18 17:52:00,66.0,66.0,70.0,29.11,10.0,NW,9.0,0.0,Fair,False,False,False,False,False,False,False,False,False,False,False,False,False,Night,33.6_-84.2
A-1164251,2,2021-11-21 20:46:30.000000000,2021-11-21 22:56:30.000000000,33.699031,-84.26624,1.626,Decatur,DeKalb,GA,30034,US/Eastern,KATL,2021-11-21 20:52:00,59.0,59.0,78.0,29.0,10.0,CALM,0.0,0.0,Mostly Cloudy,False,False,False,False,False,False,False,False,False,False,False,False,False,Night,33.6_-84.2
A-1164574,2,2021-09-20 13:45:30.000000000,2021-09-20 15:05:00.000000000,33.698923,-84.274088,2.565,Decatur,DeKalb,GA,30034,US/Eastern,KATL,2021-09-20 13:52:00,73.0,73.0,87.0,28.99,6.0,E,12.0,0.01,Light Drizzle,False,False,False,False,False,False,False,False,False,False,False,False,False,Day,33.6_-84.2
A-1179086,2,2021-10-27 06:36:00,2021-10-27 07:51:00,33.698812,-84.261177,1.155,Decatur,DeKalb,GA,30034,US/Eastern,KATL,2021-10-27 06:52:00,47.0,44.0,83.0,28.81,10.0,NNW,6.0,0.0,Mostly Cloudy,False,False,False,False,False,False,False,False,False,False,False,False,False,Night,33.6_-84.2
A-1184009,2,2021-12-17 15:28:30.000000000,2021-12-17 20:55:00.000000000,33.692878,-84.293438,2.958,Decatur,DeKalb,GA,30034,US/Eastern,KATL,2021-12-17 15:52:00,67.0,67.0,73.0,29.07,10.0,SSW,5.0,0.0,Cloudy,False,False,False,False,False,False,False,False,False,False,False,False,False,Day,33.6_-84.2
A-1196629,2,2021-12-19 14:32:00.000000000,2021-12-19 16:15:00.000000000,33.699343,-84.255995,0.907,Decatur,DeKalb,GA,30034,US/Eastern,KATL,2021-12-19 14:52:00,54.0,54.0,66.0,28.94,10.0,NNW,18.0,0.0,Partly Cloudy,False,False,False,False,False,False,False,False,False,False,False,False,False,Day,33.6_-84.2
A-1196630,2,2021-10-27 07:22:00.000000000,2021-10-27 08:37:00.000000000,33.698812,-84.261177,1.155,Decatur,DeKalb,GA,30034,US/Eastern,KATL,2021-10-27 06:52:00,47.0,44.0,83.0,28.81,10.0,NNW,6.0,0.0,Mostly Cloudy,False,False,False,False,False,False,False,False,False,False,False,False,False,Night,33.6_-84.2
A-1202165,2,2021-11-27 16:48:44,2021-11-27 18:44:44,33.698892,-84.269515,2.825,Decatur,DeKalb,GA,30034,US/Eastern,KATL,2021-11-27 16:52:00,60.0,60.0,24.0,28.96,10.0,WSW,9.0,0.0,Mostly Cloudy,False,False,False,False,False,False,False,False,False,False,False,False,False,Day,33.6_-84.2
A-1222465,2,2021-11-17 09:40:00,2021-11-17 10:03:30,33.698812,-84.261177,1.155,Decatur,DeKalb,GA,30034,US/Eastern,KATL,2021-11-17 09:52:00,63.0,63.0,75.0,29.2,10.0,SW,3.0,0.0,Fair,False,False,False,False,False,False,False,False,False,False,False,False,False,Day,33.6_-84.2
A-1259590,2,2021-08-20 19:52:00,2021-08-20 21:07:00,33.69892,-84.273988,0.736,Decatur,DeKalb,GA,30034,US/Eastern,KATL,2021-08-20 19:52:00,83.0,83.0,65.0,28.83,10.0,W,9.0,0.0,Mostly Cloudy,False,False,False,False,False,False,False,False,False,False,False,False,False,Day,33.6_-84.2
A-1267050,2,2021-12-07 15:18:00.000000000,2021-12-07 16:33:00.000000000,33.698812,-84.261177,1.155,Decatur,DeKalb,GA,30034,US/Eastern,KATL,2021-12-07 14:52:00,51.0,51.0,61.0,28.98,10.0,E,6.0,0.0,Cloudy,False,False,False,False,False,False,False,False,False,False,False,False,False,Day,33.6_-84.2
A-1268126,2,2021-12-03 14:15:19.000000000,2021-12-03 19:25:26.000000000,33.698923,-84.274088,3.023,Decatur,DeKalb,GA,30034,US/Eastern,KATL,2021-12-03 13:52:00,74.0,74.0,32.0,28.96,10.0,WNW,6.0,0.0,Partly Cloudy,False,False,False,False,False,False,False,False,False,False,False,False,False,Day,33.6_-84.2
A-1325923,2,2021-08-28 11:36:04,2021-08-28 13:28:53,33.692878,-84.293438,3.2060000000000004,Decatur,DeKalb,GA,30034,US/Eastern,KATL,2021-08-28 11:52:00,84.0,84.0,65.0,29.12,10.0,E,8.0,0.0,Mostly Cloudy,False,False,False,False,False,False,False,False,False,False,False,False,False,Day,33.6_-84.2
A-1347880,2,2021-11-11 14:24:00,2021-11-11 15:39:00,33.69892,-84.273988,0.736,Decatur,DeKalb,GA,30034,US/Eastern,KATL,2021-11-11 14:52:00,73.0,73.0,57.0,28.85,10.0,S,12.0,0.0,Mostly Cloudy,False,False,False,False,False,False,False,False,False,False,False,False,False,Day,33.6_-84.2
A-1373571,2,2021-11-04 06:37:30,2021-11-04 12:42:00,33.697986,-84.280811,7.881,Decatur,DeKalb,GA,30034,US/Eastern,KATL,2021-11-04 06:52:00,46.0,41.0,89.0,29.1,10.0,ENE,12.0,0.02,Light Rain,False,False,False,False,False,False,False,False,False,False,False,False,False,Night,33.6_-84.2
A-1377914,2,2021-09-04 00:49:00,2021-09-04 02:51:30,33.69903,-84.265902,0.602,Decatur,DeKalb,GA,30034,US/Eastern,KATL,2021-09-04 00:52:00,69.0,69.0,65.0,28.97,10.0,ESE,3.0,0.0,Mostly Cloudy,False,False,False,False,False,False,False,False,False,False,False,False,False,Night,33.6_-84.2
A-1404123,2,2021-12-31 22:22:00,2021-12-31 23:51:00,33.69908,-84.271212,0.8540000000000001,Decatur,DeKalb,GA,30034,US/Eastern,KATL,2021-12-31 21:52:00,68.0,68.0,87.0,28.86,10.0,SSW,5.0,0.0,Mostly Cloudy,False,False,False,False,False,False,False,False,False,False,False,False,False,Night,33.6_-84.2
A-1432798,2,2021-12-01 14:27:03,2021-12-01 16:01:04,33.698984,-84.26115300000002,2.754,Decatur,DeKalb,GA,30034,US/Eastern,KATL,2021-12-01 14:52:00,68.0,68.0,33.0,29.0,10.0,WSW,12.0,0.0,Mostly Cloudy,False,False,False,False,False,False,False,False,False,False,False,False,False,Day,33.6_-84.2
A-1435223,2,2021-11-11 15:11:25,2021-11-11 16:56:18,33.698867,-84.26609,2.893,Decatur,DeKalb,GA,30034,US/Eastern,KATL,2021-11-11 14:52:00,73.0,73.0,57.0,28.85,10.0,S,12.0,0.0,Mostly Cloudy,False,False,False,False,False,False,False,False,False,False,False,False,False,Day,33.6_-84.2
A-1445981,2,2021-10-16 12:59:10,2021-10-16 15:24:14,33.691128000000006,-84.297685,3.24,Decatur,DeKalb,GA,30034,US/Eastern,KATL,2021-10-16 12:52:00,68.0,68.0,59.0,28.93,10.0,NNW,23.0,0.0,Partly Cloudy / Windy,False,False,False,False,False,False,False,False,False,False,False,False,False,Day,33.6_-84.2
A-1452506,2,2021-10-27 14:45:00,2021-10-27 18:00:00,33.69893,-84.274977,0.235,Decatur,DeKalb,GA,30034,US/Eastern,KATL,2021-10-27 14:52:00,71.0,71.0,34.0,28.77,10.0,CALM,0.0,0.0,Fair,False,False,False,False,False,False,False,False,False,False,False,False,False,Day,33.6_-84.2
A-1480477,2,2021-12-26 23:54:00,2021-12-27 01:09:00,33.692999,-84.293589,0.873,Decatur,DeKalb,GA,30034,US/Eastern,KATL,2021-12-26 23:52:00,61.0,61.0,93.0,28.95,5.0,SW,5.0,0.0,Light Drizzle,False,False,False,False,False,False,False,False,False,False,False,False,False,Night,33.6_-84.2
A-1507160,2,2021-12-17 15:28:30,2021-12-17 21:21:00,33.696234999999994,-84.28531600000002,2.684,Decatur,DeKalb,GA,30034,US/Eastern,KATL,2021-12-17 15:52:00,67.0,67.0,73.0,29.07,10.0,SSW,5.0,0.0,Cloudy,False,False,False,False,False,False,False,False,False,False,False,False,False,Day,33.6_-84.2
A-1738994,2,2020-11-18 13:56:00,2020-11-18 16:00:00,33.607102000000005,-84.295316,0.688,Ellenwood,Clayton,GA,30294,US/Eastern,KATL,2020-11-18 13:52:00,62.0,62.0,21.0,29.37,10.0,CALM,0.0,0.0,Fair,False,False,False,False,False,False,False,False,False,False,False,False,False,Day,33.6_-84.2
A-1742997,2,2020-10-25 09:02:00.000000000,2020-10-25 10:45:00.000000000,33.699091,-84.270747,2.301,Decatur,DeKalb,GA,30034,US/Eastern,KATL,2020-10-25 09:04:00,67.0,67.0,93.0,28.87,10.0,NW,5.0,0.0,Mostly Cloudy,False,False,False,False,False,False,False,False,False,False,False,False,False,Day,33.6_-84.2
A-1758395,2,2020-11-18 13:56:00,2020-11-18 15:11:00,33.607102000000005,-84.295316,0.688,Ellenwood,Clayton,GA,30294,US/Eastern,KATL,2020-11-18 13:52:00,62.0,62.0,21.0,29.37,10.0,CALM,0.0,0.0,Fair,False,False,False,False,False,False,False,False,False,False,False,False,False,Day,33.6_-84.2
A-1761065,2,2020-12-31 03:57:00,2020-12-31 05:12:00,33.699091,-84.270747,2.301,Decatur,DeKalb,GA,30034,US/Eastern,KATL,2020-12-31 03:52:00,46.0,44.0,86.0,29.01,8.0,E,5.0,0.0,Cloudy,False,False,False,False,False,False,False,False,False,False,False,False,False,Night,33.6_-84.2
A-1764352,2,2020-12-04 03:05:00,2020-12-04 04:24:00,33.697986,-84.280811,0.848,Decatur,DeKalb,GA,30034,US/Eastern,KATL,2020-12-04 02:52:00,45.0,43.0,71.0,29.08,10.0,SE,5.0,0.0,Mostly Cloudy,False,False,False,False,False,False,False,False,False,False,False,False,False,Night,33.6_-84.2
A-1764705,2,2020-11-12 23:24:00,2020-11-13 01:45:08,33.698923,-84.274088,2.094,Decatur,DeKalb,GA,30034,US/Eastern,KATL,2020-11-12 23:52:00,60.0,60.0,86.0,28.9,10.0,NW,10.0,0.0,Fair,False,False,False,False,False,False,False,False,False,False,False,False,False,Night,33.6_-84.2
A-1770005,2,2020-12-25 04:45:00,2020-12-25 07:15:00,33.698892,-84.269515,0.478,Decatur,DeKalb,GA,30034,US/Eastern,KATL,2020-12-25 04:52:00,26.0,16.0,60.0,28.83,10.0,W,10.0,0.0,Fair,False,False,False,False,False,False,False,False,False,False,False,False,False,Night,33.6_-84.2
A-1770006,2,2020-11-05 03:06:00,2020-11-05 06:00:00,33.69892,-84.274073,0.741,Decatur,DeKalb,GA,30034,US/Eastern,KATL,2020-11-05 02:52:00,48.0,45.0,71.0,29.26,10.0,E,7.0,0.0,Fair,False,False,False,False,False,False,False,False,False,False,False,False,False,Night,33.6_-84.2
A-1784061,2,2020-11-11 18:18:00,2020-11-11 23:34:16,33.698923,-84.274088,3.023,Decatur,DeKalb,GA,30034,US/Eastern,KATL,2020-11-11 17:52:00,75.0,75.0,84.0,28.8,10.0,CALM,0.0,0.0,Mostly Cloudy,False,False,False,False,False,False,False,False,False,False,False,False,False,Night,33.6_-84.2
A-1808333,2,2020-12-25 04:45:00,2020-12-25 06:00:00,33.698892,-84.269515,0.478,Decatur,DeKalb,GA,30034,US/Eastern,KATL,2020-12-25 04:52:00,26.0,16.0,60.0,28.83,10.0,W,10.0,0.0,Fair,False,False,False,False,False,False,False,False,False,False,False,False,False,Night,33.6_-84.2
A-1808334,2,2020-11-21 02:43:00,2020-11-21 06:00:00,33.69892,-84.274073,0.741,Decatur,DeKalb,GA,30034,US/Eastern,KATL,2020-11-21 02:52:00,51.0,51.0,86.0,29.3,10.0,NNW,3.0,0.0,Fair,False,False,False,False,False,False,False,False,False,False,False,False,False,Night,33.6_-84.2
A-1810060,2,2020-11-26 05:58:00,2020-11-26 09:01:30,33.692878,-84.293438,2.804,Decatur,DeKalb,GA,30034,US/Eastern,KATL,2020-11-26 05:52:00,64.0,64.0,96.0,28.96,7.0,W,6.0,0.02,Cloudy,False,False,False,False,False,False,False,False,False,False,False,False,False,Night,33.6_-84.2
A-1813210,2,2020-12-11 22:14:39,2020-12-12 04:56:36,33.698971,-84.257465,2.225,Decatur,DeKalb,GA,30034,US/Eastern,KATL,2020-12-11 21:52:00,55.0,55.0,59.0,29.01,10.0,S,5.0,0.0,Mostly Cloudy,False,False,False,False,False,False,False,False,False,False,False,False,False,Night,33.6_-84.2
A-1814407,2,2020-11-11 18:18:00,2020-11-12 04:17:00,33.69882,-84.26119399999997,1.626,Decatur,DeKalb,GA,30034,US/Eastern,KATL,2020-11-11 17:52:00,75.0,75.0,84.0,28.8,10.0,CALM,0.0,0.0,Mostly Cloudy,False,False,False,False,False,False,False,False,False,False,False,False,False,Night,33.6_-84.2
A-1818665,2,2020-11-29 10:46:00,2020-11-29 12:01:00,33.69892,-84.274073,0.741,Decatur,DeKalb,GA,30034,US/Eastern,KATL,2020-11-29 10:41:00,56.0,56.0,87.0,29.01,1.0,E,9.0,0.0,Fog,False,False,False,False,False,False,False,False,False,False,False,False,False,Day,33.6_-84.2
A-1819316,2,2020-12-23 18:16:00,2020-12-24 03:57:59,33.698892,-84.269515,1.798,Decatur,DeKalb,GA,30034,US/Eastern,KATL,2020-12-23 17:52:00,57.0,57.0,55.0,29.02,10.0,ESE,8.0,0.0,Mostly Cloudy,False,False,False,False,False,False,False,False,False,False,False,False,False,Night,33.6_-84.2
A-1830429,4,2020-11-03 18:16:00.000000000,2020-11-03 20:00:00.000000000,33.699003000000005,-84.27637,0.5670000000000001,Decatur,DeKalb,GA,30034,US/Eastern,KATL,2020-11-03 17:52:00,59.0,59.0,35.0,29.17,10.0,NNW,7.0,0.0,Fair,False,False,False,False,False,False,False,False,False,False,False,False,False,Night,33.6_-84.2
A-1831917,2,2020-11-04 21:47:30,2020-11-05 05:49:00,33.691128000000006,-84.297685,2.129,Decatur,DeKalb,GA,30034,US/Eastern,KATL,2020-11-04 21:52:00,55.0,55.0,59.0,29.29,10.0,E,6.0,0.0,Fair,False,False,False,False,False,False,False,False,False,False,False,False,False,Night,33.6_-84.2
A-1838559,2,2020-09-16 19:02:00,2020-09-16 20:17:00,33.606053,-84.29558,0.201,Ellenwood,Clayton,GA,30294,US/Eastern,KATL,2020-09-16 18:52:00,66.0,66.0,93.0,28.88,6.0,ENE,20.0,0.07,Light Rain,False,False,False,False,False,False,False,False,False,False,False,False,False,Day,33.6_-84.2
A-1843991,2,2020-10-18 22:36:09,2020-10-19 00:48:30,33.698812,-84.261177,1.155,Decatur,DeKalb,GA,30034,US/Eastern,KATL,2020-10-18 22:52:00,60.0,60.0,78.0,29.16,10.0,E,10.0,0.0,Fair,False,False,False,False,False,False,False,False,False,False,False,False,False,Night,33.6_-84.2
A-1845961,2,2020-11-03 18:16:00,2020-11-03 19:45:00,33.699082000000004,-84.27498,1.149,Decatur,DeKalb,GA,30034,US/Eastern,KATL,2020-11-03 17:52:00,59.0,59.0,35.0,29.17,10.0,NNW,7.0,0.0,Fair,False,False,False,False,False,False,False,False,False,False,False,False,False,Night,33.6_-84.2
A-1846312,2,2020-12-24 02:13:00,2020-12-24 04:45:00,33.698812,-84.261177,1.155,Decatur,DeKalb,GA,30034,US/Eastern,KATL,2020-12-24 01:52:00,53.0,53.0,69.0,28.87,10.0,SSE,10.0,0.01,Light Rain,False,False,False,False,False,False,False,False,False,False,False,False,False,Night,33.6_-84.2
A-1848200,2,2020-10-28 09:41:00,2020-10-28 12:57:00,33.698892,-84.269515,3.03,Decatur,DeKalb,GA,30034,US/Eastern,KATL,2020-10-28 09:52:00,72.0,72.0,91.0,29.0,2.0,S,9.0,0.0,Fog,False,False,False,False,False,False,False,False,False,False,False,False,False,Day,33.6_-84.2
A-1853612,2,2020-11-26 06:06:00,2020-11-26 08:30:00,33.699343,-84.255995,0.907,Decatur,DeKalb,GA,30034,US/Eastern,KATL,2020-11-26 05:52:00,64.0,64.0,96.0,28.96,7.0,W,6.0,0.02,Cloudy,False,False,False,False,False,False,False,False,False,False,False,False,False,Night,33.6_-84.2
A-1863232,4,2020-11-17 01:41:00,2020-11-17 03:03:00,33.698962,-84.260019,0.616,Decatur,DeKalb,GA,30034,US/Eastern,KATL,2020-11-17 01:52:00,44.0,40.0,55.0,29.18,10.0,NW,8.0,0.0,Fair,False,False,False,False,False,False,False,False,False,False,False,False,False,Night,33.6_-84.2
A-1869667,2,2020-11-03 18:16:00,2020-11-03 20:00:00,33.699003000000005,-84.27637,0.5670000000000001,Decatur,DeKalb,GA,30034,US/Eastern,KATL,2020-11-03 17:52:00,59.0,59.0,35.0,29.17,10.0,NNW,7.0,0.0,Fair,False,False,False,False,False,False,False,False,False,False,False,False,False,Night,33.6_-84.2
A-1895571,2,2020-12-25 04:40:00.000000000,2020-12-25 06:54:00.000000000,33.6989,-84.270887,0.276,Decatur,DeKalb,GA,30034,US/Eastern,KATL,2020-12-25 04:52:00,26.0,16.0,60.0,28.83,10.0,W,10.0,0.0,Fair,False,False,False,False,False,False,False,False,False,False,False,False,False,Night,33.6_-84.2
A-1896165,2,2020-12-04 03:05:00.000000000,2020-12-04 05:45:00.000000000,33.696176,-84.285461,1.129,Decatur,DeKalb,GA,30034,US/Eastern,KATL,2020-12-04 02:52:00,45.0,43.0,71.0,29.08,10.0,SE,5.0,0.0,Mostly Cloudy,False,False,False,False,False,False,False,False,False,False,False,False,False,Night,33.6_-84.2
A-1905184,2,2020-10-30 16:35:30,2020-10-30 23:20:32,33.697986,-84.280811,2.399,Decatur,DeKalb,GA,30034,US/Eastern,KATL,2020-10-30 16:52:00,62.0,62.0,46.0,29.02,10.0,NNW,14.0,0.0,Fair,False,False,False,False,False,False,False,False,False,False,False,False,False,Day,33.6_-84.2
A-1928998,2,2020-10-19 13:37:30,2020-10-19 17:44:00,33.697986,-84.280811,3.653,Decatur,DeKalb,GA,30034,US/Eastern,KATL,2020-10-19 13:52:00,73.0,73.0,57.0,29.11,10.0,E,7.0,0.0,Partly Cloudy,False,False,False,False,False,False,False,False,False,False,False,False,False,Day,33.6_-84.2
A-1931700,2,2020-09-17 19:39:00,2020-09-18 03:50:15,33.697986,-84.280811,0.574,Decatur,DeKalb,GA,30034,US/Eastern,KATL,2020-09-17 19:36:00,72.0,72.0,91.0,28.71,2.0,N,8.0,0.01,Light Rain,False,False,False,False,False,False,False,False,False,False,False,False,False,Night,33.6_-84.2
A-1937592,2,2020-11-21 07:00:00,2020-11-21 08:15:00,33.699089,-84.274121,1.196,Decatur,DeKalb,GA,30034,US/Eastern,KATL,2020-11-21 06:52:00,49.0,49.0,86.0,29.31,10.0,CALM,0.0,0.0,Fair,False,False,False,False,False,False,False,False,False,False,False,False,False,Night,33.6_-84.2
A-1937593,2,2020-11-03 18:16:00,2020-11-03 20:00:00,33.699003000000005,-84.27637,1.073,Decatur,DeKalb,GA,30034,US/Eastern,KATL,2020-11-03 17:52:00,59.0,59.0,35.0,29.17,10.0,NNW,7.0,0.0,Fair,False,False,False,False,False,False,False,False,False,False,False,False,False,Night,33.6_-84.2
A-1955936,2,2020-11-21 06:49:30,2020-11-21 08:10:00,33.69903,-84.265902,1.153,Decatur,DeKalb,GA,30034,US/Eastern,KATL,2020-11-21 06:52:00,49.0,49.0,86.0,29.31,10.0,CALM,0.0,0.0,Fair,False,False,False,False,False,False,False,False,False,False,False,False,False,Night,33.6_-84.2
A-1974189,2,2020-11-24 02:09:00,2020-11-24 03:29:00,33.69892,-84.274073,0.741,Decatur,DeKalb,GA,30034,US/Eastern,KATL,2020-11-24 01:52:00,45.0,45.0,63.0,29.13,10.0,NE,3.0,0.0,Fair,False,False,False,False,False,False,False,False,False,False,False,False,False,Night,33.6_-84.2
A-1978029,2,2020-11-03 18:16:00.000000000,2020-11-03 20:00:00.000000000,33.699003000000005,-84.27637,1.073,Decatur,DeKalb,GA,30034,US/Eastern,KATL,2020-11-03 17:52:00,59.0,59.0,35.0,29.17,10.0,NNW,7.0,0.0,Fair,False,False,False,False,False,False,False,False,False,False,False,False,False,Night,33.6_-84.2
A-1980379,2,2020-12-02 00:04:20,2020-12-02 01:56:57,33.611795,-84.29608499999998,1.224,Ellenwood,Clayton,GA,30294,US/Eastern,KATL,2020-12-02 00:52:00,31.0,24.0,69.0,29.12,10.0,WNW,7.0,0.0,Fair,False,False,False,False,False,False,False,False,False,False,False,False,False,Night,33.6_-84.2
A-1986424,2,2020-10-19 13:49:30,2020-10-19 16:34:00,33.697986,-84.280811,3.564,Decatur,DeKalb,GA,30034,US/Eastern,KATL,2020-10-19 13:52:00,73.0,73.0,57.0,29.11,10.0,E,7.0,0.0,Partly Cloudy,False,False,False,False,False,False,False,False,False,False,False,False,False,Day,33.6_-84.2
A-1994413,2,2020-11-05 23:15:04,2020-11-06 03:20:59,33.69895,-84.257581,1.268,Decatur,DeKalb,GA,30034,US/Eastern,KATL,2020-11-05 22:52:00,58.0,58.0,75.0,29.2,10.0,E,6.0,0.0,Mostly Cloudy,False,False,False,False,False,False,False,False,False,False,False,False,False,Night,33.6_-84.2
A-2002807,2,2020-09-18 00:54:00,2020-09-18 03:00:00,33.69892,-84.274073,0.741,Decatur,DeKalb,GA,30034,US/Eastern,KATL,2020-09-18 00:52:00,69.0,69.0,93.0,28.75,10.0,NW,7.0,0.0,Mostly Cloudy,False,False,False,False,False,False,False,False,False,False,False,False,False,Night,33.6_-84.2
A-2029088,2,2020-10-18 01:17:00,2020-10-18 02:36:00,33.69892,-84.274073,0.741,Decatur,DeKalb,GA,30034,US/Eastern,KATL,2020-10-18 00:52:00,53.0,53.0,64.0,29.16,10.0,E,10.0,0.0,Fair,False,False,False,False,False,False,False,False,False,False,False,False,False,Night,33.6_-84.2
A-2051053,2,2020-11-26 05:58:00.000000000,2020-11-26 09:01:30.000000000,33.692878,-84.293438,2.804,Decatur,DeKalb,GA,30034,US/Eastern,KATL,2020-11-26 05:52:00,64.0,64.0,96.0,28.96,7.0,W,6.0,0.02,Cloudy,False,False,False,False,False,False,False,False,False,False,False,False,False,Night,33.6_-84.2
A-2052725,2,2020-11-02 22:38:41.000000000,2020-11-03 00:49:31.000000000,33.698923,-84.274088,3.636,Decatur,DeKalb,GA,30034,US/Eastern,KATL,2020-11-02 22:52:00,42.0,39.0,58.0,29.22,10.0,WNW,5.0,0.0,Fair,False,False,False,False,False,False,False,False,False,False,False,False,False,Night,33.6_-84.2
A-2060968,2,2020-09-14 03:37:00,2020-09-14 06:30:00,33.69892,-84.274073,0.741,Decatur,DeKalb,GA,30034,US/Eastern,KATL,2020-09-14 03:52:00,74.0,74.0,87.0,28.98,10.0,ENE,6.0,0.0,Partly Cloudy,False,False,False,False,False,False,False,False,False,False,False,False,False,Night,33.6_-84.2
A-2079941,3,2020-05-29 15:47:30,2020-05-29 16:47:30,33.69905,-84.26988,0.0,Decatur,DeKalb,GA,30034,US/Eastern,KATL,2020-05-29 15:52:00,83.0,83.0,56.0,28.92,10.0,W,9.0,0.0,Mostly Cloudy,False,False,False,False,False,False,False,False,False,False,False,False,False,Day,33.6_-84.2
A-2086638,2,2020-06-02 17:50:23,2020-06-02 18:05:23,33.69892,-84.27089000000002,0.0,Decatur,DeKalb,GA,30034,US/Eastern,KATL,2020-06-02 17:52:00,85.0,85.0,43.0,29.01,10.0,SSW,6.0,0.0,Mostly Cloudy,False,False,False,False,False,False,False,False,False,False,False,False,False,Day,33.6_-84.2
A-2093848,2,2020-04-30 08:14:16,2020-04-30 08:44:16,33.6813,-84.23005,0.0,Decatur,DeKalb,GA,30034-5207,US/Eastern,KATL,2020-04-30 07:52:00,53.0,53.0,86.0,28.73,10.0,W,7.0,0.0,Fair,False,False,False,False,False,False,False,False,False,False,False,True,False,Day,33.6_-84.2
A-2097959,3,2020-05-03 00:27:50,2020-05-03 01:27:50,33.69905,-84.26988,0.0,Decatur,DeKalb,GA,30034,US/Eastern,KATL,2020-05-03 00:52:00,66.0,66.0,56.0,29.01,10.0,SW,6.0,0.0,Fair,False,False,False,False,False,False,False,False,False,False,False,False,False,Night,33.6_-84.2
A-2099532,2,2020-05-03 15:47:45,2020-05-03 17:02:45,33.69892,-84.27089000000002,0.0,Decatur,DeKalb,GA,30034,US/Eastern,KATL,2020-05-03 15:52:00,84.0,84.0,32.0,28.89,10.0,SW,10.0,0.0,Fair,False,False,False,False,False,False,False,False,False,False,False,False,False,Day,33.6_-84.2
A-2099590,3,2020-05-05 16:23:05,2020-05-05 16:58:03,33.69892,-84.27089000000002,0.0,Decatur,DeKalb,GA,30034,US/Eastern,KATL,2020-05-05 16:52:00,81.0,81.0,54.0,28.76,10.0,WSW,12.0,0.0,Mostly Cloudy,False,False,False,False,False,False,False,False,False,False,False,False,False,Day,33.6_-84.2
A-2105874,2,2020-05-08 12:27:08,2020-05-08 12:57:08,33.69892,-84.27089000000002,0.0,Decatur,DeKalb,GA,30034,US/Eastern,KATL,2020-05-08 12:52:00,60.0,60.0,57.0,28.96,10.0,W,10.0,0.0,Cloudy,False,False,False,False,False,False,False,False,False,False,False,False,False,Day,33.6_-84.2
A-2105880,1,2020-05-08 12:56:17,2020-05-08 13:26:17,33.69892,-84.27089000000002,0.0,Decatur,DeKalb,GA,30034,US/Eastern,KATL,2020-05-08 12:52:00,60.0,60.0,57.0,28.96,10.0,W,10.0,0.0,Cloudy,False,False,False,False,False,False,False,False,False,False,False,False,False,Day,33.6_-84.2
A-2109130,3,2020-05-10 23:29:35,2020-05-11 00:29:35,33.69892,-84.27089000000002,0.0,Decatur,DeKalb,GA,30034,US/Eastern,KATL,2020-05-10 23:52:00,60.0,60.0,42.0,29.05,10.0,WNW,7.0,0.0,Fair,False,False,False,False,False,False,False,False,False,False,False,False,False,Night,33.6_-84.2
A-2110878,2,2020-05-11 19:59:14,2020-05-11 20:49:12,33.69892,-84.27089000000002,0.0,Decatur,DeKalb,GA,30034,US/Eastern,KATL,2020-05-11 19:52:00,64.0,64.0,30.0,29.06,10.0,WNW,13.0,0.0,Fair,False,False,False,False,False,False,False,False,False,False,False,False,False,Day,33.6_-84.2
A-2126237,2,2020-05-19 14:44:48,2020-05-19 15:14:48,33.60728,-84.29536,0.0,Ellenwood,Clayton,GA,30294,US/Eastern,KATL,2020-05-19 14:52:00,75.0,75.0,50.0,28.72,10.0,W,14.0,0.0,Mostly Cloudy,False,False,False,False,True,False,False,False,False,False,False,False,False,Day,33.6_-84.2
A-2132961,2,2020-05-22 05:56:59,2020-05-22 06:26:59,33.60728,-84.29536,0.0,Ellenwood,Clayton,GA,30294,US/Eastern,KATL,2020-05-22 05:52:00,66.0,66.0,78.0,28.95,10.0,ESE,5.0,0.0,Light Rain,False,False,False,False,True,False,False,False,False,False,False,False,False,Night,33.6_-84.2
A-2139421,1,2020-06-23 12:58:46,2020-06-23 13:48:44,33.69892,-84.27089000000002,0.0,Decatur,DeKalb,GA,30034,US/Eastern,KATL,2020-06-23 12:52:00,80.0,80.0,67.0,28.85,10.0,WSW,15.0,0.0,Cloudy,False,False,False,False,False,False,False,False,False,False,False,False,False,Day,33.6_-84.2
A-2142133,2,2020-06-24 19:21:19,2020-06-24 19:51:19,33.69905,-84.26988,0.0,Decatur,DeKalb,GA,30034,US/Eastern,KATL,2020-06-24 18:52:00,76.0,76.0,76.0,28.91,10.0,W,8.0,0.0,Light Rain,False,False,False,False,False,False,False,False,False,False,False,False,False,Day,33.6_-84.2
A-2142147,3,2020-06-25 00:20:09,2020-06-25 01:05:09,33.69905,-84.26988,0.0,Decatur,DeKalb,GA,30034,US/Eastern,KATL,2020-06-25 00:22:00,70.0,70.0,87.0,28.92,4.0,S,5.0,0.12,Light Rain,False,False,False,False,False,False,False,False,False,False,False,False,False,Night,33.6_-84.2
A-2166300,2,2020-06-11 10:07:46,2020-06-11 10:37:46,33.68298,-84.24649000000002,0.0,Decatur,DeKalb,GA,30034,US/Eastern,KATL,2020-06-11 09:52:00,73.0,73.0,66.0,29.03,10.0,NW,9.0,0.0,Fair,False,False,False,False,False,False,False,False,False,False,False,True,False,Day,33.6_-84.2
A-2168768,2,2020-06-12 07:58:50,2020-06-12 08:28:50,33.60728,-84.29536,0.0,Ellenwood,Clayton,GA,30294,US/Eastern,KATL,2020-06-12 07:52:00,69.0,69.0,70.0,29.06,10.0,NNW,6.0,0.0,Fair,False,False,False,False,True,False,False,False,False,False,False,False,False,Day,33.6_-84.2
A-2184776,2,2020-06-20 00:24:21,2020-06-20 00:54:21,33.69892,-84.27089000000002,1.628,Decatur,DeKalb,GA,30034,US/Eastern,KATL,2020-06-20 00:52:00,76.0,76.0,58.0,29.0,10.0,NNE,3.0,0.0,Fair,False,False,False,False,False,False,False,False,False,False,False,False,False,Night,33.6_-84.2
A-2217690,2,2020-03-24 07:54:33,2020-03-24 08:39:33,33.60728,-84.29536,0.0,Ellenwood,Clayton,GA,30294,US/Eastern,KATL,2020-03-24 07:52:00,61.0,61.0,93.0,28.95,0.5,CALM,0.0,0.0,Fog,False,False,False,False,True,False,False,False,False,False,False,False,False,Day,33.6_-84.2
A-2231446,2,2020-04-01 13:56:56,2020-04-01 14:56:56,33.69905,-84.26988,0.0,Decatur,DeKalb,GA,30034,US/Eastern,KATL,2020-04-01 13:52:00,56.0,56.0,47.0,28.85,10.0,NW,15.0,0.0,Partly Cloudy,False,False,False,False,False,False,False,False,False,False,False,False,False,Day,33.6_-84.2
A-2235278,2,2020-04-03 18:09:59,2020-04-03 18:24:59,33.69905,-84.26988,0.0,Decatur,DeKalb,GA,30034,US/Eastern,KATL,2020-04-03 17:52:00,77.0,77.0,22.0,28.85,10.0,W,7.0,0.0,Partly Cloudy,False,False,False,False,False,False,False,False,False,False,False,False,False,Day,33.6_-84.2
A-2258623,3,2020-04-15 17:48:47,2020-04-15 18:33:47,33.69892,-84.27089000000002,0.0,Decatur,DeKalb,GA,30034,US/Eastern,KATL,2020-04-15 17:52:00,61.0,61.0,22.0,28.92,10.0,NW,13.0,0.0,Fair,False,False,False,False,False,False,False,False,False,False,False,False,False,Day,33.6_-84.2
A-2264028,2,2020-04-18 06:41:16,2020-04-18 07:26:16,33.69905,-84.26988,0.0,Decatur,DeKalb,GA,30034,US/Eastern,KATL,2020-04-18 06:50:00,61.0,61.0,88.0,28.82,10.0,W,8.0,0.0,Cloudy,False,False,False,False,False,False,False,False,False,False,False,False,False,Night,33.6_-84.2
A-2312752,2,2020-01-23 07:16:04,2020-01-23 07:45:54,33.69896,-84.26165,0.528,Decatur,DeKalb,GA,30034,US/Eastern,KATL,2020-01-23 06:52:00,40.0,33.0,41.0,29.15,10.0,E,12.0,0.0,Cloudy,False,False,False,False,False,False,False,False,False,False,False,False,False,Night,33.6_-84.2
A-2333280,3,2020-02-09 13:01:05,2020-02-09 13:28:53,33.69896,-84.26165,0.528,Decatur,DeKalb,GA,30034,US/Eastern,KATL,2020-02-09 12:52:00,50.0,50.0,61.0,29.35,10.0,ESE,10.0,0.0,Mostly Cloudy,False,False,False,False,False,False,False,False,False,False,False,False,False,Day,33.6_-84.2
A-2353778,2,2020-02-26 18:23:23,2020-02-26 18:52:28,33.69896,-84.26165,0.528,Decatur,DeKalb,GA,30034,US/Eastern,KATL,2020-02-26 18:52:00,46.0,38.0,63.0,28.87,10.0,NW,22.0,0.0,Mostly Cloudy / Windy,False,False,False,False,False,False,False,False,False,False,False,False,False,Day,33.6_-84.2
A-2354945,2,2020-02-27 12:51:49,2020-02-27 13:19:23,33.69892,-84.27089000000002,0.529,Decatur,DeKalb,GA,30034,US/Eastern,KATL,2020-02-27 12:52:00,44.0,37.0,40.0,29.1,10.0,WNW,14.0,0.0,Fair,False,False,False,False,False,False,False,False,False,False,False,False,False,Day,33.6_-84.2
A-2368053,2,2019-12-27 18:42:34,2019-12-27 19:11:03,33.69892,-84.27089000000002,0.529,Decatur,DeKalb,GA,30034,US/Eastern,KATL,2019-12-27 18:52:00,64.0,64.0,65.0,29.11,10.0,NNE,8.0,0.0,Cloudy,False,False,False,False,False,False,False,False,False,False,False,False,False,Night,33.6_-84.2
A-2380378,3,2019-12-07 04:42:48,2019-12-07 05:11:33,33.69892,-84.27089000000002,0.529,Decatur,DeKalb,GA,30034,US/Eastern,KATL,2019-12-07 04:48:00,54.0,54.0,58.0,29.09,10.0,CALM,0.0,0.0,Cloudy,False,False,False,False,False,False,False,False,False,False,False,False,False,Night,33.6_-84.2
A-2391195,4,2019-12-14 21:24:26,2019-12-14 21:53:51,33.69896,-84.26165,0.528,Decatur,DeKalb,GA,30034,US/Eastern,KATL,2019-12-14 21:52:00,46.0,46.0,73.0,28.84,10.0,W,3.0,0.0,Mostly Cloudy,False,False,False,False,False,False,False,False,False,False,False,False,False,Night,33.6_-84.2
A-2425837,2,2019-10-21 16:23:24,2019-10-21 16:51:21,33.69889000000001,-84.26978000000003,0.57,Decatur,DeKalb,GA,30034,US/Eastern,KATL,2019-10-21 16:52:00,75.0,75.0,62.0,28.88,10.0,S,9.0,0.0,Cloudy,False,False,False,False,False,False,False,False,False,False,False,False,False,Day,33.6_-84.2
A-2464958,3,2019-09-17 14:21:45,2019-09-17 14:51:36,33.691631,-84.296417,1.4369999999999998,Decatur,DeKalb,GA,30034,US/Eastern,KATL,2019-09-17 13:52:00,95.0,95.0,32.0,28.92,10.0,WNW,8.0,0.0,Fair,False,False,False,False,False,False,False,False,False,False,False,False,False,Day,33.6_-84.2
A-2471184,2,2019-09-23 17:23:46,2019-09-23 17:50:58,33.69889000000001,-84.26978000000003,0.466,Decatur,DeKalb,GA,30034,US/Eastern,KATL,2019-09-23 17:52:00,90.0,90.0,31.0,28.92,10.0,NNW,8.0,0.0,Fair,False,False,False,False,False,False,False,False,False,False,False,False,False,Day,33.6_-84.2
A-2492388,2,2019-09-12 16:35:20,2019-09-12 17:02:55,33.69897,-84.26148,0.5379999999999999,Decatur,DeKalb,GA,30034,US/Eastern,KATL,2019-09-12 16:52:00,97.0,97.0,27.0,29.0,10.0,E,7.0,0.0,Fair,False,False,False,False,False,False,False,False,False,False,False,False,False,Day,33.6_-84.2
A-2499591,4,2019-03-06 18:18:12,2019-03-06 18:47:30,33.69891,-84.26978000000003,0.3939999999999999,Decatur,DeKalb,GA,30034,US/Eastern,KATL,2019-03-06 17:52:00,45.0,40.1,27.0,30.37,10.0,NNW,9.2,,Partly Cloudy,False,False,False,False,False,False,False,False,False,False,False,False,False,Day,33.6_-84.2
A-2503763,3,2019-03-14 18:09:11,2019-03-14 18:38:12,33.69897,-84.26148,0.5379999999999999,Decatur,DeKalb,GA,30034,US/Eastern,KATL,2019-03-14 17:52:00,73.9,,59.0,30.01,10.0,South,13.8,,Overcast,False,False,False,False,False,False,False,False,False,False,False,False,False,Day,33.6_-84.2
A-2504275,2,2019-03-15 19:33:53,2019-03-15 20:02:47,33.69891,-84.26978000000003,0.466,Decatur,DeKalb,GA,30034,US/Eastern,KATL,2019-03-15 19:52:00,59.0,,51.0,30.09,10.0,NW,9.2,,Mostly Cloudy,False,False,False,False,False,False,False,False,False,False,False,False,False,Day,33.6_-84.2
A-2506361,2,2019-03-20 08:15:58,2019-03-20 08:44:00,33.69897,-84.26148,0.483,Decatur,DeKalb,GA,30034,US/Eastern,KATL,2019-03-20 07:52:00,42.1,36.1,49.0,30.29,10.0,NE,10.4,,Partly Cloudy,False,False,False,False,False,False,False,False,False,False,False,False,False,Day,33.6_-84.2
A-2508513,2,2019-03-25 21:09:12,2019-03-25 21:37:31,33.60667,-84.295664,1.934,Ellenwood,Clayton,GA,30294,US/Eastern,KATL,2019-03-25 20:52:00,57.9,,84.0,29.96,10.0,NW,8.1,0.01,Mostly Cloudy,False,False,False,False,False,False,False,False,False,False,False,False,False,Night,33.6_-84.2
A-2509063,4,2019-03-27 00:31:41,2019-03-27 01:00:04,33.60728,-84.29536,0.632,Ellenwood,Clayton,GA,30294,US/Eastern,KATL,2019-03-27 00:52:00,54.0,,72.0,30.23,10.0,East,9.2,,Mostly Cloudy,False,False,False,False,True,False,False,False,False,False,False,False,False,Night,33.6_-84.2
A-2523385,2,2019-02-15 16:36:45,2019-02-15 17:06:02,33.69891,-84.26978000000003,0.466,Decatur,DeKalb,GA,30034,US/Eastern,KATL,2019-02-15 16:52:00,59.0,,83.0,29.83,10.0,WSW,6.9,,Overcast,False,False,False,False,False,False,False,False,False,False,False,False,False,Day,33.6_-84.2
A-2523912,3,2019-02-16 22:11:11,2019-02-16 22:41:04,33.6119,-84.29819,0.181,Ellenwood,Clayton,GA,30294,US/Eastern,KATL,2019-02-16 22:25:00,48.9,,83.0,29.88,10.0,North,5.8,,Overcast,False,False,False,False,False,False,False,False,False,False,False,False,False,Night,33.6_-84.2
A-2524774,3,2019-02-18 14:21:41,2019-02-18 14:51:03,33.69891,-84.26978000000003,0.6579999999999999,Decatur,DeKalb,GA,30034,US/Eastern,KATL,2019-02-18 13:52:00,55.9,,42.0,30.21,10.0,NW,12.7,,Mostly Cloudy,False,False,False,False,False,False,False,False,False,False,False,False,False,Day,33.6_-84.2
A-2526615,2,2019-02-21 16:34:30,2019-02-21 17:03:50,33.69897,-84.26148,0.578,Decatur,DeKalb,GA,30034,US/Eastern,KATL,2019-02-21 16:28:00,63.0,,87.0,30.07,3.0,East,6.9,,Mostly Cloudy,False,False,False,False,False,False,False,False,False,False,False,False,False,Day,33.6_-84.2
A-2528587,2,2019-02-25 20:18:45,2019-02-25 20:48:33,33.69897,-84.25908299999998,0.675,Decatur,DeKalb,GA,30034,US/Eastern,KATL,2019-02-25 19:52:00,54.0,,33.0,30.4,10.0,NW,5.8,,Mostly Cloudy,False,False,False,False,True,False,False,False,False,False,False,False,False,Night,33.6_-84.2
A-2532708,3,2019-01-04 08:52:46,2019-01-04 09:22:15,33.61628,-84.29722,0.6609999999999999,Ellenwood,Clayton,GA,30294,US/Eastern,KATL,2019-01-04 08:52:00,55.9,,90.0,29.79,2.0,East,10.4,0.25,Light Rain,False,False,False,False,False,False,False,False,False,False,False,False,False,Day,33.6_-84.2
A-2536681,2,2019-01-11 15:53:35,2019-01-11 16:22:51,33.6988,-84.26168,1.182,Decatur,DeKalb,GA,30034,US/Eastern,KATL,2019-01-11 15:52:00,54.0,,30.0,30.24,10.0,ESE,5.8,,Scattered Clouds,False,False,False,False,False,False,False,False,False,False,False,False,False,Day,33.6_-84.2
A-2537552,4,2019-01-13 15:49:01,2019-01-13 16:18:44,33.69891,-84.26978000000003,0.466,Decatur,DeKalb,GA,30034,US/Eastern,KATL,2019-01-13 15:52:00,48.0,,77.0,30.14,10.0,West,8.1,,Overcast,False,False,False,False,False,False,False,False,False,False,False,False,False,Day,33.6_-84.2
A-2537559,3,2019-01-13 18:54:16,2019-01-13 19:24:04,33.69897,-84.26148,0.5379999999999999,Decatur,DeKalb,GA,30034,US/Eastern,KATL,2019-01-13 18:52:00,46.9,,83.0,30.19,10.0,NW,5.8,,Overcast,False,False,False,False,False,False,False,False,False,False,False,False,False,Night,33.6_-84.2
A-2538566,2,2019-01-15 13:59:33,2019-01-15 14:29:02,33.60667,-84.295664,2.553,Ellenwood,Clayton,GA,30294,US/Eastern,KATL,2019-01-15 13:52:00,45.0,39.7,58.0,30.25,10.0,West,10.4,,Partly Cloudy,False,False,False,False,False,False,False,False,False,False,False,False,False,Day,33.6_-84.2
A-2540669,2,2019-01-18 18:33:47,2019-01-18 19:03:28,33.682934,-84.246416,0.196,Decatur,DeKalb,GA,30034,US/Eastern,KATL,2019-01-18 18:52:00,54.0,,77.0,30.07,10.0,Calm,,,Mostly Cloudy,False,False,False,False,False,False,False,False,False,False,False,True,False,Night,33.6_-84.2
A-2541619,3,2019-01-20 18:25:28,2019-01-20 18:55:07,33.69897,-84.26148,0.5379999999999999,Decatur,DeKalb,GA,30034,US/Eastern,KATL,2019-01-20 18:52:00,34.0,23.4,52.0,30.14,10.0,NW,17.3,,Clear,False,False,False,False,False,False,False,False,False,False,False,False,False,Night,33.6_-84.2
A-2566427,2,2018-12-28 03:16:45,2018-12-28 03:46:11,33.61628,-84.29722,0.6609999999999999,Ellenwood,Clayton,GA,30294,US/Eastern,KATL,2018-12-28 03:37:00,51.1,,92.0,30.04,1.5,ENE,6.9,0.04,Light Rain,False,False,False,False,False,False,False,False,False,False,False,False,False,Night,33.6_-84.2
A-2575562,2,2018-11-13 07:25:57,2018-11-13 07:55:36,33.61628,-84.29722,0.6609999999999999,Ellenwood,Clayton,GA,30294,US/Eastern,KATL,2018-11-13 07:38:00,48.0,,89.0,30.04,3.0,Calm,,0.02,Light Rain,False,False,False,False,False,False,False,False,False,False,False,False,False,Day,33.6_-84.2
A-2579895,2,2018-11-20 15:27:53,2018-11-20 15:57:42,33.69891,-84.257761,0.6509999999999999,Decatur,DeKalb,GA,30034,US/Eastern,KATL,2018-11-20 15:52:00,55.9,,49.0,30.12,10.0,NW,15.0,,Clear,False,False,False,False,False,False,False,False,False,False,False,False,False,Day,33.6_-84.2
A-2579933,2,2018-11-20 23:24:49,2018-11-20 23:54:08,33.61628,-84.29722,0.6609999999999999,Ellenwood,Clayton,GA,30294,US/Eastern,KATL,2018-11-20 23:52:00,41.0,34.3,73.0,30.23,10.0,NW,11.5,,Clear,False,False,False,False,False,False,False,False,False,False,False,False,False,Night,33.6_-84.2
A-2581772,3,2018-11-23 07:06:49,2018-11-23 07:36:42,33.69897,-84.26148,0.5379999999999999,Decatur,DeKalb,GA,30034,US/Eastern,KATL,2018-11-23 06:55:00,39.0,30.6,86.0,30.29,10.0,East,15.0,,Mostly Cloudy,False,False,False,False,False,False,False,False,False,False,False,False,False,Night,33.6_-84.2
A-2583111,4,2018-11-26 14:49:23,2018-11-26 15:18:57,33.698833,-84.25840699999998,0.921,Decatur,DeKalb,GA,30034,US/Eastern,KATL,2018-11-26 14:52:00,46.9,,54.0,29.9,10.0,NNW,19.6,,Scattered Clouds,False,False,False,False,False,False,False,False,False,False,False,False,False,Day,33.6_-84.2
A-2586770,4,2018-10-02 16:19:45,2018-10-02 16:49:24,33.69835,-84.26601,0.048,Decatur,DeKalb,GA,30034,US/Eastern,KATL,2018-10-02 15:52:00,86.0,,41.0,30.16,10.0,Variable,6.9,,Mostly Cloudy,False,False,False,False,False,False,False,False,False,False,False,False,False,Day,33.6_-84.2
A-2586771,4,2018-10-02 16:19:45,2018-10-02 16:49:24,33.69891,-84.26978000000003,0.22,Decatur,DeKalb,GA,30034,US/Eastern,KATL,2018-10-02 15:52:00,86.0,,41.0,30.16,10.0,Variable,6.9,,Mostly Cloudy,False,False,False,False,False,False,False,False,False,False,False,False,False,Day,33.6_-84.2
A-2592978,3,2018-10-14 04:14:28,2018-10-14 04:43:52,33.69891,-84.26978000000003,0.466,Decatur,DeKalb,GA,30034,US/Eastern,KATL,2018-10-14 03:52:00,60.1,,75.0,30.04,10.0,East,6.9,,Mostly Cloudy,False,False,False,False,False,False,False,False,False,False,False,False,False,Night,33.6_-84.2
A-2592980,3,2018-10-14 05:16:43,2018-10-14 05:46:16,33.69891,-84.26978000000003,0.466,Decatur,DeKalb,GA,30034,US/Eastern,KATL,2018-10-14 04:52:00,60.1,,72.0,30.03,10.0,East,6.9,,Mostly Cloudy,False,False,False,False,False,False,False,False,False,False,False,False,False,Night,33.6_-84.2
A-2593005,3,2018-10-14 18:54:56,2018-10-14 19:24:16,33.6988,-84.26168,1.182,Decatur,DeKalb,GA,30034,US/Eastern,KATL,2018-10-14 18:52:00,77.0,,52.0,30.07,10.0,SE,6.9,,Scattered Clouds,False,False,False,False,False,False,False,False,False,False,False,False,False,Day,33.6_-84.2
A-2593360,2,2018-10-15 04:18:56,2018-10-15 04:48:55,33.60728,-84.29536,0.632,Ellenwood,Clayton,GA,30294,US/Eastern,KATL,2018-10-15 03:52:00,63.0,,90.0,30.12,10.0,East,6.9,,Partly Cloudy,False,False,False,False,True,False,False,False,False,False,False,False,False,Night,33.6_-84.2
A-2598770,2,2018-10-25 19:08:13,2018-10-25 19:38:11,33.69897,-84.26148,0.273,Decatur,DeKalb,GA,30034,US/Eastern,KATL,2018-10-25 18:52:00,55.0,,57.0,30.02,10.0,East,13.8,,Overcast,False,False,False,False,False,False,False,False,False,False,False,False,False,Night,33.6_-84.2
A-2599802,4,2018-10-27 01:35:57,2018-10-27 02:05:36,33.69897,-84.26148,3.2710000000000004,Decatur,DeKalb,GA,30034,US/Eastern,KATL,2018-10-27 01:34:00,53.1,,93.0,29.77,10.0,West,10.4,,Overcast,False,False,False,False,False,False,False,False,False,False,False,False,False,Night,33.6_-84.2
A-2600103,3,2018-10-28 16:19:28,2018-10-28 16:48:55,33.6988,-84.26168,0.955,Decatur,DeKalb,GA,30034,US/Eastern,KATL,2018-10-28 15:52:00,72.0,,49.0,30.01,10.0,WSW,9.2,,Partly Cloudy,False,False,False,False,False,False,False,False,False,False,False,False,False,Day,33.6_-84.2
A-2600500,2,2018-10-29 17:40:59,2018-10-29 18:10:37,33.69891,-84.26978000000003,0.466,Decatur,DeKalb,GA,30034,US/Eastern,KATL,2018-10-29 17:52:00,66.9,,32.0,30.1,10.0,NW,10.4,,Clear,False,False,False,False,False,False,False,False,False,False,False,False,False,Day,33.6_-84.2
A-2609319,4,2018-09-14 07:27:23,2018-09-14 07:56:59,33.60728,-84.29536,0.39,Ellenwood,Clayton,GA,30294,US/Eastern,KATL,2018-09-14 07:52:00,75.0,,87.0,30.01,10.0,NW,5.8,,Mostly Cloudy,False,False,False,False,True,False,False,False,False,False,False,False,False,Day,33.6_-84.2
A-2619856,4,2018-08-10 07:14:15,2018-08-10 13:14:15,33.699090000000005,-84.27083,3.018,Decatur,DeKalb,GA,30034,US/Eastern,KATL,2018-08-10 06:52:00,71.1,,93.0,30.02,3.0,WNW,6.9,,Overcast,False,False,False,False,False,False,False,False,False,False,False,False,False,Day,33.6_-84.2
A-2625906,4,2018-08-25 14:49:56,2018-08-25 15:19:55,33.69891,-84.26978000000003,2.115,Decatur,DeKalb,GA,30034,US/Eastern,KATL,2018-08-25 14:52:00,84.9,,48.0,30.19,10.0,Calm,,,Partly Cloudy,False,False,False,False,False,False,False,False,False,False,False,False,False,Day,33.6_-84.2
A-2638136,2,2018-07-27 16:20:20,2018-07-27 22:20:20,33.69891,-84.26978000000003,0.466,Decatur,DeKalb,GA,30034,US/Eastern,KATL,2018-07-27 15:52:00,91.0,,42.0,30.01,10.0,NW,11.5,,Mostly Cloudy,False,False,False,False,False,False,False,False,False,False,False,False,False,Day,33.6_-84.2
A-2641916,3,2018-06-08 07:37:43,2018-06-08 13:37:43,33.69897,-84.26148,0.5379999999999999,Decatur,DeKalb,GA,30034,US/Eastern,KATL,2018-06-08 07:52:00,75.9,,71.0,30.12,10.0,ENE,8.1,,Mostly Cloudy,False,False,False,False,False,False,False,False,False,False,False,False,False,Day,33.6_-84.2
A-2643391,3,2018-06-13 17:27:43,2018-06-13 23:27:43,33.69891,-84.26978000000003,0.466,Decatur,DeKalb,GA,30034,US/Eastern,KATL,2018-06-13 17:52:00,87.1,,55.0,29.98,10.0,West,6.9,,Mostly Cloudy,False,False,False,False,False,False,False,False,False,False,False,False,False,Day,33.6_-84.2
A-2651894,3,2018-05-05 21:44:10,2018-05-06 03:44:10,33.69897,-84.26148,0.5379999999999999,Decatur,DeKalb,GA,30034,US/Eastern,KATL,2018-05-05 21:52:00,71.1,,81.0,29.96,10.0,South,3.5,,Mostly Cloudy,False,False,False,False,False,False,False,False,False,False,False,False,False,Night,33.6_-84.2
A-2656091,2,2018-05-17 19:03:54,2018-05-18 01:03:54,33.61628,-84.29722,0.242,Ellenwood,Clayton,GA,30294,US/Eastern,KATL,2018-05-17 18:52:00,79.0,,64.0,29.82,10.0,South,9.2,,Mostly Cloudy,False,False,False,False,False,False,False,False,False,False,False,False,False,Day,33.6_-84.2
A-2657921,4,2018-05-23 12:30:11,2018-05-23 18:30:11,33.61172,-84.29688,0.105,Ellenwood,Clayton,GA,30294,US/Eastern,KATL,2018-05-23 12:17:00,77.0,,74.0,30.11,10.0,North,8.1,,Mostly Cloudy,False,False,False,False,False,False,False,False,False,False,False,False,False,Day,33.6_-84.2
A-2658392,2,2018-05-24 22:27:54,2018-05-25 04:27:54,33.69897,-84.26148,0.5379999999999999,Decatur,DeKalb,GA,30034,US/Eastern,KATL,2018-05-24 22:52:00,72.0,,84.0,30.09,10.0,East,12.7,0.0,Mostly Cloudy,False,False,False,False,False,False,False,False,False,False,False,False,False,Night,33.6_-84.2
A-2660885,2,2018-04-02 09:49:31,2018-04-02 15:49:31,33.69891,-84.26978000000003,0.466,Decatur,DeKalb,GA,30034,US/Eastern,KATL,2018-04-02 09:52:00,68.0,,50.0,30.01,10.0,West,6.9,,Mostly Cloudy,False,False,False,False,False,False,False,False,False,False,False,False,False,Day,33.6_-84.2
A-2666377,3,2018-04-17 19:20:29,2018-04-18 01:20:29,33.69897,-84.26148,0.5379999999999999,Decatur,DeKalb,GA,30034,US/Eastern,KATL,2018-04-17 18:52:00,75.0,,33.0,29.94,10.0,WSW,15.0,,Clear,False,False,False,False,False,False,False,False,False,False,False,False,False,Day,33.6_-84.2
A-2670585,2,2018-04-27 10:38:11,2018-04-27 16:38:11,33.60728,-84.29536,0.19,Ellenwood,Clayton,GA,30294,US/Eastern,KATL,2018-04-27 10:52:00,61.0,,67.0,29.89,10.0,NNW,12.7,,Partly Cloudy,False,False,False,False,True,False,False,False,False,False,False,False,False,Day,33.6_-84.2
A-2681669,3,2018-03-26 15:49:17,2018-03-26 21:49:17,33.69891,-84.26978000000003,0.466,Decatur,DeKalb,GA,30034,US/Eastern,KATL,2018-03-26 15:52:00,48.0,,52.0,30.39,10.0,East,15.0,,Overcast,False,False,False,False,False,False,False,False,False,False,False,False,False,Day,33.6_-84.2
A-2689774,2,2018-02-12 15:31:42,2018-02-12 21:31:42,33.69891,-84.26978000000003,0.466,Decatur,DeKalb,GA,30034,US/Eastern,KATL,2018-02-12 15:52:00,57.9,,81.0,30.32,10.0,Calm,,,Overcast,False,False,False,False,False,False,False,False,False,False,False,False,False,Day,33.6_-84.2
A-2691924,2,2018-02-16 10:39:35,2018-02-16 16:39:35,33.69891,-84.26978000000003,0.466,Decatur,DeKalb,GA,30034,US/Eastern,KATL,2018-02-16 10:52:00,71.1,,68.0,30.06,10.0,WSW,13.8,,Scattered Clouds,False,False,False,False,False,False,False,False,False,False,False,False,False,Day,33.6_-84.2
A-2691982,2,2018-02-16 18:50:51,2018-02-17 00:50:51,33.621144,-84.29796999999998,0.787,Ellenwood,Clayton,GA,30294,US/Eastern,KATL,2018-02-16 18:52:00,66.9,,84.0,30.08,10.0,WSW,9.2,,Overcast,False,False,False,False,False,False,False,False,False,False,False,False,False,Night,33.6_-84.2
A-2694529,3,2018-02-22 16:14:47,2018-02-22 22:14:47,33.69891,-84.26978000000003,0.466,Decatur,DeKalb,GA,30034,US/Eastern,KATL,2018-02-22 15:52:00,79.0,,60.0,30.35,10.0,South,6.9,,Scattered Clouds,False,False,False,False,False,False,False,False,False,False,False,False,False,Day,33.6_-84.2
A-2698040,4,2018-01-03 21:46:51,2018-01-04 03:46:51,33.61628,-84.29722,0.4479999999999999,Ellenwood,Clayton,GA,30294,US/Eastern,KATL,2018-01-03 23:52:00,28.9,17.7,40.0,30.05,10.0,WNW,15.0,,Clear,False,False,False,False,False,False,False,False,False,False,False,False,False,Night,33.6_-84.2
A-2707241,3,2018-01-23 20:50:28,2018-01-24 02:50:28,33.69891,-84.26978000000003,0.466,Decatur,DeKalb,GA,30034,US/Eastern,KATL,2018-01-23 20:52:00,46.0,41.0,61.0,30.12,10.0,WNW,10.4,,Scattered Clouds,False,False,False,False,False,False,False,False,False,False,False,False,False,Night,33.6_-84.2
A-2708497,2,2018-01-25 11:32:29,2018-01-25 17:32:29,33.69897,-84.26148,0.5379999999999999,Decatur,DeKalb,GA,30034,US/Eastern,KATL,2018-01-25 11:52:00,50.0,,39.0,30.53,10.0,North,8.1,,Partly Cloudy,False,False,False,False,False,False,False,False,False,False,False,False,False,Day,33.6_-84.2
A-2709961,2,2018-01-29 12:19:46,2018-01-29 18:19:46,33.69897,-84.26148,0.5379999999999999,Decatur,DeKalb,GA,30034,US/Eastern,KATL,2018-01-29 11:52:00,53.1,,47.0,30.12,10.0,NNW,18.4,,Partly Cloudy,False,False,False,False,False,False,False,False,False,False,False,False,False,Day,33.6_-84.2
A-2711507,2,2017-11-01 16:15:29,2017-11-01 22:15:29,33.609792,-84.29535,0.0,Ellenwood,Clayton,GA,30294,US/Eastern,KATL,2017-11-01 15:52:00,69.1,,51.0,30.12,10.0,SSW,9.2,,Mostly Cloudy,False,False,False,False,False,False,False,False,False,False,False,False,False,Day,33.6_-84.2
A-2717676,2,2017-12-13 19:51:43,2017-12-14 01:51:43,33.699432,-84.265345,0.0,Decatur,DeKalb,GA,30034-1675,US/Eastern,KATL,2017-12-13 19:52:00,44.1,39.0,37.0,29.88,10.0,SW,9.2,,Clear,False,False,False,False,False,False,False,False,False,False,False,False,False,Night,33.6_-84.2
A-2719676,3,2017-12-18 17:41:10,2017-12-18 23:41:10,33.69891,-84.26978000000003,0.466,Decatur,DeKalb,GA,30034,US/Eastern,KATL,2017-12-18 17:52:00,57.9,,90.0,30.17,10.0,SSW,5.8,,Mostly Cloudy,False,False,False,False,False,False,False,False,False,False,False,False,False,Night,33.6_-84.2
A-2719694,2,2017-12-18 19:08:52,2017-12-19 01:08:52,33.69891,-84.26978000000003,0.466,Decatur,DeKalb,GA,30034,US/Eastern,KATL,2017-12-18 18:52:00,57.0,,96.0,30.19,10.0,West,4.6,,Mostly Cloudy,False,False,False,False,False,False,False,False,False,False,False,False,False,Night,33.6_-84.2
A-2720961,3,2017-12-20 06:53:50,2017-12-20 12:53:50,33.69891,-84.26978000000003,0.466,Decatur,DeKalb,GA,30034,US/Eastern,KATL,2017-12-20 06:52:00,64.0,,96.0,29.94,10.0,SSW,10.4,0.0,Overcast,False,False,False,False,False,False,False,False,False,False,False,False,False,Night,33.6_-84.2
A-2723046,3,2017-12-26 07:01:19,2017-12-26 13:01:19,33.69897,-84.26148,0.5379999999999999,Decatur,DeKalb,GA,30034,US/Eastern,KATL,2017-12-26 06:52:00,30.9,23.5,61.0,30.45,10.0,East,8.1,,Scattered Clouds,False,False,False,False,False,False,False,False,False,False,False,False,False,Night,33.6_-84.2
A-2726543,3,2017-11-07 12:34:16,2017-11-07 18:34:16,33.69897,-84.26148,0.5379999999999999,Decatur,DeKalb,GA,30034,US/Eastern,KATL,2017-11-07 12:50:00,78.8,,65.0,30.01,10.0,WSW,10.4,,Mostly Cloudy,False,False,False,False,False,False,False,False,False,False,False,False,False,Day,33.6_-84.2
A-2740989,3,2017-10-13 23:34:52,2017-10-14 05:34:52,33.69897,-84.26148,3.2710000000000004,Decatur,DeKalb,GA,30034,US/Eastern,KATL,2017-10-13 23:52:00,72.0,,87.0,30.22,10.0,East,10.4,,Overcast,False,False,False,False,False,False,False,False,False,False,False,False,False,Night,33.6_-84.2
A-2747507,2,2017-09-01 05:36:45,2017-09-01 11:36:45,33.69897,-84.26148,2.7710000000000004,Decatur,DeKalb,GA,30034,US/Eastern,KATL,2017-09-01 05:52:00,73.0,,90.0,29.85,10.0,South,16.1,,Mostly Cloudy,False,False,False,False,False,False,False,False,False,False,False,False,False,Night,33.6_-84.2
A-2749548,3,2017-09-07 20:04:40,2017-09-08 02:04:40,33.69891,-84.26978000000003,0.466,Decatur,DeKalb,GA,30034,US/Eastern,KATL,2017-09-07 19:52:00,71.1,,41.0,30.07,10.0,NW,8.1,,Clear,False,False,False,False,False,False,False,False,False,False,False,False,False,Night,33.6_-84.2
A-2756560,2,2017-09-27 00:20:27,2017-09-27 06:20:27,33.699090000000005,-84.27083,2.784,Decatur,DeKalb,GA,30034,US/Eastern,KATL,2017-09-27 00:52:00,72.0,,81.0,29.94,10.0,NW,6.9,,Partly Cloudy,False,False,False,False,False,False,False,False,False,False,False,False,False,Night,33.6_-84.2
A-2765108,2,2017-08-15 17:52:40,2017-08-15 23:52:40,33.61628,-84.29722,0.6509999999999999,Ellenwood,Clayton,GA,30294,US/Eastern,KATL,2017-08-15 17:52:00,87.1,,61.0,29.92,10.0,West,8.1,,Mostly Cloudy,False,False,False,False,False,False,False,False,False,False,False,False,False,Day,33.6_-84.2
A-2766146,2,2017-08-17 10:33:10,2017-08-17 16:33:10,33.69891,-84.26978000000003,0.466,Decatur,DeKalb,GA,30034,US/Eastern,KATL,2017-08-17 10:52:00,86.0,,65.0,30.08,10.0,WNW,10.4,,Scattered Clouds,False,False,False,False,False,False,False,False,False,False,False,False,False,Day,33.6_-84.2
A-2771402,3,2017-08-30 14:32:25,2017-08-30 20:32:25,33.69891,-84.26978000000003,0.466,Decatur,DeKalb,GA,30034,US/Eastern,KATL,2017-08-30 14:52:00,71.1,,93.0,30.08,5.0,ESE,6.9,0.19,Light Rain,False,False,False,False,False,False,False,False,False,False,False,False,False,Day,33.6_-84.2
A-2771885,2,2019-04-03 08:21:48,2019-04-03 08:51:39,33.60728,-84.29536,0.632,Ellenwood,Clayton,GA,30294,US/Eastern,KATL,2019-04-03 07:52:00,45.0,43.0,63.0,29.2,10.0,NNW,5.0,0.0,Partly Cloudy,False,False,False,False,True,False,False,False,False,False,False,False,False,Day,33.6_-84.2
A-2773026,3,2019-04-05 22:56:41,2019-04-05 23:23:45,33.60667,-84.295664,0.654,Ellenwood,Clayton,GA,30294,US/Eastern,KATL,2019-04-05 22:52:00,65.0,65.0,75.0,29.01,10.0,ESE,3.0,0.0,Partly Cloudy,False,False,False,False,False,False,False,False,False,False,False,False,False,Night,33.6_-84.2
A-2773029,3,2019-04-06 00:43:56,2019-04-06 01:13:21,33.60667,-84.295664,0.654,Ellenwood,Clayton,GA,30294,US/Eastern,KATL,2019-04-06 00:52:00,63.0,63.0,81.0,29.02,10.0,ESE,5.0,0.0,Mostly Cloudy,False,False,False,False,False,False,False,False,False,False,False,False,False,Night,33.6_-84.2
A-2774250,3,2019-04-08 09:08:44,2019-04-08 09:38:07,33.60728,-84.29536,0.632,Ellenwood,Clayton,GA,30294,US/Eastern,KATL,2019-04-08 08:52:00,68.0,68.0,87.0,28.92,6.0,S,8.0,0.0,Cloudy,False,False,False,False,True,False,False,False,False,False,False,False,False,Day,33.6_-84.2
A-2777831,2,2019-04-14 14:29:41,2019-04-14 14:57:24,33.699090000000005,-84.27083,2.316,Decatur,DeKalb,GA,30034,US/Eastern,KATL,2019-04-14 14:52:00,77.0,77.0,71.0,28.55,10.0,S,17.0,0.0,Mostly Cloudy,False,False,False,False,False,False,False,False,False,False,False,False,False,Day,33.6_-84.2
A-2782261,2,2019-04-23 08:48:38,2019-04-23 09:18:00,33.69897,-84.26148,0.5379999999999999,Decatur,DeKalb,GA,30034,US/Eastern,KATL,2019-04-23 08:52:00,66.0,66.0,59.0,29.04,10.0,WNW,5.0,0.0,Fair,False,False,False,False,False,False,False,False,False,False,False,False,False,Day,33.6_-84.2
A-2783799,3,2019-04-26 16:00:31,2019-04-26 16:29:39,33.69891,-84.26978000000003,0.466,Decatur,DeKalb,GA,30034,US/Eastern,KATL,2019-04-26 15:52:00,73.0,73.0,27.0,28.79,10.0,NW,22.0,0.0,Fair / Windy,False,False,False,False,False,False,False,False,False,False,False,False,False,Day,33.6_-84.2
A-2784605,2,2019-04-29 06:07:54,2019-04-29 06:36:18,33.69891,-84.26978000000003,0.466,Decatur,DeKalb,GA,30034,US/Eastern,KATL,2019-04-29 05:52:00,65.0,65.0,81.0,29.03,10.0,S,6.0,0.0,Mostly Cloudy,False,False,False,False,False,False,False,False,False,False,False,False,False,Night,33.6_-84.2
A-2791268,2,2019-05-14 11:11:02,2019-05-14 11:39:56,33.69897,-84.26148,0.5379999999999999,Decatur,DeKalb,GA,30034,US/Eastern,KATL,2019-05-14 10:52:00,63.0,63.0,54.0,28.94,10.0,NW,13.0,0.0,Fair,False,False,False,False,False,False,False,False,False,False,False,False,False,Day,33.6_-84.2
A-2791292,2,2019-05-14 16:37:21,2019-05-14 17:04:39,33.69891,-84.26978000000003,0.466,Decatur,DeKalb,GA,30034,US/Eastern,KATL,2019-05-14 16:52:00,72.0,72.0,38.0,28.88,10.0,WNW,8.0,0.0,Fair,False,False,False,False,False,False,False,False,False,False,False,False,False,Day,33.6_-84.2
A-2791817,2,2019-05-15 10:35:13,2019-05-15 11:03:32,33.69897,-84.26148,0.483,Decatur,DeKalb,GA,30034,US/Eastern,KATL,2019-05-15 10:52:00,67.0,67.0,54.0,28.98,10.0,S,6.0,0.0,Fair,False,False,False,False,False,False,False,False,False,False,False,False,False,Day,33.6_-84.2
A-2792916,4,2019-05-17 08:12:04,2019-05-17 13:11:55,33.60728,-84.29536,0.632,Ellenwood,Clayton,GA,30294,US/Eastern,KATL,2019-05-17 07:52:00,68.0,68.0,78.0,28.94,10.0,W,7.0,0.0,Partly Cloudy,False,False,False,False,True,False,False,False,False,False,False,False,False,Day,33.6_-84.2
A-2800383,2,2019-05-02 09:02:30,2019-05-02 09:31:30,33.6988,-84.26168,1.843,Decatur,DeKalb,GA,30034,US/Eastern,KATL,2019-05-02 08:52:00,69.0,69.0,78.0,29.12,9.0,SSE,8.0,0.0,Partly Cloudy,False,False,False,False,False,False,False,False,False,False,False,False,False,Day,33.6_-84.2
A-2800804,4,2019-06-02 13:12:55,2019-06-02 13:41:55,33.61628,-84.29722,0.6609999999999999,Ellenwood,Clayton,GA,30294,US/Eastern,KATL,2019-06-02 12:52:00,86.0,86.0,40.0,28.85,10.0,NW,12.0,0.0,Mostly Cloudy,False,False,False,False,False,False,False,False,False,False,False,False,False,Day,33.6_-84.2
A-2801163,2,2019-06-03 08:42:57,2019-06-03 09:11:29,33.617439000000005,-84.297399,0.928,Ellenwood,Clayton,GA,30294,US/Eastern,KATL,2019-06-03 08:52:00,75.0,75.0,71.0,28.91,10.0,NW,6.0,0.0,Fair,False,False,False,False,True,False,False,False,False,False,False,False,False,Day,33.6_-84.2
A-2801181,3,2019-06-03 17:54:15,2019-06-03 18:23:08,33.69891,-84.26978000000003,0.466,Decatur,DeKalb,GA,30034,US/Eastern,KATL,2019-06-03 17:52:00,88.0,88.0,35.0,28.89,10.0,NNW,8.0,0.0,Mostly Cloudy,False,False,False,False,False,False,False,False,False,False,False,False,False,Day,33.6_-84.2
A-2802939,2,2019-06-06 16:32:24,2019-06-06 17:00:53,33.69891,-84.26978000000003,0.466,Decatur,DeKalb,GA,30034,US/Eastern,KATL,2019-06-06 16:52:00,75.0,75.0,73.0,28.83,10.0,S,9.0,0.0,Cloudy,False,False,False,False,False,False,False,False,False,False,False,False,False,Day,33.6_-84.2
A-2808115,3,2019-06-18 20:23:11,2019-06-18 20:51:31,33.69891,-84.26978000000003,0.466,Decatur,DeKalb,GA,30034,US/Eastern,KATL,2019-06-18 20:52:00,73.0,73.0,90.0,28.86,10.0,S,3.0,0.0,Light Rain,False,False,False,False,False,False,False,False,False,False,False,False,False,Day,33.6_-84.2
A-2809049,2,2019-06-20 09:16:42,2019-06-20 09:44:26,33.69891,-84.26978000000003,0.466,Decatur,DeKalb,GA,30034,US/Eastern,KATL,2019-06-20 08:52:00,77.0,77.0,79.0,28.79,10.0,SW,10.0,0.0,Mostly Cloudy,False,False,False,False,False,False,False,False,False,False,False,False,False,Day,33.6_-84.2
A-2812528,2,2019-06-28 20:38:37,2019-06-28 21:07:54,33.69891,-84.26978000000003,0.466,Decatur,DeKalb,GA,30034,US/Eastern,KATL,2019-06-28 20:52:00,83.0,83.0,49.0,29.05,10.0,SE,7.0,0.0,Mostly Cloudy,False,False,False,False,False,False,False,False,False,False,False,False,False,Day,33.6_-84.2
A-2821597,2,2019-07-02 09:22:07,2019-07-02 09:51:35,33.69891,-84.26978000000003,0.466,Decatur,DeKalb,GA,30034,US/Eastern,KATL,2019-07-02 09:52:00,85.0,85.0,63.0,28.97,10.0,WNW,7.0,0.0,Fair,False,False,False,False,False,False,False,False,False,False,False,False,False,Day,33.6_-84.2
A-2827910,3,2019-07-17 14:01:47,2019-07-17 14:30:29,33.69891,-84.26978000000003,0.466,Decatur,DeKalb,GA,30034,US/Eastern,KATL,2019-07-17 13:52:00,93.0,93.0,42.0,29.02,10.0,W,13.0,0.0,Mostly Cloudy,False,False,False,False,False,False,False,False,False,False,False,False,False,Day,33.6_-84.2
A-2828913,4,2019-07-19 19:17:31,2019-07-19 19:46:01,33.6988,-84.26168,1.182,Decatur,DeKalb,GA,30034,US/Eastern,KATL,2019-07-19 18:52:00,79.0,79.0,79.0,28.97,10.0,SW,3.0,0.0,Mostly Cloudy,False,False,False,False,False,False,False,False,False,False,False,False,False,Day,33.6_-84.2
A-2830028,3,2019-07-22 16:28:47,2019-07-22 16:57:28,33.69897,-84.26148,0.5379999999999999,Decatur,DeKalb,GA,30034,US/Eastern,KATL,2019-07-22 16:52:00,90.0,90.0,50.0,28.87,10.0,SW,9.0,0.0,Mostly Cloudy,False,False,False,False,False,False,False,False,False,False,False,False,False,Day,33.6_-84.2
A-2832909,3,2019-07-28 15:33:22,2019-07-28 16:00:06,33.69897,-84.26148,0.5379999999999999,Decatur,DeKalb,GA,30034,US/Eastern,KATL,2019-07-28 15:52:00,87.0,87.0,40.0,29.09,10.0,VAR,3.0,0.0,Mostly Cloudy,False,False,False,False,False,False,False,False,False,False,False,False,False,Day,33.6_-84.2
A-2835567,3,2019-08-02 14:36:32,2019-08-02 15:04:08,33.69889000000001,-84.26978000000003,0.466,Decatur,DeKalb,GA,30034,US/Eastern,KATL,2019-08-02 14:52:00,86.0,86.0,55.0,28.94,10.0,E,8.0,0.0,Mostly Cloudy,False,False,False,False,False,False,False,False,False,False,False,False,False,Day,33.6_-84.2
A-2838343,2,2019-08-08 20:59:33,2019-08-08 21:27:57,33.69889000000001,-84.26978000000003,0.466,Decatur,DeKalb,GA,30034,US/Eastern,KATL,2019-08-08 20:52:00,84.0,84.0,61.0,28.86,10.0,WNW,7.0,0.0,Mostly Cloudy,False,False,False,False,False,False,False,False,False,False,False,False,False,Night,33.6_-84.2
