ID,Severity,Start_Time,End_Time,Start_Lat,Start_Lng,Distance(mi),City,County,State,Zipcode,Timezone,Airport_Code,Weather_Timestamp,Temperature(F),Wind_Chill(F),Humidity(%),Pressure(in),Visibility(mi),Wind_Direction,Wind_Speed(mph),Precipitation(in),Weather_Condition,Amenity,Bump,Crossing,Give_Way,Junction,No_Exit,Railway,Roundabout,Station,Stop,Traffic_Calming,Traffic_Signal,Turning_Loop,Sunrise_Sunset,DF_Matching
A-78523,4,2016-09-07 10:02:15,2016-09-07 16:02:15,31.59271,-83.211596,1.06,Ocilla,Irwin,GA,31774,US/Eastern,KFZG,2016-09-07 09:55:00,79.7,,81.0,30.27,10.0,SW,5.8,,Clear,False,False,False,False,False,False,False,False,False,False,False,False,False,Day,31.5_-83.2
A-2652282,4,2018-05-07 22:56:00,2018-05-08 04:56:00,31.598324,-83.281786,0.023,Ocilla,Irwin,GA,31774,US/Eastern,KFZG,2018-05-07 22:55:00,65.1,,74.0,30.06,10.0,Calm,,,Overcast,False,False,False,False,False,False,False,False,False,True,False,False,False,Night,31.5_-83.2
A-2652283,4,2018-05-07 22:56:00,2018-05-08 04:56:00,31.598167,-83.281432,0.023,Ocilla,Irwin,GA,31774,US/Eastern,KFZG,2018-05-07 22:55:00,65.1,,74.0,30.06,10.0,Calm,,,Overcast,False,False,False,False,False,False,False,False,False,False,False,False,False,Night,31.5_-83.2
A-2652600,4,2018-05-08 02:38:45,2018-05-08 08:38:45,31.596874,-83.278419,1.048,Ocilla,Irwin,GA,31774,US/Eastern,KFZG,2018-05-08 02:35:00,60.3,,99.0,30.04,10.0,Calm,,,Overcast,False,False,False,False,False,False,False,False,False,False,False,False,False,Night,31.5_-83.2
A-2652601,4,2018-05-08 02:38:45,2018-05-08 08:38:45,31.594396000000003,-83.260906,1.045,Ocilla,Irwin,GA,31774-1413,US/Eastern,KFZG,2018-05-08 02:35:00,60.3,,99.0,30.04,10.0,Calm,,,Overcast,False,False,False,False,False,False,False,False,False,True,False,False,False,Night,31.5_-83.2
A-2740449,4,2017-10-12 12:58:09,2017-10-12 18:58:09,31.592661,-83.218193,0.3829999999999999,Ocilla,Irwin,GA,31774-3025,US/Eastern,KFZG,2017-10-12 12:55:00,87.3,,66.0,30.07,10.0,North,4.6,,Scattered Clouds,False,False,False,False,False,False,False,False,False,False,False,False,False,Day,31.5_-83.2
A-2740450,4,2017-10-12 12:58:09,2017-10-12 18:58:09,31.59271,-83.211678,0.3829999999999999,Ocilla,Irwin,GA,31774,US/Eastern,KFZG,2017-10-12 12:55:00,87.3,,66.0,30.07,10.0,North,4.6,,Scattered Clouds,False,False,False,False,False,False,False,False,False,False,False,False,False,Day,31.5_-83.2
A-2740472,4,2017-10-12 15:46:10,2017-10-12 21:46:10,31.59266,-83.2184,0.0,Ocilla,Irwin,GA,31774-3024,US/Eastern,KFZG,2017-10-12 15:55:00,90.9,,57.0,30.01,7.0,NE,4.6,,Scattered Clouds,False,False,False,False,False,False,False,False,False,False,False,False,False,Day,31.5_-83.2
