ID,Severity,Start_Time,End_Time,Start_Lat,Start_Lng,Distance(mi),City,County,State,Zipcode,Timezone,Airport_Code,Weather_Timestamp,Temperature(F),Wind_Chill(F),Humidity(%),Pressure(in),Visibility(mi),Wind_Direction,Wind_Speed(mph),Precipitation(in),Weather_Condition,Amenity,Bump,Crossing,Give_Way,Junction,No_Exit,Railway,Roundabout,Station,Stop,Traffic_Calming,Traffic_Signal,Turning_Loop,Sunrise_Sunset,DF_Matching
A-60487,4,2016-09-15 14:47:07,2016-09-15 20:47:07,31.871886,-82.594769,0.004,Hazlehurst,Jeff Davis,GA,31539-6802,US/Eastern,KAZE,2016-09-15 14:55:00,89.1,,54.0,30.03,10.0,Calm,,,Scattered Clouds,False,False,True,False,False,False,False,False,False,False,False,False,False,Day,31.8_-82.5
A-192927,2,2017-05-25 11:48:38,2017-05-25 17:48:38,31.87728,-82.59697,0.0,Hazlehurst,Jeff Davis,GA,31539-6877,US/Eastern,KAZE,2017-05-25 11:55:00,72.0,,54.0,29.81,10.0,WSW,10.4,,Scattered Clouds,False,False,False,False,False,False,False,False,False,False,False,False,False,Day,31.8_-82.5
A-192928,2,2017-05-25 11:48:38,2017-05-25 17:48:38,31.87728,-82.59697,0.0,Hazlehurst,Jeff Davis,GA,31539-6877,US/Eastern,KAZE,2017-05-25 11:55:00,72.0,,54.0,29.81,10.0,WSW,10.4,,Scattered Clouds,False,False,False,False,False,False,False,False,False,False,False,False,False,Day,31.8_-82.5
A-333955,4,2021-09-20 17:59:00.000000000,2021-09-20 20:45:00.000000000,31.855133,-82.56213199999998,0.066,Hazlehurst,Jeff Davis,GA,31539,US/Eastern,KAZE,2021-09-20 17:55:00,78.0,78.0,90.0,29.7,10.0,E,8.0,,Light Rain,False,False,False,False,False,False,False,False,False,False,False,False,False,Day,31.8_-82.5
A-381693,4,2021-09-20 17:59:00,2021-09-20 20:45:00,31.855454,-82.563209,0.067,Hazlehurst,Jeff Davis,GA,31539-5935,US/Eastern,KAZE,2021-09-20 17:55:00,78.0,78.0,90.0,29.7,10.0,E,8.0,,Light Rain,False,False,False,False,False,False,False,False,False,False,False,False,False,Day,31.8_-82.5
A-712828,2,2021-09-20 17:59:00,2021-09-20 20:45:00,31.855133,-82.56213199999998,0.066,Hazlehurst,Jeff Davis,GA,31539,US/Eastern,KAZE,2021-09-20 17:55:00,78.0,78.0,90.0,29.7,10.0,E,8.0,,Light Rain,False,False,False,False,False,False,False,False,False,False,False,False,False,Day,31.8_-82.5
A-1808042,2,2020-11-20 02:49:00,2020-11-20 05:45:00,31.843782,-82.53288,0.022,Hazlehurst,Jeff Davis,GA,31539,US/Eastern,KAZE,2020-11-20 02:55:00,56.0,56.0,68.0,30.18,10.0,NE,5.0,,Cloudy,False,False,False,False,False,False,False,False,False,False,False,False,False,Night,31.8_-82.5
A-2713899,2,2017-12-05 14:00:23,2017-12-05 20:00:23,31.878190000000004,-82.59161999999998,0.0,Hazlehurst,Jeff Davis,GA,31539,US/Eastern,KAZE,2017-12-05 13:55:00,78.4,,39.0,30.12,10.0,SSW,9.2,,Scattered Clouds,False,False,False,False,False,False,False,False,False,False,False,False,False,Day,31.8_-82.5
