ID,Severity,Start_Time,End_Time,Start_Lat,Start_Lng,Distance(mi),City,County,State,Zipcode,Timezone,Airport_Code,Weather_Timestamp,Temperature(F),Wind_Chill(F),Humidity(%),Pressure(in),Visibility(mi),Wind_Direction,Wind_Speed(mph),Precipitation(in),Weather_Condition,Amenity,Bump,Crossing,Give_Way,Junction,No_Exit,Railway,Roundabout,Station,Stop,Traffic_Calming,Traffic_Signal,Turning_Loop,Sunrise_Sunset,DF_Matching
A-2408016,4,2019-10-07 20:21:53,2019-10-07 20:51:02,34.62867,-83.59549,0.58,Clarkesville,Habersham,GA,30523-4137,US/Eastern,KTOC,2019-10-07 20:15:00,71.0,71.0,75.0,28.97,10.0,CALM,0.0,,Fair,False,False,False,False,False,False,False,False,False,False,False,False,False,Night,34.6_-83.5
A-2593392,4,2018-10-15 17:04:46,2018-10-15 17:34:07,34.626952,-83.53250799999998,1.068,Clarkesville,Habersham,GA,30523-5111,US/Eastern,KTOC,2018-10-15 16:55:00,79.9,,62.0,30.13,,WSW,6.9,,Clear,True,False,False,False,False,False,False,False,False,False,False,False,False,Day,34.6_-83.5
A-2593393,4,2018-10-15 17:04:46,2018-10-15 17:34:07,34.64228,-83.530037,1.068,Clarkesville,Habersham,GA,30523-4231,US/Eastern,KTOC,2018-10-15 16:55:00,79.9,,62.0,30.13,,WSW,6.9,,Clear,False,False,False,False,False,False,False,False,False,False,False,False,False,Day,34.6_-83.5
A-2741640,3,2017-10-17 00:21:22,2017-10-17 06:21:22,34.618319,-83.573719,0.042,Clarkesville,Habersham,GA,30523-5093,US/Eastern,KTOC,2017-10-17 00:15:00,54.1,,80.0,30.25,10.0,NE,4.6,,Clear,False,False,False,False,False,False,False,False,False,False,False,False,False,Night,34.6_-83.5
A-2757982,4,2017-09-29 09:21:14,2017-09-29 15:21:14,34.604718,-83.520261,0.319,Clarkesville,Habersham,GA,30523-6015,US/Eastern,KTOC,2017-09-29 09:15:00,74.5,,68.0,30.08,10.0,ENE,8.1,,Clear,False,False,False,False,False,False,False,False,False,False,False,False,False,Day,34.6_-83.5
A-2772999,2,2019-04-05 17:15:32,2019-04-05 17:42:24,34.63392,-83.53161999999998,0.0,Clarkesville,Habersham,GA,30523-4226,US/Eastern,KTOC,2019-04-05 17:15:00,65.0,65.0,73.0,29.0,10.0,WSW,7.0,,Mostly Cloudy,False,False,False,False,False,False,False,False,False,False,False,False,False,Day,34.6_-83.5
