ID,Severity,Start_Time,End_Time,Start_Lat,Start_Lng,Distance(mi),City,County,State,Zipcode,Timezone,Airport_Code,Weather_Timestamp,Temperature(F),Wind_Chill(F),Humidity(%),Pressure(in),Visibility(mi),Wind_Direction,Wind_Speed(mph),Precipitation(in),Weather_Condition,Amenity,Bump,Crossing,Give_Way,Junction,No_Exit,Railway,Roundabout,Station,Stop,Traffic_Calming,Traffic_Signal,Turning_Loop,Sunrise_Sunset,DF_Matching
A-2406069,4,2019-10-05 18:48:06,2019-10-05 19:16:14,31.87555,-84.29311,0.0,Smithville,Lee,GA,31787-2411,US/Eastern,KACJ,2019-10-05 18:55:00,88.0,88.0,52.0,29.53,10.0,ESE,12.0,0.0,Mostly Cloudy,False,False,False,False,False,False,False,False,False,False,False,False,False,Day,31.8_-84.2
A-2454345,4,2019-11-11 21:44:48,2019-11-11 22:12:46,31.82367,-84.21559,0.402,Smithville,Lee,GA,31787-2638,US/Eastern,KACJ,2019-11-11 21:35:00,61.0,61.0,77.0,29.58,10.0,CALM,0.0,0.0,Fair,False,False,False,False,False,False,False,False,False,False,False,False,False,Night,31.8_-84.2
A-2473847,4,2019-09-25 17:21:52,2019-09-25 17:50:04,31.893574,-84.212189,1.828,Smithville,Lee,GA,31787,US/Eastern,KACJ,2019-09-25 17:15:00,97.0,97.0,19.0,29.38,10.0,NW,8.0,0.0,Fair,False,False,False,False,False,False,False,False,False,False,False,False,False,Day,31.8_-84.2
A-2508467,4,2019-03-25 04:46:41,2019-03-25 05:15:07,31.817358,-84.213823,0.63,Leesburg,Lee,GA,31763,US/Eastern,KABY,2019-03-25 04:53:00,50.0,,89.0,30.11,10.0,Calm,,,Clear,False,False,False,False,False,False,False,False,False,False,False,False,False,Night,31.8_-84.2
A-2757986,2,2017-09-29 10:27:59,2017-09-29 16:27:59,31.84129,-84.22375,0.0,Smithville,Lee,GA,31787-2624,US/Eastern,KACJ,2017-09-29 10:35:00,80.6,,58.0,30.02,10.0,NE,3.5,,Clear,False,False,True,False,False,False,True,False,False,False,False,False,False,Day,31.8_-84.2
