ID,Severity,Start_Time,End_Time,Start_Lat,Start_Lng,Distance(mi),City,County,State,Zipcode,Timezone,Airport_Code,Weather_Timestamp,Temperature(F),Wind_Chill(F),Humidity(%),Pressure(in),Visibility(mi),Wind_Direction,Wind_Speed(mph),Precipitation(in),Weather_Condition,Amenity,Bump,Crossing,Give_Way,Junction,No_Exit,Railway,Roundabout,Station,Stop,Traffic_Calming,Traffic_Signal,Turning_Loop,Sunrise_Sunset,DF_Matching
A-2287231,4,2020-03-03 10:26:15,2020-03-03 10:54:44,33.00077,-85.12085,0.792,Lagrange,Troup,GA,30240-8636,US/Eastern,KLGC,2020-03-03 10:35:00,63.0,63.0,97.0,29.15,4.0,WSW,9.0,,Heavy Rain,False,False,False,False,False,False,False,False,False,False,False,False,False,Day,33.0_-85.1
A-2514874,4,2019-02-02 19:39:43,2019-02-02 20:09:14,33.015113,-85.102166,0.192,Lagrange,Troup,GA,30240-8647,US/Eastern,KLGC,2019-02-02 19:35:00,56.3,,83.0,30.15,10.0,Calm,,,Overcast,False,False,False,False,False,False,False,False,False,False,False,False,False,Night,33.0_-85.1
A-2588054,4,2018-10-04 05:19:53,2018-10-04 05:49:29,33.000820000000004,-85.12079,0.0,Lagrange,Troup,GA,30240-8652,US/Eastern,KLGC,2018-10-04 05:15:00,66.6,,98.0,30.11,10.0,Calm,,,Clear,False,False,False,False,False,False,False,False,False,False,False,False,False,Night,33.0_-85.1
A-2781726,4,2019-04-23 00:36:32,2019-04-23 01:06:07,33.037465000000005,-85.177925,0.466,LaGrange,Troup,GA,30240,US/Eastern,KLGC,2019-04-23 00:35:00,56.0,56.0,98.0,29.4,10.0,CALM,0.0,,Fair,False,False,False,False,False,False,False,False,False,False,False,False,False,Night,33.0_-85.1
A-2781727,4,2019-04-23 00:36:32,2019-04-23 01:06:07,33.04149,-85.18438,0.466,Lagrange,Troup,GA,30240-8045,US/Eastern,KLGC,2019-04-23 00:35:00,56.0,56.0,98.0,29.4,10.0,CALM,0.0,,Fair,False,False,False,False,False,False,False,False,False,False,False,False,False,Night,33.0_-85.1
