ID,Severity,Start_Time,End_Time,Start_Lat,Start_Lng,Distance(mi),City,County,State,Zipcode,Timezone,Airport_Code,Weather_Timestamp,Temperature(F),Wind_Chill(F),Humidity(%),Pressure(in),Visibility(mi),Wind_Direction,Wind_Speed(mph),Precipitation(in),Weather_Condition,Amenity,Bump,Crossing,Give_Way,Junction,No_Exit,Railway,Roundabout,Station,Stop,Traffic_Calming,Traffic_Signal,Turning_Loop,Sunrise_Sunset,DF_Matching
A-718577,2,2021-10-08 18:24:00,2021-10-08 20:45:00,31.769952000000004,-84.83489399999998,0.3289999999999999,Cuthbert,Randolph,GA,39840-2962,US/Central,KEUF,2021-10-08 18:58:00,76.0,76.0,71.0,29.69,10.0,WNW,3.0,0.0,Fair,False,False,False,False,False,False,False,False,False,False,False,False,False,Day,31.7_-84.8
A-782186,2,2021-10-08 18:24:00,2021-10-08 19:39:00,31.76723,-84.830302,0.3289999999999999,Cuthbert,Randolph,GA,39840-2961,US/Central,KEUF,2021-10-08 18:58:00,76.0,76.0,71.0,29.69,10.0,WNW,3.0,0.0,Fair,False,False,False,False,False,False,False,False,False,False,False,False,False,Day,31.7_-84.8
A-1092377,2,2021-10-08 18:24:00,2021-10-08 19:39:00,31.769952000000004,-84.83489399999998,0.3289999999999999,Cuthbert,Randolph,GA,39840-2962,US/Central,KEUF,2021-10-08 18:58:00,76.0,76.0,71.0,29.69,10.0,WNW,3.0,0.0,Fair,False,False,False,False,False,False,False,False,False,False,False,False,False,Day,31.7_-84.8
A-1329172,4,2021-10-08 18:24:00.000000000,2021-10-08 18:54:00.000000000,31.76723,-84.830302,0.3289999999999999,Cuthbert,Randolph,GA,39840-2961,US/Central,KEUF,2021-10-08 18:58:00,76.0,76.0,71.0,29.69,10.0,WNW,3.0,0.0,Fair,False,False,False,False,False,False,False,False,False,False,False,False,False,Day,31.7_-84.8
A-2817956,4,2019-08-29 11:04:14,2019-08-29 11:34:01,31.767484000000003,-84.810456,0.426,Cuthbert,Randolph,GA,39840-5212,US/Central,KEUF,,,,,,,,,,,False,False,False,False,False,False,False,False,False,False,False,False,False,Day,31.7_-84.8
A-2817957,4,2019-08-29 11:04:14,2019-08-29 11:34:01,31.769483,-84.8036,0.426,Cuthbert,Randolph,GA,39840-5542,US/Central,KEUF,,,,,,,,,,,False,False,False,False,False,False,False,False,False,False,False,False,False,Day,31.7_-84.8
