ID,Severity,Start_Time,End_Time,Start_Lat,Start_Lng,Distance(mi),City,County,State,Zipcode,Timezone,Airport_Code,Weather_Timestamp,Temperature(F),Wind_Chill(F),Humidity(%),Pressure(in),Visibility(mi),Wind_Direction,Wind_Speed(mph),Precipitation(in),Weather_Condition,Amenity,Bump,Crossing,Give_Way,Junction,No_Exit,Railway,Roundabout,Station,Stop,Traffic_Calming,Traffic_Signal,Turning_Loop,Sunrise_Sunset,DF_Matching
A-938965,2,2021-10-19 16:26:00,2021-10-19 17:41:00,33.137555,-84.15199399999999,0.341,Milner,Lamar,GA,30257-3608,US/Eastern,K6A2,2021-10-19 16:35:00,73.0,73.0,31.0,29.18,10.0,CALM,0.0,0.0,Fair,False,False,False,False,False,False,False,False,False,False,False,False,False,Day,33.1_-84.1
A-2657482,2,2018-05-22 16:39:57,2018-05-22 22:39:57,33.140409000000005,-84.147791,0.716,Milner,Lamar,GA,30257-3608,US/Eastern,K6A2,2018-05-22 16:35:00,78.8,,69.0,30.03,10.0,SSW,4.6,,Mostly Cloudy,False,False,False,False,False,False,False,False,False,False,False,False,False,Day,33.1_-84.1
A-2805085,4,2019-06-11 12:49:30,2019-06-11 13:18:07,33.112606,-84.15437800000002,1.629,Barnesville,Lamar,GA,30204,US/Eastern,KOPN,2019-06-11 12:55:00,82.0,82.0,48.0,29.18,10.0,E,7.0,0.0,Partly Cloudy,False,False,False,False,False,False,False,False,False,False,False,False,False,Day,33.1_-84.1
A-2805087,4,2019-06-11 12:49:30,2019-06-11 13:18:07,33.136171999999995,-84.153409,1.629,Milner,Lamar,GA,30257-3850,US/Eastern,K6A2,2019-06-11 12:55:00,81.0,81.0,65.0,29.02,,NNE,6.0,0.0,Partly Cloudy,False,False,False,False,False,False,False,False,False,False,False,False,False,Day,33.1_-84.1
