ID,Severity,Start_Time,End_Time,Start_Lat,Start_Lng,Distance(mi),City,County,State,Zipcode,Timezone,Airport_Code,Weather_Timestamp,Temperature(F),Wind_Chill(F),Humidity(%),Pressure(in),Visibility(mi),Wind_Direction,Wind_Speed(mph),Precipitation(in),Weather_Condition,Amenity,Bump,Crossing,Give_Way,Junction,No_Exit,Railway,Roundabout,Station,Stop,Traffic_Calming,Traffic_Signal,Turning_Loop,Sunrise_Sunset,DF_Matching
A-1735729,2,2020-10-09 20:59:00,2020-10-10 01:45:00,32.015388,-80.869893,0.314,Tybee Island,Chatham,GA,31328,US/Eastern,KHXD,2020-10-09 20:55:00,77.0,77.0,89.0,30.11,8.0,E,5.0,0.0,Cloudy,False,False,False,False,False,False,False,False,False,False,False,False,False,Night,32.0_-80.8
A-1738446,2,2020-10-09 20:59:00,2020-10-10 01:45:00,32.015101,-80.870486,0.04,Tybee Island,Chatham,GA,31328,US/Eastern,KHXD,2020-10-09 20:55:00,77.0,77.0,89.0,30.11,8.0,E,5.0,0.0,Cloudy,False,False,False,False,False,False,False,False,False,False,False,False,False,Night,32.0_-80.8
A-1971021,4,2020-10-09 22:59:37,2020-10-10 02:44:07,32.019255,-80.852728,1.04,Tybee Island,Chatham,GA,31328,US/Eastern,KHXD,2020-10-09 22:55:00,79.0,79.0,78.0,30.11,10.0,VAR,7.0,0.0,Cloudy,False,False,False,False,False,False,False,False,False,False,False,False,False,Night,32.0_-80.8
A-2683080,4,2018-03-29 18:56:17,2018-03-30 00:56:17,32.015738,-80.869102,0.0,Tybee Island,Chatham,GA,31328,US/Eastern,KHXD,2018-03-29 18:50:00,66.2,,78.0,30.03,10.0,South,9.2,,Mostly Cloudy,False,False,False,False,False,False,False,False,False,False,False,False,False,Day,32.0_-80.8
A-2683081,4,2018-03-29 18:56:17,2018-03-30 00:56:17,32.015246999999995,-80.869854,0.153,Tybee Island,Chatham,GA,31328,US/Eastern,KHXD,2018-03-29 18:50:00,66.2,,78.0,30.03,10.0,South,9.2,,Mostly Cloudy,False,False,False,False,False,False,False,False,False,False,False,False,False,Day,32.0_-80.8
A-2728300,4,2017-11-10 14:26:23,2017-11-10 20:26:23,32.005765000000004,-80.843857,0.184,Tybee Island,Chatham,GA,31328-9722,US/Eastern,KHXD,2017-11-10 14:50:00,66.2,,43.0,30.15,10.0,North,12.7,,Clear,True,False,False,False,False,False,False,False,False,False,False,False,False,Day,32.0_-80.8
A-2728301,4,2017-11-10 14:26:23,2017-11-10 20:26:23,32.003243,-80.84486700000002,0.184,Tybee Island,Chatham,GA,31328-8923,US/Eastern,KHXD,2017-11-10 14:50:00,66.2,,43.0,30.15,10.0,North,12.7,,Clear,False,False,False,False,False,False,False,False,False,False,False,False,False,Day,32.0_-80.8
A-2779810,3,2019-04-18 03:04:56,2019-04-18 03:33:45,32.019597999999995,-80.85514599999998,0.12,Tybee Island,Chatham,GA,31328-9768,US/Eastern,KHXD,2019-04-18 02:55:00,68.0,68.0,83.0,30.03,10.0,SSE,6.0,0.0,Fair,False,False,False,False,False,False,False,False,False,False,False,False,False,Night,32.0_-80.8
