ID,Severity,Start_Time,End_Time,Start_Lat,Start_Lng,Distance(mi),City,County,State,Zipcode,Timezone,Airport_Code,Weather_Timestamp,Temperature(F),Wind_Chill(F),Humidity(%),Pressure(in),Visibility(mi),Wind_Direction,Wind_Speed(mph),Precipitation(in),Weather_Condition,Amenity,Bump,Crossing,Give_Way,Junction,No_Exit,Railway,Roundabout,Station,Stop,Traffic_Calming,Traffic_Signal,Turning_Loop,Sunrise_Sunset,DF_Matching
A-153396,4,2017-03-01 20:34:09,2017-03-02 02:34:09,32.414938,-84.01973000000002,5.332999999999998,Marshallville,Macon,GA,31057,US/Eastern,K6A1,2017-03-01 20:35:00,77.9,,71.0,29.93,10.0,SW,11.5,,,False,False,False,False,False,False,False,False,False,False,False,False,False,Night,32.4_-84.0
A-2491089,4,2019-09-11 13:10:56,2019-09-11 13:39:06,32.411982,-84.01979,2.028,Marshallville,Macon,GA,31057,US/Eastern,K6A1,2019-09-11 13:15:00,89.0,89.0,58.0,29.79,10.0,N,5.0,0.0,Partly Cloudy,False,False,False,False,False,False,False,False,False,False,False,False,False,Day,32.4_-84.0
A-2546552,4,2019-01-29 12:37:32,2019-01-29 13:06:56,32.423697,-84.013551,0.767,Marshallville,Macon,GA,31057,US/Eastern,K6A1,2019-01-29 12:35:00,47.0,43.0,93.0,29.55,10.0,WNW,8.0,0.0,Rain,False,False,False,False,False,False,False,False,False,False,False,False,False,Day,32.4_-84.0
A-2569737,4,2018-11-03 16:02:57,2018-11-03 16:32:24,32.486608000000004,-84.094995,0.373,Reynolds,Macon,GA,31076-6207,US/Eastern,K6A1,2018-11-03 15:55:00,66.0,,40.0,30.18,10.0,NE,3.5,,,False,False,False,False,False,False,False,False,False,False,False,False,False,Day,32.4_-84.0
A-2569738,4,2018-11-03 16:02:57,2018-11-03 16:32:24,32.491737,-84.097016,0.373,Reynolds,Macon,GA,31076-6209,US/Eastern,K6A1,2018-11-03 15:55:00,66.0,,40.0,30.18,10.0,NE,3.5,,,False,False,False,False,False,False,False,False,False,False,False,False,False,Day,32.4_-84.0
A-2659693,4,2018-05-29 12:48:31,2018-05-29 18:48:31,32.410315999999995,-84.01980999999998,0.79,Marshallville,Macon,GA,31057,US/Eastern,K6A1,2018-05-29 12:55:00,80.8,,75.0,29.83,10.0,South,9.2,,,False,False,False,False,False,False,False,False,False,False,False,False,False,Day,32.4_-84.0
A-2838393,4,2019-08-09 16:41:16,2019-08-09 17:09:03,32.411714,-84.01979,0.72,Marshallville,Macon,GA,31057,US/Eastern,K6A1,2019-08-09 16:35:00,92.0,92.0,55.0,29.45,10.0,NNW,6.0,0.0,Partly Cloudy,False,False,False,False,False,False,False,False,False,False,False,False,False,Day,32.4_-84.0
