ID,Severity,Start_Time,End_Time,Start_Lat,Start_Lng,Distance(mi),City,County,State,Zipcode,Timezone,Airport_Code,Weather_Timestamp,Temperature(F),Wind_Chill(F),Humidity(%),Pressure(in),Visibility(mi),Wind_Direction,Wind_Speed(mph),Precipitation(in),Weather_Condition,Amenity,Bump,Crossing,Give_Way,Junction,No_Exit,Railway,Roundabout,Station,Stop,Traffic_Calming,Traffic_Signal,Turning_Loop,Sunrise_Sunset,DF_Matching
A-2525281,3,2019-02-19 23:48:41,2019-02-20 00:18:06,34.34922,-84.598104,2.052,Waleska,Cherokee,GA,30183-2732,US/Eastern,KCNI,2019-02-19 23:55:00,,,,30.29,5.0,East,9.2,,Haze,False,False,False,False,False,False,False,False,False,False,False,False,False,Night,34.3_-84.5
A-2579045,2,2018-11-19 05:28:34,2018-11-19 05:58:12,34.31548,-84.55111,0.0,Waleska,Cherokee,GA,30183-3268,US/Eastern,KCNI,2018-11-19 05:35:00,37.4,,93.0,30.17,5.0,Calm,,,Clear,False,False,True,False,False,False,False,False,False,True,False,False,False,Night,34.3_-84.5
A-2635280,4,2018-07-19 17:32:04,2018-07-19 18:01:56,34.31902,-84.55582,0.061,Waleska,Cherokee,GA,30183-3278,US/Eastern,KCNI,2018-07-19 17:35:00,86.0,,55.0,30.0,10.0,ENE,4.6,,Clear,False,False,False,False,False,False,False,False,False,False,False,False,False,Day,34.3_-84.5
A-2788930,4,2019-05-09 19:56:01,2019-05-09 20:25:07,34.34922,-84.598104,3.299,Waleska,Cherokee,GA,30183-2732,US/Eastern,KCNI,2019-05-09 19:55:00,64.0,64.0,100.0,28.76,10.0,SE,3.0,0.0,Rain,False,False,False,False,False,False,False,False,False,False,False,False,False,Day,34.3_-84.5
A-2791315,4,2019-05-15 00:11:44,2019-05-15 00:40:38,34.346616999999995,-84.582071,0.178,Waleska,Cherokee,GA,30183,US/Eastern,KCNI,2019-05-15 00:15:00,54.0,54.0,77.0,28.74,10.0,CALM,0.0,0.0,Fair,False,False,False,False,False,False,False,False,False,False,False,False,False,Night,34.3_-84.5
A-2791316,4,2019-05-15 00:11:44,2019-05-15 00:40:38,34.345264,-84.579425,0.178,Waleska,Cherokee,GA,30183,US/Eastern,KCNI,2019-05-15 00:15:00,54.0,54.0,77.0,28.74,10.0,CALM,0.0,0.0,Fair,False,False,False,False,False,False,False,False,False,False,False,False,False,Night,34.3_-84.5
