ID,Severity,Start_Time,End_Time,Start_Lat,Start_Lng,Distance(mi),City,County,State,Zipcode,Timezone,Airport_Code,Weather_Timestamp,Temperature(F),Wind_Chill(F),Humidity(%),Pressure(in),Visibility(mi),Wind_Direction,Wind_Speed(mph),Precipitation(in),Weather_Condition,Amenity,Bump,Crossing,Give_Way,Junction,No_Exit,Railway,Roundabout,Station,Stop,Traffic_Calming,Traffic_Signal,Turning_Loop,Sunrise_Sunset,DF_Matching
A-59957,4,2016-09-14 10:10:10,2016-09-14 16:10:10,33.02009,-84.183523,0.677,Barnesville,Lamar,GA,30204,US/Eastern,KOPN,2016-09-14 10:15:00,73.4,,83.0,30.17,10.0,East,5.8,,Overcast,False,False,True,False,False,False,True,False,False,False,False,False,False,Day,33.0_-84.1
A-85520,3,2016-07-12 08:44:08,2016-07-12 14:44:08,33.074870000000004,-84.170243,0.033,Barnesville,Lamar,GA,30204-1938,US/Eastern,KOPN,2016-07-12 08:35:00,73.4,,88.0,30.17,10.0,WSW,3.5,,Mostly Cloudy,False,False,False,False,False,False,False,False,False,False,False,False,False,Day,33.0_-84.1
A-160103,2,2017-03-24 08:10:35,2017-03-24 14:10:35,33.037548,-84.153637,0.0,Barnesville,Lamar,GA,30204-3771,US/Eastern,KOPN,2017-03-24 08:15:00,53.6,,72.0,30.44,10.0,ESE,5.8,,Overcast,False,False,False,False,False,False,False,False,False,False,False,False,False,Day,33.0_-84.1
A-1858761,2,2020-11-18 20:49:00,2020-11-18 22:15:00,33.05425,-84.100633,0.108,Barnesville,Lamar,GA,30204-3545,US/Eastern,KOPN,2020-11-18 20:55:00,50.0,50.0,47.0,29.64,10.0,E,3.0,0.0,Fair,False,False,False,False,False,False,False,False,False,False,False,False,False,Night,33.0_-84.1
A-1893558,2,2020-11-18 20:49:00,2020-11-18 22:04:00,33.05425,-84.100633,0.108,Barnesville,Lamar,GA,30204-3545,US/Eastern,KOPN,2020-11-18 20:55:00,50.0,50.0,47.0,29.64,10.0,E,3.0,0.0,Fair,False,False,False,False,False,False,False,False,False,False,False,False,False,Night,33.0_-84.1
A-2086637,2,2020-06-02 16:48:00,2020-06-02 17:18:00,33.05457,-84.15539,0.0,Barnesville,Lamar,GA,30204,US/Eastern,KOPN,2020-06-02 16:55:00,86.0,86.0,43.0,29.28,10.0,CALM,0.0,0.0,Mostly Cloudy,False,False,True,False,False,False,False,False,False,False,False,True,False,Day,33.0_-84.1
A-2086654,2,2020-06-02 16:48:00,2020-06-02 17:47:57,33.05457,-84.15539,0.0,Barnesville,Lamar,GA,30204,US/Eastern,KOPN,2020-06-02 16:55:00,86.0,86.0,43.0,29.28,10.0,CALM,0.0,0.0,Mostly Cloudy,False,False,True,False,False,False,False,False,False,False,False,True,False,Day,33.0_-84.1
A-2288361,4,2020-03-04 11:15:01,2020-03-04 11:44:03,33.03223,-84.14737,0.1889999999999999,Barnesville,Lamar,GA,30204,US/Eastern,KOPN,2020-03-04 11:15:00,55.0,55.0,100.0,29.17,10.0,ENE,5.0,0.0,Rain,False,False,False,False,False,False,False,False,False,False,False,False,False,Day,33.0_-84.1
A-2758042,2,2017-09-29 17:56:35,2017-09-29 23:56:35,33.01766,-84.13251,0.0,Barnesville,Lamar,GA,30204-3778,US/Eastern,KOPN,2017-09-29 17:55:00,86.0,,43.0,29.98,10.0,NE,3.5,,Scattered Clouds,False,False,False,False,False,False,False,False,False,False,False,False,False,Day,33.0_-84.1
