ID,Severity,Start_Time,End_Time,Start_Lat,Start_Lng,Distance(mi),City,County,State,Zipcode,Timezone,Airport_Code,Weather_Timestamp,Temperature(F),Wind_Chill(F),Humidity(%),Pressure(in),Visibility(mi),Wind_Direction,Wind_Speed(mph),Precipitation(in),Weather_Condition,Amenity,Bump,Crossing,Give_Way,Junction,No_Exit,Railway,Roundabout,Station,Stop,Traffic_Calming,Traffic_Signal,Turning_Loop,Sunrise_Sunset,DF_Matching
A-1760685,2,2020-10-16 14:34:00,2020-10-16 18:00:00,32.67149000000001,-81.923367,0.16,Millen,Jenkins,GA,30442,US/Eastern,KJYL,2020-10-16 14:35:00,83.0,83.0,45.0,29.81,10.0,W,9.0,0.0,Fair,False,False,False,False,False,False,False,False,False,False,False,False,False,Day,32.6_-81.9
A-2644246,3,2018-06-15 07:38:14,2018-06-15 13:38:14,32.631196,-81.919423,0.098,Garfield,Jenkins,GA,30425-3911,US/Eastern,KTBR,2018-06-15 07:35:00,72.5,,94.0,30.01,10.0,WSW,3.5,,Clear,False,False,False,False,False,False,False,False,False,False,False,False,False,Day,32.6_-81.9
A-2644247,3,2018-06-15 07:38:14,2018-06-15 13:38:14,32.631783,-81.920025,0.092,Garfield,Jenkins,GA,30425-4708,US/Eastern,KTBR,2018-06-15 07:35:00,72.5,,94.0,30.01,10.0,WSW,3.5,,Clear,False,False,False,False,False,False,False,False,False,False,False,False,False,Day,32.6_-81.9
A-2792404,4,2019-05-16 19:23:58,2019-05-16 19:52:16,32.666427,-81.94126999999997,0.5720000000000001,Garfield,Jenkins,GA,30425-4704,US/Eastern,KTBR,2019-05-16 19:15:00,81.0,81.0,44.0,29.75,10.0,CALM,0.0,0.0,Fair,False,False,False,False,False,False,False,False,False,False,False,False,False,Day,32.6_-81.9
A-2792405,4,2019-05-16 19:23:58,2019-05-16 19:52:16,32.659202,-81.936599,0.529,Garfield,Jenkins,GA,30425-4703,US/Eastern,KTBR,2019-05-16 19:15:00,81.0,81.0,44.0,29.75,10.0,CALM,0.0,0.0,Fair,False,False,False,False,False,False,False,False,False,False,False,False,False,Day,32.6_-81.9
