ID,Severity,Start_Time,End_Time,Start_Lat,Start_Lng,Distance(mi),City,County,State,Zipcode,Timezone,Airport_Code,Weather_Timestamp,Temperature(F),Wind_Chill(F),Humidity(%),Pressure(in),Visibility(mi),Wind_Direction,Wind_Speed(mph),Precipitation(in),Weather_Condition,Amenity,Bump,Crossing,Give_Way,Junction,No_Exit,Railway,Roundabout,Station,Stop,Traffic_Calming,Traffic_Signal,Turning_Loop,Sunrise_Sunset,DF_Matching
A-178596,4,2017-04-26 08:38:03,2017-04-26 14:38:03,34.540909,-84.343788,1.5319999999999998,Jasper,Pickens,GA,30143-8001,US/Eastern,KCNI,2017-04-26 08:35:00,55.4,,94.0,29.87,10.0,Calm,,,Clear,False,False,False,False,False,False,False,False,False,False,False,False,False,Day,34.5_-84.3
A-178601,4,2017-04-26 08:38:03,2017-04-26 14:38:03,34.543303,-84.370552,1.5319999999999998,Jasper,Pickens,GA,30143,US/Eastern,KCNI,2017-04-26 08:35:00,55.4,,94.0,29.87,10.0,Calm,,,Clear,False,False,False,False,False,False,False,False,False,False,False,False,False,Day,34.5_-84.3
A-2458397,4,2019-11-14 07:36:35,2019-11-14 08:05:38,34.57442,-84.3033,0.6809999999999999,Ellijay,Dawson,GA,30536,US/Eastern,KDZJ,2019-11-14 07:35:00,25.0,25.0,96.0,28.52,10.0,ESE,3.0,0.0,Mostly Cloudy,False,False,False,False,False,False,False,False,False,False,False,False,False,Day,34.5_-84.3
A-2458398,4,2019-11-14 07:36:35,2019-11-14 08:05:38,34.58422,-84.30461,0.6809999999999999,Ellijay,Gilmer,GA,30536,US/Eastern,KDZJ,2019-11-14 07:35:00,25.0,25.0,96.0,28.52,10.0,ESE,3.0,0.0,Mostly Cloudy,False,False,False,False,False,False,False,False,False,False,False,False,False,Day,34.5_-84.3
A-2774903,4,2019-04-10 00:38:41,2019-04-10 01:05:44,34.534956,-84.37548699999998,0.969,Jasper,Pickens,GA,30143,US/Eastern,KCNI,2019-04-10 00:35:00,,,,28.53,10.0,CALM,0.0,0.0,Fair,False,False,False,False,False,False,False,False,False,False,False,False,False,Night,34.5_-84.3
