ID,Severity,Start_Time,End_Time,Start_Lat,Start_Lng,Distance(mi),City,County,State,Zipcode,Timezone,Airport_Code,Weather_Timestamp,Temperature(F),Wind_Chill(F),Humidity(%),Pressure(in),Visibility(mi),Wind_Direction,Wind_Speed(mph),Precipitation(in),Weather_Condition,Amenity,Bump,Crossing,Give_Way,Junction,No_Exit,Railway,Roundabout,Station,Stop,Traffic_Calming,Traffic_Signal,Turning_Loop,Sunrise_Sunset,DF_Matching
A-140663,3,2017-02-09 11:19:15,2017-02-09 17:19:15,33.00968,-83.53376,0.034,Gray,Jones,GA,31032,US/Eastern,KMLJ,2017-02-09 11:15:00,50.0,,54.0,30.13,10.0,NW,12.7,,Clear,False,False,True,False,False,False,True,False,False,False,False,True,False,Day,33.0_-83.5
A-141659,3,2017-02-13 10:08:23,2017-02-13 16:08:23,33.019559,-83.531272,1.411,Gray,Jones,GA,31032-5606,US/Eastern,KMLJ,2017-02-13 10:15:00,55.4,,47.0,30.19,10.0,North,3.5,,Clear,False,False,False,False,False,False,False,False,False,False,False,False,False,Day,33.0_-83.5
A-2675714,4,2018-03-12 09:51:23,2018-03-12 15:51:23,33.037187,-83.51555400000002,1.527,Gray,Jones,GA,31032-3030,US/Eastern,KMLJ,2018-03-12 09:55:00,46.4,39.5,93.0,29.81,10.0,WNW,17.3,,Overcast,False,False,False,False,False,False,False,False,False,False,False,False,False,Day,33.0_-83.5
A-2675715,4,2018-03-12 09:51:23,2018-03-12 15:51:23,33.055861,-83.501437,1.527,Gray,Jones,GA,31032-3409,US/Eastern,KMLJ,2018-03-12 09:55:00,46.4,39.5,93.0,29.81,10.0,WNW,17.3,,Overcast,False,False,False,False,False,False,False,False,False,False,False,False,False,Day,33.0_-83.5
A-2675720,4,2018-03-12 11:25:55,2018-03-12 17:25:55,33.037187,-83.51555400000002,1.527,Gray,Jones,GA,31032-3030,US/Eastern,KMLJ,2018-03-12 11:15:00,44.6,37.2,76.0,29.84,10.0,NW,17.3,,Overcast,False,False,False,False,False,False,False,False,False,False,False,False,False,Day,33.0_-83.5
A-2797217,4,2019-05-28 15:27:05,2019-05-28 15:55:46,33.002391,-83.550186,0.654,Gray,Jones,GA,31032,US/Eastern,KMLJ,2019-05-28 15:35:00,97.0,97.0,23.0,29.52,10.0,W,9.0,0.0,Fair,False,False,False,False,False,False,False,False,False,False,False,False,False,Day,33.0_-83.5
