ID,Severity,Start_Time,End_Time,Start_Lat,Start_Lng,Distance(mi),City,County,State,Zipcode,Timezone,Airport_Code,Weather_Timestamp,Temperature(F),Wind_Chill(F),Humidity(%),Pressure(in),Visibility(mi),Wind_Direction,Wind_Speed(mph),Precipitation(in),Weather_Condition,Amenity,Bump,Crossing,Give_Way,Junction,No_Exit,Railway,Roundabout,Station,Stop,Traffic_Calming,Traffic_Signal,Turning_Loop,Sunrise_Sunset,DF_Matching
A-159180,4,2017-03-21 10:48:48,2017-03-21 16:48:48,31.905427000000003,-82.564161,0.7,Hazlehurst,Jeff Davis,GA,31539-4805,US/Eastern,KAZE,2017-03-21 10:55:00,72.9,,66.0,30.11,10.0,West,4.6,,Clear,False,False,False,False,False,False,False,False,False,False,False,False,False,Day,31.9_-82.5
A-159181,4,2017-03-21 10:48:48,2017-03-21 16:48:48,31.902,-82.575396,0.7,Hazlehurst,Jeff Davis,GA,31539-4802,US/Eastern,KAZE,2017-03-21 10:55:00,72.9,,66.0,30.11,10.0,West,4.6,,Clear,False,False,False,False,False,False,False,False,False,False,False,False,False,Day,31.9_-82.5
A-2608686,4,2018-09-13 10:38:39,2018-09-13 11:08:22,31.977611,-82.513649,1.304,Uvalda,Montgomery,GA,30473,US/Eastern,KVDI,2018-09-13 10:35:00,84.2,,66.0,30.06,10.0,NNE,6.9,,Clear,False,False,False,False,False,False,False,False,False,False,False,False,False,Day,31.9_-82.5
A-2608687,4,2018-09-13 10:38:39,2018-09-13 11:08:22,31.996418,-82.511797,1.304,Uvalda,Montgomery,GA,30473-3320,US/Eastern,KVDI,2018-09-13 10:35:00,84.2,,66.0,30.06,10.0,NNE,6.9,,Clear,False,False,False,False,False,False,False,False,False,False,False,False,False,Day,31.9_-82.5
